// Generated by tools/generate-nixie-extension-assets.py. Do not edit.

constexpr uint8_t NIXIE_SPRITE_WIDTH = 96;
constexpr uint8_t NIXIE_SPRITE_HEIGHT = 147;
constexpr uint8_t NIXIE_SPRITE_COUNT = 11;

constexpr uint8_t NIXIE_PALETTE_0_SIZE = 13;
static constexpr uint16_t NIXIE_PALETTE_0[] = {
    0x0000, 0x1800, 0x3000, 0x4800, 0x5000, 0x7000, 0x7020, 0x8840,
    0x9860, 0xB120, 0xCA40, 0xE501, 0xEF61,
};
static constexpr uint8_t NIXIE_RLE_0[] = {
    0xFF, 0x00, 0x44, 0x00, 0x1A, 0x01, 0x42, 0x00, 0x0B, 0x01, 0x0E, 0x02, 0x0A, 0x01, 0x3A, 0x00,
    0x07, 0x01, 0x07, 0x02, 0x0D, 0x03, 0x07, 0x02, 0x07, 0x01, 0x35, 0x00, 0x05, 0x01, 0x04, 0x02,
    0x05, 0x03, 0x11, 0x04, 0x05, 0x03, 0x04, 0x02, 0x05, 0x01, 0x30, 0x00, 0x05, 0x01, 0x03, 0x02,
    0x03, 0x03, 0x1C, 0x04, 0x04, 0x03, 0x03, 0x02, 0x04, 0x01, 0x2C, 0x00, 0x04, 0x01, 0x03, 0x02,
    0x03, 0x03, 0x0D, 0x04, 0x02, 0x05, 0x05, 0x04, 0x02, 0x05, 0x0C, 0x04, 0x04, 0x03, 0x03, 0x02,
    0x03, 0x01, 0x29, 0x00, 0x03, 0x01, 0x03, 0x02, 0x03, 0x03, 0x06, 0x04, 0x01, 0x05, 0x04, 0x04,
    0x01, 0x05, 0x01, 0x04, 0x01, 0x05, 0x01, 0x04, 0x09, 0x05, 0x01, 0x04, 0x01, 0x05, 0x0D, 0x04,
    0x03, 0x03, 0x03, 0x02, 0x03, 0x01, 0x25, 0x00, 0x04, 0x01, 0x03, 0x02, 0x03, 0x03, 0x07, 0x04,
    0x02, 0x05, 0x01, 0x04, 0x05, 0x05, 0x0B, 0x06, 0x04, 0x05, 0x01, 0x04, 0x03, 0x05, 0x07, 0x04,
    0x03, 0x03, 0x03, 0x02, 0x03, 0x01, 0x24, 0x00, 0x02, 0x01, 0x03, 0x02, 0x03, 0x03, 0x08, 0x04,
    0x02, 0x05, 0x02, 0x06, 0x01, 0x05, 0x05, 0x06, 0x02, 0x07, 0x05, 0x06, 0x02, 0x07, 0x04, 0x06,
    0x06, 0x05, 0x07, 0x04, 0x04, 0x03, 0x02, 0x02, 0x03, 0x01, 0x21, 0x00, 0x03, 0x01, 0x03, 0x02,
    0x03, 0x03, 0x07, 0x04, 0x03, 0x05, 0x05, 0x06, 0x10, 0x07, 0x05, 0x06, 0x03, 0x05, 0x07, 0x04,
    0x04, 0x03, 0x02, 0x02, 0x03, 0x01, 0x1F, 0x00, 0x03, 0x01, 0x02, 0x02, 0x02, 0x03, 0x05, 0x04,
    0x01, 0x05, 0x02, 0x04, 0x03, 0x05, 0x03, 0x06, 0x06, 0x07, 0x03, 0x08, 0x01, 0x07, 0x08, 0x08,
    0x06, 0x07, 0x04, 0x06, 0x02, 0x05, 0x08, 0x04, 0x02, 0x03, 0x02, 0x02, 0x03, 0x01, 0x1D, 0x00,
    0x03, 0x01, 0x02, 0x02, 0x02, 0x03, 0x05, 0x04, 0x05, 0x05, 0x04, 0x06, 0x03, 0x07, 0x06, 0x08,
    0x09, 0x09, 0x06, 0x08, 0x04, 0x07, 0x03, 0x06, 0x04, 0x05, 0x06, 0x04, 0x01, 0x03, 0x02, 0x02,
    0x03, 0x01, 0x1B, 0x00, 0x03, 0x01, 0x02, 0x02, 0x02, 0x03, 0x06, 0x04, 0x03, 0x05, 0x03, 0x06,
    0x04, 0x07, 0x02, 0x08, 0x07, 0x09, 0x01, 0x0A, 0x01, 0x09, 0x02, 0x0A, 0x02, 0x09, 0x01, 0x0A,
    0x06, 0x09, 0x04, 0x08, 0x02, 0x07, 0x02, 0x06, 0x04, 0x05, 0x07, 0x04, 0x01, 0x03, 0x02, 0x02,
    0x03, 0x01, 0x19, 0x00, 0x03, 0x01, 0x02, 0x02, 0x02, 0x03, 0x06, 0x04, 0x03, 0x05, 0x01, 0x06,
    0x01, 0x07, 0x01, 0x06, 0x03, 0x07, 0x03, 0x08, 0x03, 0x09, 0x06, 0x0A, 0x05, 0x0B, 0x05, 0x0A,
    0x04, 0x09, 0x03, 0x08, 0x03, 0x07, 0x03, 0x06, 0x02, 0x05, 0x07, 0x04, 0x01, 0x03, 0x02, 0x02,
    0x03, 0x01, 0x17, 0x00, 0x03, 0x01, 0x02, 0x02, 0x02, 0x03, 0x05, 0x04, 0x03, 0x05, 0x02, 0x06,
    0x04, 0x07, 0x01, 0x08, 0x04, 0x09, 0x02, 0x0A, 0x03, 0x0B, 0x03, 0x0C, 0x01, 0x0B, 0x05, 0x0C,
    0x02, 0x0B, 0x02, 0x0C, 0x02, 0x0B, 0x02, 0x0A, 0x03, 0x09, 0x02, 0x08, 0x04, 0x07, 0x01, 0x06,
    0x04, 0x05, 0x06, 0x04, 0x01, 0x03, 0x02, 0x02, 0x03, 0x01, 0x15, 0x00, 0x03, 0x01, 0x02, 0x02,
    0x02, 0x03, 0x07, 0x04, 0x02, 0x05, 0x02, 0x06, 0x02, 0x07, 0x02, 0x08, 0x04, 0x09, 0x01, 0x0A,
    0x01, 0x0B, 0x07, 0x0C, 0x02, 0x0B, 0x03, 0x0C, 0x02, 0x0B, 0x06, 0x0C, 0x02, 0x0B, 0x01, 0x0A,
    0x03, 0x09, 0x03, 0x08, 0x01, 0x07, 0x02, 0x06, 0x03, 0x05, 0x06, 0x04, 0x02, 0x03, 0x02, 0x02,
    0x02, 0x01, 0x15, 0x00, 0x02, 0x01, 0x02, 0x02, 0x02, 0x03, 0x03, 0x04, 0x04, 0x05, 0x03, 0x06,
    0x02, 0x07, 0x02, 0x08, 0x03, 0x09, 0x03, 0x0A, 0x01, 0x0B, 0x05, 0x0C, 0x03, 0x0B, 0x02, 0x0A,
    0x06, 0x0B, 0x06, 0x0C, 0x01, 0x0B, 0x03, 0x0A, 0x03, 0x09, 0x02, 0x08, 0x03, 0x07, 0x02, 0x06,
    0x05, 0x05, 0x03, 0x04, 0x01, 0x03, 0x02, 0x02, 0x02, 0x01, 0x13, 0x00, 0x02, 0x01, 0x02, 0x02,
    0x02, 0x03, 0x02, 0x04, 0x01, 0x06, 0x01, 0x05, 0x01, 0x06, 0x02, 0x07, 0x05, 0x08, 0x03, 0x09,
    0x03, 0x0A, 0x01, 0x0B, 0x02, 0x0C, 0x01, 0x0B, 0x01, 0x0C, 0x02, 0x0B, 0x04, 0x0A, 0x01, 0x09,
    0x06, 0x0A, 0x01, 0x09, 0x03, 0x0A, 0x02, 0x0B, 0x01, 0x0C, 0x01, 0x0B, 0x01, 0x09, 0x01, 0x0A,
    0x01, 0x0C, 0x01, 0x0B, 0x03, 0x0A, 0x02, 0x09, 0x06, 0x08, 0x05, 0x07, 0x01, 0x06, 0x01, 0x04,
    0x02, 0x03, 0x02, 0x02, 0x02, 0x01, 0x11, 0x00, 0x03, 0x01, 0x01, 0x02, 0x02, 0x03, 0x05, 0x04,
    0x01, 0x05, 0x02, 0x06, 0x04, 0x07, 0x01, 0x08, 0x03, 0x09, 0x02, 0x0A, 0x01, 0x0B, 0x03, 0x0C,
    0x01, 0x0B, 0x03, 0x0A, 0x01, 0x09, 0x02, 0x0A, 0x04, 0x0B, 0x01, 0x0C, 0x01, 0x0B, 0x01, 0x0A,
    0x02, 0x0B, 0x08, 0x0A, 0x01, 0x0B, 0x03, 0x0C, 0x01, 0x0B, 0x02, 0x0A, 0x01, 0x09, 0x03, 0x08,
    0x03, 0x07, 0x03, 0x06, 0x01, 0x05, 0x03, 0x06, 0x01, 0x04, 0x02, 0x03, 0x01, 0x02, 0x03, 0x01,
    0x10, 0x00, 0x02, 0x01, 0x02, 0x02, 0x01, 0x03, 0x06, 0x04, 0x02, 0x05, 0x02, 0x06, 0x02, 0x07,
    0x01, 0x08, 0x03, 0x09, 0x01, 0x0A, 0x01, 0x0B, 0x03, 0x0C, 0x01, 0x0B, 0x05, 0x0A, 0x01, 0x0B,
    0x02, 0x0C, 0x01, 0x0B, 0x04, 0x0C, 0x02, 0x0A, 0x03, 0x0C, 0x03, 0x0B, 0x05, 0x0A, 0x01, 0x0B,
    0x03, 0x0C, 0x01, 0x0B, 0x02, 0x0A, 0x01, 0x09, 0x02, 0x08, 0x02, 0x07, 0x03, 0x06, 0x01, 0x05,
    0x02, 0x04, 0x01, 0x07, 0x01, 0x06, 0x02, 0x04, 0x01, 0x03, 0x02, 0x02, 0x02, 0x01, 0x0F, 0x00,
    0x02, 0x01, 0x02, 0x02, 0x01, 0x03, 0x06, 0x04, 0x02, 0x05, 0x01, 0x06, 0x03, 0x07, 0x02, 0x08,
    0x02, 0x09, 0x01, 0x0A, 0x01, 0x0B, 0x02, 0x0C, 0x01, 0x0B, 0x05, 0x0A, 0x02, 0x0B, 0x01, 0x0C,
    0x03, 0x0B, 0x03, 0x0C, 0x01, 0x0B, 0x01, 0x0A, 0x01, 0x0B, 0x03, 0x0C, 0x02, 0x0B, 0x01, 0x0C,
    0x06, 0x0A, 0x01, 0x0B, 0x03, 0x0C, 0x01, 0x0B, 0x02, 0x0A, 0x01, 0x09, 0x03, 0x08, 0x03, 0x07,
    0x01, 0x06, 0x02, 0x05, 0x01, 0x07, 0x01, 0x05, 0x03, 0x04, 0x01, 0x03, 0x02, 0x02, 0x02, 0x01,
    0x0E, 0x00, 0x02, 0x01, 0x01, 0x02, 0x01, 0x03, 0x06, 0x04, 0x02, 0x05, 0x02, 0x06, 0x01, 0x07,
    0x02, 0x08, 0x02, 0x09, 0x02, 0x0A, 0x01, 0x0B, 0x02, 0x0C, 0x04, 0x0A, 0x01, 0x0B, 0x01, 0x0C,
    0x01, 0x0B, 0x05, 0x0C, 0x04, 0x0B, 0x02, 0x0A, 0x02, 0x0B, 0x01, 0x0C, 0x02, 0x0B, 0x01, 0x0C,
    0x01, 0x0B, 0x01, 0x0A, 0x01, 0x0B, 0x01, 0x0C, 0x05, 0x0A, 0x01, 0x0B, 0x03, 0x0C, 0x01, 0x0A,
    0x03, 0x09, 0x01, 0x08, 0x03, 0x07, 0x01, 0x06, 0x01, 0x05, 0x01, 0x07, 0x01, 0x06, 0x02, 0x04,
    0x01, 0x05, 0x01, 0x04, 0x02, 0x03, 0x01, 0x02, 0x02, 0x01, 0x0D, 0x00, 0x02, 0x01, 0x02, 0x02,
    0x02, 0x03, 0x04, 0x04, 0x02, 0x05, 0x02, 0x06, 0x02, 0x07, 0x02, 0x08, 0x02, 0x09, 0x01, 0x0A,
    0x01, 0x0C, 0x02, 0x0B, 0x01, 0x0A, 0x01, 0x0B, 0x02, 0x0A, 0x01, 0x0B, 0x01, 0x0C, 0x02, 0x0B,
    0x04, 0x0C, 0x01, 0x0B, 0x01, 0x0A, 0x01, 0x09, 0x08, 0x0A, 0x02, 0x0B, 0x01, 0x0A, 0x01, 0x0B,
    0x02, 0x0C, 0x02, 0x0A, 0x01, 0x0B, 0x01, 0x0A, 0x01, 0x0B, 0x02, 0x0A, 0x02, 0x0C, 0x01, 0x0B,
    0x01, 0x0A, 0x03, 0x09, 0x01, 0x08, 0x05, 0x07, 0x01, 0x05, 0x02, 0x04, 0x01, 0x05, 0x02, 0x04,
    0x01, 0x03, 0x02, 0x02, 0x02, 0x01, 0x0C, 0x00, 0x02, 0x01, 0x01, 0x02, 0x02, 0x03, 0x05, 0x04,
    0x02, 0x05, 0x01, 0x06, 0x02, 0x07, 0x02, 0x08, 0x02, 0x09, 0x01, 0x0A, 0x01, 0x0B, 0x01, 0x0C,
    0x01, 0x0B, 0x01, 0x0A, 0x02, 0x0B, 0x01, 0x0A, 0x03, 0x0C, 0x01, 0x0B, 0x03, 0x0C, 0x01, 0x0B,
    0x03, 0x0A, 0x06, 0x09, 0x01, 0x0A, 0x02, 0x09, 0x03, 0x0A, 0x03, 0x0C, 0x02, 0x0A, 0x01, 0x0C,
    0x01, 0x0B, 0x01, 0x0A, 0x01, 0x0B, 0x02, 0x0A, 0x01, 0x0B, 0x02, 0x0C, 0x02, 0x0A, 0x02, 0x09,
    0x03, 0x07, 0x01, 0x08, 0x01, 0x07, 0x01, 0x05, 0x01, 0x04, 0x02, 0x05, 0x03, 0x04, 0x01, 0x03,
    0x01, 0x02, 0x02, 0x01, 0x0B, 0x00, 0x02, 0x01, 0x02, 0x02, 0x01, 0x03, 0x04, 0x04, 0x03, 0x05,
    0x01, 0x06, 0x02, 0x07, 0x02, 0x08, 0x02, 0x09, 0x01, 0x0A, 0x01, 0x0B, 0x01, 0x0C, 0x01, 0x0B,
    0x01, 0x0A, 0x01, 0x0B, 0x02, 0x0A, 0x03, 0x0C, 0x01, 0x0B, 0x02, 0x0C, 0x01, 0x0B, 0x02, 0x0A,
    0x0D, 0x09, 0x03, 0x0A, 0x01, 0x0B, 0x01, 0x0C, 0x01, 0x0A, 0x04, 0x0B, 0x01, 0x0A, 0x01, 0x0B,
    0x02, 0x0A, 0x03, 0x0C, 0x02, 0x0A, 0x01, 0x09, 0x03, 0x08, 0x02, 0x07, 0x01, 0x06, 0x01, 0x05,
    0x02, 0x06, 0x03, 0x04, 0x01, 0x03, 0x02, 0x02, 0x01, 0x01, 0x0B, 0x00, 0x02, 0x01, 0x01, 0x02,
    0x01, 0x03, 0x04, 0x04, 0x03, 0x05, 0x01, 0x06, 0x02, 0x07, 0x02, 0x08, 0x02, 0x09, 0x01, 0x0A,
    0x01, 0x0B, 0x01, 0x0C, 0x01, 0x0B, 0x01, 0x0A, 0x01, 0x0C, 0x02, 0x0A, 0x02, 0x0C, 0x01, 0x0B,
    0x01, 0x0C, 0x03, 0x0B, 0x02, 0x0A, 0x05, 0x09, 0x07, 0x08, 0x05, 0x09, 0x04, 0x0A, 0x01, 0x0B,
    0x02, 0x0C, 0x01, 0x0B, 0x01, 0x0A, 0x01, 0x0B, 0x02, 0x0A, 0x01, 0x0B, 0x01, 0x0C, 0x01, 0x0B,
    0x01, 0x0A, 0x04, 0x09, 0x02, 0x07, 0x03, 0x06, 0x01, 0x05, 0x04, 0x04, 0x01, 0x03, 0x01, 0x02,
    0x02, 0x01, 0x0A, 0x00, 0x02, 0x01, 0x01, 0x02, 0x01, 0x03, 0x04, 0x04, 0x02, 0x05, 0x02, 0x06,
    0x02, 0x07, 0x02, 0x08, 0x01, 0x09, 0x01, 0x0A, 0x01, 0x0B, 0x01, 0x0C, 0x01, 0x0B, 0x01, 0x0A,
    0x01, 0x0C, 0x01, 0x0B, 0x01, 0x0A, 0x06, 0x0C, 0x02, 0x0A, 0x04, 0x09, 0x0B, 0x08, 0x01, 0x09,
    0x01, 0x08, 0x03, 0x09, 0x03, 0x0A, 0x04, 0x0C, 0x01, 0x0B, 0x01, 0x0A, 0x02, 0x0B, 0x01, 0x0A,
    0x01, 0x0B, 0x01, 0x0C, 0x01, 0x0B, 0x01, 0x0A, 0x02, 0x09, 0x01, 0x08, 0x02, 0x07, 0x03, 0x06,
    0x02, 0x05, 0x03, 0x04, 0x01, 0x03, 0x01, 0x02, 0x02, 0x01, 0x09, 0x00, 0x02, 0x01, 0x01, 0x02,
    0x01, 0x03, 0x04, 0x04, 0x03, 0x05, 0x02, 0x06, 0x02, 0x07, 0x03, 0x09, 0x01, 0x0A, 0x02, 0x0C,
    0x01, 0x0A, 0x02, 0x0B, 0x01, 0x09, 0x05, 0x0C, 0x01, 0x0B, 0x01, 0x0A, 0x04, 0x09, 0x0F, 0x08,
    0x05, 0x09, 0x01, 0x0A, 0x01, 0x0B, 0x04, 0x0C, 0x01, 0x0B, 0x01, 0x0A, 0x02, 0x0B, 0x01, 0x0A,
    0x02, 0x0C, 0x01, 0x0B, 0x01, 0x0A, 0x01, 0x09, 0x02, 0x08, 0x03, 0x07, 0x01, 0x06, 0x03, 0x05,
    0x02, 0x04, 0x01, 0x03, 0x02, 0x02, 0x02, 0x01, 0x08, 0x00, 0x02, 0x01, 0x01, 0x02, 0x01, 0x03,
    0x03, 0x04, 0x02, 0x05, 0x03, 0x06, 0x02, 0x07, 0x01, 0x08, 0x03, 0x09, 0x01, 0x0B, 0x01, 0x0C,
    0x01, 0x0A, 0x01, 0x0B, 0x01, 0x0C, 0x01, 0x0A, 0x01, 0x0B, 0x04, 0x0C, 0x01, 0x0B, 0x02, 0x0A,
    0x03, 0x09, 0x12, 0x08, 0x04, 0x09, 0x01, 0x0A, 0x01, 0x0B, 0x04, 0x0C, 0x02, 0x0A, 0x01, 0x0C,
    0x01, 0x0B, 0x01, 0x0A, 0x02, 0x0C, 0x01, 0x0A, 0x02, 0x09, 0x01, 0x08, 0x03, 0x07, 0x01, 0x06,
    0x04, 0x05, 0x02, 0x04, 0x01, 0x03, 0x01, 0x02, 0x02, 0x01, 0x08, 0x00, 0x02, 0x01, 0x01, 0x02,
    0x01, 0x03, 0x03, 0x04, 0x03, 0x05, 0x01, 0x06, 0x02, 0x07, 0x01, 0x08, 0x02, 0x09, 0x01, 0x0A,
    0x02, 0x0B, 0x02, 0x0A, 0x02, 0x0B, 0x01, 0x0A, 0x04, 0x0C, 0x01, 0x0B, 0x02, 0x0A, 0x03, 0x09,
    0x08, 0x08, 0x05, 0x07, 0x08, 0x08, 0x03, 0x09, 0x01, 0x0A, 0x01, 0x0B, 0x04, 0x0C, 0x01, 0x0A,
    0x01, 0x0B, 0x01, 0x0C, 0x02, 0x0A, 0x01, 0x0C, 0x01, 0x0B, 0x02, 0x0A, 0x01, 0x09, 0x02, 0x08,
    0x01, 0x07, 0x01, 0x06, 0x04, 0x05, 0x02, 0x04, 0x01, 0x03, 0x01, 0x02, 0x02, 0x01, 0x08, 0x00,
    0x02, 0x01, 0x01, 0x02, 0x04, 0x04, 0x03, 0x05, 0x01, 0x06, 0x01, 0x07, 0x02, 0x08, 0x02, 0x09,
    0x01, 0x0A, 0x02, 0x0B, 0x01, 0x0A, 0x02, 0x0C, 0x01, 0x0A, 0x02, 0x0B, 0x03, 0x0C, 0x02, 0x0A,
    0x02, 0x09, 0x0A, 0x08, 0x05, 0x07, 0x09, 0x08, 0x02, 0x09, 0x02, 0x0A, 0x01, 0x0B, 0x03, 0x0C,
    0x01, 0x0B, 0x01, 0x0A, 0x02, 0x0C, 0x01, 0x0A, 0x01, 0x0B, 0x01, 0x0C, 0x02, 0x0A, 0x02, 0x09,
    0x01, 0x08, 0x02, 0x07, 0x01, 0x06, 0x03, 0x05, 0x03, 0x04, 0x01, 0x02, 0x02, 0x01, 0x07, 0x00,
    0x02, 0x01, 0x01, 0x02, 0x01, 0x03, 0x04, 0x04, 0x01, 0x05, 0x03, 0x06, 0x01, 0x07, 0x01, 0x08,
    0x02, 0x09, 0x01, 0x0A, 0x02, 0x0B, 0x01, 0x0A, 0x01, 0x0B, 0x01, 0x0C, 0x01, 0x0B, 0x01, 0x0A,
    0x01, 0x0C, 0x01, 0x0B, 0x02, 0x0C, 0x01, 0x0A, 0x03, 0x09, 0x05, 0x08, 0x02, 0x07, 0x01, 0x08,
    0x01, 0x07, 0x02, 0x08, 0x04, 0x07, 0x03, 0x08, 0x03, 0x07, 0x05, 0x08, 0x02, 0x09, 0x02, 0x0A,
    0x01, 0x0B, 0x02, 0x0C, 0x01, 0x0B, 0x01, 0x0A, 0x01, 0x0B, 0x01, 0x0C, 0x01, 0x0B, 0x01, 0x0A,
    0x01, 0x0C, 0x01, 0x0B, 0x01, 0x0A, 0x03, 0x09, 0x02, 0x07, 0x02, 0x06, 0x02, 0x05, 0x03, 0x04,
    0x02, 0x02, 0x01, 0x01, 0x07, 0x00, 0x02, 0x01, 0x01, 0x02, 0x01, 0x03, 0x03, 0x04, 0x02, 0x05,
    0x01, 0x06, 0x03, 0x07, 0x01, 0x08, 0x01, 0x09, 0x01, 0x0A, 0x02, 0x0B, 0x02, 0x0A, 0x02, 0x0C,
    0x01, 0x0A, 0x01, 0x0B, 0x02, 0x0C, 0x02, 0x0B, 0x01, 0x0A, 0x03, 0x09, 0x03, 0x08, 0x04, 0x07,
    0x01, 0x08, 0x01, 0x07, 0x02, 0x08, 0x05, 0x07, 0x01, 0x08, 0x05, 0x07, 0x05, 0x08, 0x02, 0x09,
    0x02, 0x0A, 0x01, 0x0C, 0x01, 0x0B, 0x01, 0x0C, 0x01, 0x0B, 0x01, 0x0A, 0x02, 0x0C, 0x01, 0x0A,
    0x01, 0x0B, 0x01, 0x0C, 0x03, 0x0A, 0x01, 0x09, 0x01, 0x08, 0x02, 0x07, 0x01, 0x06, 0x02, 0x05,
    0x03, 0x04, 0x01, 0x03, 0x01, 0x02, 0x02, 0x01, 0x06, 0x00, 0x02, 0x01, 0x01, 0x02, 0x01, 0x03,
    0x03, 0x04, 0x01, 0x05, 0x02, 0x06, 0x02, 0x07, 0x01, 0x08, 0x02, 0x09, 0x01, 0x0A, 0x02, 0x0B,
    0x01, 0x0A, 0x01, 0x0B, 0x01, 0x0C, 0x01, 0x0B, 0x01, 0x0A, 0x03, 0x0C, 0x01, 0x0A, 0x03, 0x09,
    0x05, 0x08, 0x06, 0x07, 0x02, 0x08, 0x05, 0x07, 0x01, 0x08, 0x06, 0x07, 0x05, 0x08, 0x02, 0x09,
    0x02, 0x0A, 0x01, 0x0B, 0x02, 0x0C, 0x01, 0x0A, 0x01, 0x0B, 0x01, 0x0C, 0x01, 0x0B, 0x01, 0x0A,
    0x02, 0x0C, 0x02, 0x0A, 0x01, 0x09, 0x01, 0x08, 0x03, 0x07, 0x02, 0x05, 0x03, 0x04, 0x01, 0x03,
    0x01, 0x02, 0x02, 0x01, 0x06, 0x00, 0x02, 0x01, 0x01, 0x02, 0x01, 0x03, 0x02, 0x04, 0x02, 0x05,
    0x02, 0x06, 0x01, 0x07, 0x02, 0x08, 0x02, 0x09, 0x03, 0x0B, 0x01, 0x0A, 0x02, 0x0C, 0x01, 0x0A,
    0x01, 0x0B, 0x02, 0x0C, 0x01, 0x0B, 0x01, 0x0A, 0x02, 0x09, 0x05, 0x08, 0x08, 0x07, 0x01, 0x08,
    0x05, 0x07, 0x01, 0x08, 0x08, 0x07, 0x04, 0x08, 0x03, 0x09, 0x01, 0x0B, 0x02, 0x0C, 0x01, 0x0A,
    0x01, 0x0B, 0x02, 0x0C, 0x01, 0x0A, 0x01, 0x0B, 0x01, 0x0C, 0x02, 0x0A, 0x01, 0x09, 0x02, 0x08,
    0x02, 0x07, 0x01, 0x06, 0x02, 0x05, 0x02, 0x04, 0x01, 0x03, 0x01, 0x02, 0x02, 0x01, 0x06, 0x00,
    0x02, 0x01, 0x01, 0x02, 0x03, 0x04, 0x02, 0x05, 0x01, 0x06, 0x02, 0x07, 0x01, 0x08, 0x02, 0x09,
    0x01, 0x0A, 0x02, 0x0C, 0x01, 0x0A, 0x01, 0x0B, 0x02, 0x0C, 0x01, 0x0A, 0x01, 0x0B, 0x02, 0x0C,
    0x01, 0x0A, 0x03, 0x09, 0x05, 0x08, 0x17, 0x07, 0x04, 0x08, 0x02, 0x09, 0x02, 0x0A, 0x01, 0x0B,
    0x01, 0x0C, 0x01, 0x0B, 0x01, 0x0A, 0x02, 0x0C, 0x01, 0x0B, 0x01, 0x0A, 0x01, 0x0B, 0x01, 0x0C,
    0x02, 0x0A, 0x01, 0x09, 0x02, 0x08, 0x01, 0x07, 0x02, 0x06, 0x01, 0x05, 0x03, 0x04, 0x01, 0x02,
    0x02, 0x01, 0x06, 0x00, 0x01, 0x01, 0x02, 0x02, 0x03, 0x04, 0x02, 0x05, 0x01, 0x06, 0x02, 0x07,
    0x01, 0x08, 0x01, 0x09, 0x01, 0x0A, 0x01, 0x0B, 0x02, 0x0C, 0x01, 0x0A, 0x01, 0x0B, 0x01, 0x0C,
    0x01, 0x0B, 0x01, 0x0A, 0x02, 0x0C, 0x01, 0x0B, 0x03, 0x09, 0x04, 0x08, 0x07, 0x07, 0x01, 0x06,
    0x03, 0x07, 0x01, 0x05, 0x02, 0x06, 0x01, 0x05, 0x0B, 0x07, 0x04, 0x08, 0x02, 0x09, 0x02, 0x0A,
    0x01, 0x0C, 0x01, 0x0B, 0x01, 0x0A, 0x03, 0x0C, 0x01, 0x0A, 0x01, 0x0B, 0x01, 0x0C, 0x01, 0x0B,
    0x01, 0x0A, 0x02, 0x09, 0x01, 0x08, 0x02, 0x07, 0x01, 0x06, 0x02, 0x05, 0x02, 0x04, 0x02, 0x02,
    0x01, 0x01, 0x06, 0x00, 0x01, 0x01, 0x01, 0x02, 0x01, 0x03, 0x02, 0x04, 0x02, 0x05, 0x01, 0x06,
    0x02, 0x07, 0x01, 0x08, 0x02, 0x09, 0x01, 0x0A, 0x01, 0x0B, 0x01, 0x0C, 0x01, 0x0B, 0x01, 0x0A,
    0x01, 0x0B, 0x01, 0x0C, 0x01, 0x0B, 0x01, 0x0A, 0x02, 0x0C, 0x01, 0x0A, 0x03, 0x09, 0x03, 0x08,
    0x07, 0x07, 0x01, 0x05, 0x01, 0x06, 0x03, 0x07, 0x04, 0x05, 0x0C, 0x07, 0x04, 0x08, 0x01, 0x09,
    0x02, 0x0A, 0x01, 0x0B, 0x01, 0x0C, 0x01, 0x0A, 0x01, 0x0B, 0x02, 0x0C, 0x01, 0x0A, 0x01, 0x0B,
    0x02, 0x0C, 0x01, 0x0A, 0x02, 0x09, 0x01, 0x08, 0x02, 0x07, 0x01, 0x06, 0x03, 0x05, 0x01, 0x04,
    0x01, 0x03, 0x01, 0x02, 0x01, 0x01, 0x05, 0x00, 0x02, 0x01, 0x01, 0x02, 0x01, 0x03, 0x01, 0x04,
    0x02, 0x05, 0x02, 0x06, 0x02, 0x07, 0x01, 0x08, 0x02, 0x09, 0x01, 0x0B, 0x02, 0x0C, 0x01, 0x0A,
    0x01, 0x0B, 0x01, 0x0C, 0x02, 0x0B, 0x01, 0x0A, 0x01, 0x0B, 0x01, 0x0A, 0x03, 0x09, 0x03, 0x08,
    0x09, 0x07, 0x01, 0x06, 0x08, 0x05, 0x02, 0x07, 0x03, 0x06, 0x07, 0x07, 0x03, 0x08, 0x02, 0x09,
    0x02, 0x0A, 0x01, 0x0B, 0x01, 0x0A, 0x01, 0x0B, 0x01, 0x0C, 0x01, 0x0B, 0x02, 0x0A, 0x02, 0x0C,
    0x01, 0x0B, 0x01, 0x0A, 0x01, 0x09, 0x01, 0x08, 0x03, 0x07, 0x01, 0x06, 0x02, 0x05, 0x01, 0x04,
    0x01, 0x03, 0x01, 0x02, 0x02, 0x01, 0x04, 0x00, 0x02, 0x01, 0x01, 0x02, 0x01, 0x03, 0x01, 0x04,
    0x02, 0x05, 0x02, 0x06, 0x01, 0x07, 0x02, 0x08, 0x01, 0x09, 0x01, 0x0A, 0x01, 0x0B, 0x02, 0x0C,
    0x01, 0x0A, 0x01, 0x0B, 0x01, 0x0C, 0x01, 0x0B, 0x02, 0x0A, 0x01, 0x0B, 0x01, 0x0A, 0x03, 0x09,
    0x02, 0x08, 0x07, 0x07, 0x01, 0x06, 0x05, 0x05, 0x05, 0x04, 0x03, 0x05, 0x01, 0x06, 0x04, 0x05,
    0x06, 0x07, 0x02, 0x08, 0x04, 0x09, 0x01, 0x0B, 0x01, 0x0A, 0x01, 0x0B, 0x02, 0x0C, 0x01, 0x0B,
    0x01, 0x0A, 0x02, 0x0C, 0x01, 0x0B, 0x01, 0x0A, 0x02, 0x09, 0x01, 0x08, 0x02, 0x07, 0x02, 0x06,
    0x01, 0x05, 0x01, 0x04, 0x01, 0x03, 0x01, 0x02, 0x02, 0x01, 0x04, 0x00, 0x02, 0x01, 0x01, 0x02,
    0x01, 0x03, 0x01, 0x04, 0x02, 0x05, 0x02, 0x06, 0x01, 0x07, 0x02, 0x08, 0x01, 0x09, 0x01, 0x0A,
    0x03, 0x0C, 0x01, 0x0A, 0x01, 0x0C, 0x01, 0x0B, 0x01, 0x0C, 0x01, 0x0A, 0x02, 0x0B, 0x01, 0x0A,
    0x01, 0x09, 0x03, 0x08, 0x07, 0x07, 0x05, 0x05, 0x04, 0x04, 0x01, 0x03, 0x04, 0x04, 0x07, 0x05,
    0x06, 0x07, 0x01, 0x08, 0x01, 0x09, 0x01, 0x08, 0x01, 0x09, 0x03, 0x0A, 0x01, 0x0B, 0x02, 0x0C,
    0x01, 0x0B, 0x01, 0x0A, 0x01, 0x0B, 0x02, 0x0C, 0x01, 0x0A, 0x02, 0x09, 0x01, 0x08, 0x01, 0x07,
    0x03, 0x06, 0x01, 0x05, 0x01, 0x04, 0x01, 0x03, 0x01, 0x02, 0x02, 0x01, 0x04, 0x00, 0x02, 0x01,
    0x01, 0x02, 0x01, 0x03, 0x03, 0x05, 0x01, 0x06, 0x02, 0x07, 0x02, 0x08, 0x01, 0x09, 0x01, 0x0B,
    0x02, 0x0C, 0x01, 0x0B, 0x01, 0x0A, 0x02, 0x0B, 0x01, 0x0C, 0x03, 0x0A, 0x02, 0x09, 0x03, 0x08,
    0x06, 0x07, 0x05, 0x05, 0x02, 0x04, 0x08, 0x03, 0x02, 0x04, 0x06, 0x05, 0x04, 0x07, 0x04, 0x08,
    0x02, 0x09, 0x02, 0x0A, 0x01, 0x0B, 0x03, 0x0C, 0x01, 0x0A, 0x01, 0x0B, 0x02, 0x0C, 0x01, 0x0B,
    0x01, 0x0A, 0x01, 0x09, 0x02, 0x08, 0x01, 0x07, 0x02, 0x06, 0x01, 0x05, 0x01, 0x04, 0x01, 0x03,
    0x01, 0x02, 0x02, 0x01, 0x04, 0x00, 0x02, 0x01, 0x01, 0x02, 0x01, 0x03, 0x01, 0x04, 0x02, 0x05,
    0x01, 0x06, 0x01, 0x07, 0x01, 0x08, 0x03, 0x09, 0x01, 0x0B, 0x02, 0x0C, 0x01, 0x0B, 0x01, 0x0A,
    0x01, 0x0B, 0x02, 0x0C, 0x03, 0x0A, 0x02, 0x09, 0x02, 0x08, 0x06, 0x07, 0x05, 0x05, 0x02, 0x04,
    0x01, 0x03, 0x07, 0x02, 0x02, 0x03, 0x02, 0x04, 0x05, 0x05, 0x04, 0x07, 0x04, 0x08, 0x02, 0x09,
    0x02, 0x0A, 0x01, 0x0B, 0x03, 0x0C, 0x02, 0x0A, 0x02, 0x0C, 0x01, 0x0B, 0x01, 0x0A, 0x01, 0x09,
    0x02, 0x08, 0x01, 0x07, 0x02, 0x06, 0x01, 0x05, 0x02, 0x04, 0x01, 0x02, 0x02, 0x01, 0x04, 0x00,
    0x02, 0x01, 0x01, 0x02, 0x02, 0x04, 0x01, 0x05, 0x02, 0x06, 0x01, 0x07, 0x01, 0x08, 0x03, 0x09,
    0x03, 0x0B, 0x02, 0x0A, 0x01, 0x0B, 0x02, 0x0C, 0x03, 0x0A, 0x01, 0x09, 0x04, 0x08, 0x05, 0x07,
    0x04, 0x05, 0x01, 0x04, 0x02, 0x03, 0x03, 0x02, 0x04, 0x01, 0x03, 0x02, 0x01, 0x03, 0x02, 0x04,
    0x05, 0x05, 0x02, 0x07, 0x02, 0x08, 0x01, 0x07, 0x03, 0x08, 0x02, 0x09, 0x01, 0x0A, 0x01, 0x0B,
    0x03, 0x0C, 0x01, 0x0B, 0x01, 0x0A, 0x02, 0x0C, 0x01, 0x0B, 0x01, 0x0A, 0x01, 0x09, 0x02, 0x08,
    0x02, 0x07, 0x01, 0x06, 0x01, 0x05, 0x02, 0x04, 0x01, 0x02, 0x02, 0x01, 0x04, 0x00, 0x02, 0x01,
    0x01, 0x02, 0x02, 0x04, 0x01, 0x05, 0x02, 0x06, 0x01, 0x07, 0x01, 0x08, 0x02, 0x09, 0x01, 0x0A,
    0x03, 0x0C, 0x01, 0x0A, 0x02, 0x0B, 0x02, 0x0C, 0x02, 0x0A, 0x02, 0x09, 0x02, 0x08, 0x04, 0x07,
    0x01, 0x06, 0x05, 0x05, 0x02, 0x04, 0x01, 0x03, 0x02, 0x02, 0x08, 0x01, 0x02, 0x02, 0x01, 0x03,
    0x02, 0x04, 0x03, 0x05, 0x01, 0x06, 0x01, 0x05, 0x05, 0x07, 0x02, 0x08, 0x02, 0x09, 0x02, 0x0A,
    0x03, 0x0C, 0x02, 0x0A, 0x03, 0x0C, 0x01, 0x0B, 0x02, 0x09, 0x01, 0x08, 0x02, 0x07, 0x02, 0x06,
    0x01, 0x05, 0x01, 0x04, 0x01, 0x02, 0x02, 0x01, 0x04, 0x00, 0x02, 0x01, 0x01, 0x02, 0x01, 0x04,
    0x02, 0x05, 0x02, 0x06, 0x01, 0x07, 0x01, 0x08, 0x02, 0x09, 0x01, 0x0B, 0x03, 0x0C, 0x01, 0x0A,
    0x03, 0x0B, 0x01, 0x0C, 0x02, 0x0A, 0x01, 0x09, 0x03, 0x08, 0x03, 0x07, 0x01, 0x06, 0x05, 0x05,
    0x01, 0x04, 0x02, 0x03, 0x02, 0x02, 0x04, 0x01, 0x02, 0x00, 0x04, 0x01, 0x02, 0x02, 0x01, 0x03,
    0x02, 0x04, 0x03, 0x05, 0x01, 0x06, 0x01, 0x08, 0x01, 0x07, 0x01, 0x06, 0x03, 0x07, 0x02, 0x08,
    0x02, 0x09, 0x01, 0x0A, 0x03, 0x0C, 0x02, 0x0A, 0x03, 0x0C, 0x01, 0x0B, 0x01, 0x0A, 0x01, 0x09,
    0x02, 0x08, 0x01, 0x07, 0x02, 0x06, 0x01, 0x05, 0x01, 0x04, 0x02, 0x02, 0x01, 0x01, 0x04, 0x00,
    0x01, 0x01, 0x02, 0x02, 0x01, 0x04, 0x01, 0x05, 0x02, 0x06, 0x02, 0x07, 0x01, 0x08, 0x02, 0x09,
    0x01, 0x0B, 0x03, 0x0C, 0x01, 0x0A, 0x01, 0x0B, 0x01, 0x0C, 0x02, 0x0B, 0x01, 0x0A, 0x02, 0x09,
    0x03, 0x08, 0x02, 0x07, 0x01, 0x06, 0x05, 0x05, 0x02, 0x04, 0x01, 0x03, 0x02, 0x02, 0x03, 0x01,
    0x06, 0x00, 0x03, 0x01, 0x02, 0x02, 0x01, 0x03, 0x02, 0x04, 0x01, 0x05, 0x01, 0x06, 0x02, 0x07,
    0x02, 0x05, 0x03, 0x07, 0x02, 0x08, 0x02, 0x09, 0x01, 0x0A, 0x01, 0x0B, 0x01, 0x0C, 0x02, 0x0B,
    0x01, 0x0A, 0x04, 0x0C, 0x01, 0x0A, 0x01, 0x09, 0x02, 0x08, 0x01, 0x07, 0x02, 0x06, 0x01, 0x05,
    0x01, 0x04, 0x02, 0x02, 0x01, 0x01, 0x04, 0x00, 0x01, 0x01, 0x01, 0x02, 0x01, 0x03, 0x01, 0x04,
    0x01, 0x05, 0x02, 0x06, 0x01, 0x07, 0x02, 0x08, 0x01, 0x09, 0x01, 0x0A, 0x04, 0x0C, 0x01, 0x0A,
    0x01, 0x0B, 0x02, 0x0C, 0x02, 0x0A, 0x01, 0x09, 0x03, 0x08, 0x03, 0x07, 0x06, 0x05, 0x01, 0x04,
    0x01, 0x03, 0x02, 0x02, 0x03, 0x01, 0x08, 0x00, 0x03, 0x01, 0x02, 0x02, 0x01, 0x03, 0x01, 0x04,
    0x01, 0x05, 0x01, 0x06, 0x01, 0x07, 0x02, 0x05, 0x01, 0x06, 0x03, 0x07, 0x03, 0x08, 0x02, 0x09,
    0x01, 0x0A, 0x01, 0x0B, 0x01, 0x0C, 0x01, 0x0B, 0x01, 0x0A, 0x04, 0x0C, 0x01, 0x0A, 0x02, 0x09,
    0x01, 0x08, 0x02, 0x07, 0x01, 0x06, 0x01, 0x05, 0x01, 0x04, 0x01, 0x03, 0x01, 0x02, 0x01, 0x01,
    0x04, 0x00, 0x01, 0x01, 0x02, 0x02, 0x01, 0x04, 0x01, 0x05, 0x02, 0x06, 0x01, 0x07, 0x02, 0x08,
    0x01, 0x09, 0x01, 0x0A, 0x04, 0x0C, 0x01, 0x0A, 0x01, 0x0B, 0x02, 0x0C, 0x02, 0x0A, 0x01, 0x09,
    0x02, 0x08, 0x03, 0x07, 0x01, 0x06, 0x05, 0x05, 0x02, 0x04, 0x01, 0x03, 0x01, 0x02, 0x03, 0x01,
    0x0A, 0x00, 0x03, 0x01, 0x01, 0x02, 0x01, 0x03, 0x02, 0x04, 0x05, 0x05, 0x01, 0x06, 0x03, 0x07,
    0x02, 0x08, 0x02, 0x09, 0x01, 0x0A, 0x03, 0x0B, 0x01, 0x0A, 0x04, 0x0C, 0x01, 0x0B, 0x01, 0x0A,
    0x01, 0x09, 0x01, 0x08, 0x02, 0x07, 0x01, 0x06, 0x01, 0x05, 0x01, 0x04, 0x01, 0x03, 0x01, 0x02,
    0x01, 0x01, 0x04, 0x00, 0x01, 0x01, 0x01, 0x02, 0x01, 0x03, 0x01, 0x04, 0x02, 0x06, 0x02, 0x07,
    0x01, 0x08, 0x02, 0x09, 0x01, 0x0B, 0x04, 0x0C, 0x01, 0x0A, 0x01, 0x0B, 0x01, 0x0C, 0x01, 0x0B,
    0x02, 0x0A, 0x01, 0x09, 0x02, 0x08, 0x03, 0x07, 0x01, 0x06, 0x04, 0x05, 0x02, 0x04, 0x01, 0x03,
    0x02, 0x02, 0x02, 0x01, 0x0C, 0x00, 0x02, 0x01, 0x02, 0x02, 0x01, 0x03, 0x01, 0x04, 0x05, 0x05,
    0x01, 0x06, 0x04, 0x07, 0x01, 0x08, 0x01, 0x09, 0x02, 0x0A, 0x02, 0x0B, 0x01, 0x0A, 0x01, 0x0B,
    0x04, 0x0C, 0x01, 0x0B, 0x01, 0x0A, 0x01, 0x09, 0x01, 0x08, 0x02, 0x07, 0x01, 0x06, 0x01, 0x05,
    0x01, 0x04, 0x01, 0x03, 0x01, 0x02, 0x01, 0x01, 0x04, 0x00, 0x01, 0x01, 0x01, 0x02, 0x01, 0x03,
    0x01, 0x04, 0x02, 0x06, 0x02, 0x07, 0x01, 0x08, 0x02, 0x09, 0x01, 0x0A, 0x04, 0x0C, 0x01, 0x0A,
    0x01, 0x0B, 0x01, 0x0C, 0x02, 0x0A, 0x02, 0x09, 0x01, 0x08, 0x04, 0x07, 0x01, 0x06, 0x04, 0x05,
    0x01, 0x04, 0x01, 0x03, 0x02, 0x02, 0x02, 0x01, 0x0D, 0x00, 0x03, 0x01, 0x01, 0x02, 0x02, 0x03,
    0x01, 0x04, 0x05, 0x05, 0x01, 0x06, 0x03, 0x07, 0x02, 0x08, 0x01, 0x09, 0x01, 0x0A, 0x01, 0x0B,
    0x01, 0x0C, 0x01, 0x0A, 0x01, 0x0B, 0x04, 0x0C, 0x01, 0x0B, 0x03, 0x09, 0x02, 0x07, 0x02, 0x06,
    0x01, 0x04, 0x01, 0x03, 0x01, 0x02, 0x01, 0x01, 0x04, 0x00, 0x01, 0x01, 0x01, 0x02, 0x01, 0x03,
    0x01, 0x04, 0x02, 0x06, 0x02, 0x07, 0x01, 0x08, 0x01, 0x09, 0x01, 0x0A, 0x01, 0x0B, 0x04, 0x0C,
    0x04, 0x0B, 0x01, 0x0A, 0x01, 0x09, 0x02, 0x08, 0x03, 0x07, 0x02, 0x06, 0x03, 0x05, 0x02, 0x04,
    0x01, 0x03, 0x02, 0x02, 0x02, 0x01, 0x0E, 0x00, 0x02, 0x01, 0x02, 0x02, 0x01, 0x03, 0x01, 0x04,
    0x05, 0x05, 0x04, 0x07, 0x02, 0x08, 0x02, 0x09, 0x01, 0x0A, 0x01, 0x0C, 0x01, 0x0A, 0x01, 0x0B,
    0x04, 0x0C, 0x01, 0x0B, 0x01, 0x0A, 0x02, 0x09, 0x02, 0x07, 0x02, 0x06, 0x01, 0x04, 0x01, 0x03,
    0x01, 0x02, 0x01, 0x01, 0x04, 0x00, 0x01, 0x01, 0x01, 0x02, 0x01, 0x03, 0x01, 0x04, 0x02, 0x06,
    0x02, 0x07, 0x02, 0x09, 0x01, 0x0A, 0x05, 0x0B, 0x01, 0x0C, 0x02, 0x0B, 0x01, 0x0A, 0x02, 0x09,
    0x02, 0x08, 0x03, 0x07, 0x01, 0x06, 0x01, 0x07, 0x03, 0x05, 0x02, 0x04, 0x02, 0x02, 0x02, 0x01,
    0x0F, 0x00, 0x03, 0x01, 0x01, 0x02, 0x02, 0x03, 0x01, 0x04, 0x04, 0x05, 0x01, 0x06, 0x03, 0x07,
    0x02, 0x08, 0x02, 0x09, 0x01, 0x0A, 0x01, 0x0B, 0x01, 0x0A, 0x06, 0x0B, 0x01, 0x0A, 0x02, 0x09,
    0x01, 0x08, 0x01, 0x07, 0x02, 0x06, 0x01, 0x04, 0x01, 0x03, 0x01, 0x02, 0x01, 0x01, 0x04, 0x00,
    0x01, 0x01, 0x01, 0x02, 0x01, 0x03, 0x01, 0x04, 0x02, 0x06, 0x02, 0x07, 0x02, 0x09, 0x01, 0x0A,
    0x02, 0x0B, 0x05, 0x0C, 0x01, 0x0B, 0x01, 0x0A, 0x02, 0x09, 0x01, 0x08, 0x03, 0x07, 0x01, 0x06,
    0x01, 0x05, 0x01, 0x06, 0x03, 0x05, 0x01, 0x04, 0x01, 0x03, 0x02, 0x02, 0x02, 0x01, 0x10, 0x00,
    0x02, 0x01, 0x02, 0x02, 0x01, 0x03, 0x02, 0x04, 0x04, 0x05, 0x03, 0x07, 0x02, 0x08, 0x02, 0x09,
    0x03, 0x0A, 0x06, 0x0C, 0x01, 0x0A, 0x02, 0x09, 0x01, 0x08, 0x01, 0x07, 0x02, 0x06, 0x01, 0x04,
    0x01, 0x03, 0x01, 0x02, 0x01, 0x01, 0x04, 0x00, 0x01, 0x01, 0x01, 0x02, 0x01, 0x03, 0x01, 0x04,
    0x02, 0x06, 0x01, 0x07, 0x01, 0x08, 0x02, 0x09, 0x01, 0x0A, 0x01, 0x0B, 0x06, 0x0C, 0x01, 0x0B,
    0x03, 0x09, 0x01, 0x08, 0x04, 0x07, 0x03, 0x05, 0x03, 0x04, 0x01, 0x03, 0x01, 0x02, 0x03, 0x01,
    0x10, 0x00, 0x03, 0x01, 0x01, 0x02, 0x01, 0x03, 0x02, 0x04, 0x04, 0x05, 0x01, 0x06, 0x02, 0x07,
    0x03, 0x08, 0x01, 0x09, 0x02, 0x0A, 0x01, 0x0B, 0x06, 0x0C, 0x01, 0x0A, 0x02, 0x09, 0x01, 0x08,
    0x02, 0x07, 0x01, 0x05, 0x01, 0x04, 0x01, 0x03, 0x01, 0x02, 0x01, 0x01, 0x04, 0x00, 0x01, 0x01,
    0x01, 0x02, 0x01, 0x03, 0x01, 0x04, 0x02, 0x06, 0x01, 0x07, 0x01, 0x08, 0x01, 0x09, 0x02, 0x0A,
    0x01, 0x0B, 0x06, 0x0C, 0x01, 0x0B, 0x03, 0x09, 0x05, 0x07, 0x03, 0x05, 0x02, 0x04, 0x01, 0x03,
    0x02, 0x02, 0x02, 0x01, 0x12, 0x00, 0x02, 0x01, 0x02, 0x02, 0x01, 0x03, 0x02, 0x04, 0x03, 0x05,
    0x01, 0x06, 0x02, 0x07, 0x03, 0x08, 0x01, 0x09, 0x02, 0x0A, 0x01, 0x0B, 0x06, 0x0C, 0x01, 0x0B,
    0x02, 0x09, 0x01, 0x08, 0x02, 0x07, 0x01, 0x06, 0x01, 0x04, 0x01, 0x03, 0x01, 0x02, 0x01, 0x01,
    0x04, 0x00, 0x01, 0x01, 0x01, 0x02, 0x01, 0x03, 0x01, 0x04, 0x02, 0x06, 0x01, 0x07, 0x01, 0x08,
    0x02, 0x09, 0x01, 0x0A, 0x07, 0x0C, 0x01, 0x0A, 0x03, 0x09, 0x01, 0x08, 0x03, 0x07, 0x01, 0x06,
    0x03, 0x05, 0x02, 0x04, 0x01, 0x03, 0x02, 0x02, 0x02, 0x01, 0x12, 0x00, 0x02, 0x01, 0x02, 0x02,
    0x01, 0x03, 0x02, 0x04, 0x04, 0x05, 0x01, 0x06, 0x04, 0x08, 0x02, 0x09, 0x01, 0x0A, 0x07, 0x0C,
    0x01, 0x0B, 0x02, 0x09, 0x01, 0x08, 0x02, 0x07, 0x01, 0x06, 0x01, 0x04, 0x01, 0x03, 0x01, 0x02,
    0x01, 0x01, 0x04, 0x00, 0x01, 0x01, 0x01, 0x02, 0x01, 0x03, 0x01, 0x04, 0x01, 0x06, 0x02, 0x07,
    0x01, 0x08, 0x02, 0x09, 0x01, 0x0B, 0x07, 0x0C, 0x01, 0x0A, 0x01, 0x09, 0x03, 0x08, 0x03, 0x07,
    0x03, 0x05, 0x02, 0x04, 0x01, 0x03, 0x02, 0x02, 0x02, 0x01, 0x13, 0x00, 0x03, 0x01, 0x01, 0x02,
    0x01, 0x03, 0x02, 0x04, 0x04, 0x05, 0x01, 0x06, 0x01, 0x07, 0x03, 0x08, 0x02, 0x09, 0x01, 0x0A,
    0x07, 0x0C, 0x01, 0x0B, 0x02, 0x09, 0x02, 0x08, 0x01, 0x07, 0x01, 0x06, 0x01, 0x04, 0x01, 0x03,
    0x01, 0x02, 0x01, 0x01, 0x04, 0x00, 0x01, 0x01, 0x01, 0x02, 0x01, 0x03, 0x01, 0x04, 0x01, 0x06,
    0x02, 0x07, 0x01, 0x08, 0x01, 0x09, 0x02, 0x0A, 0x07, 0x0C, 0x01, 0x0A, 0x02, 0x09, 0x01, 0x08,
    0x02, 0x07, 0x02, 0x06, 0x03, 0x05, 0x02, 0x04, 0x01, 0x03, 0x02, 0x02, 0x02, 0x01, 0x14, 0x00,
    0x02, 0x01, 0x02, 0x02, 0x01, 0x03, 0x02, 0x04, 0x03, 0x05, 0x04, 0x07, 0x01, 0x08, 0x03, 0x09,
    0x01, 0x0B, 0x06, 0x0C, 0x01, 0x0B, 0x03, 0x09, 0x02, 0x07, 0x01, 0x06, 0x01, 0x04, 0x01, 0x03,
    0x01, 0x02, 0x01, 0x01, 0x04, 0x00, 0x01, 0x01, 0x01, 0x02, 0x01, 0x03, 0x01, 0x04, 0x01, 0x06,
    0x02, 0x07, 0x01, 0x08, 0x01, 0x09, 0x01, 0x0A, 0x02, 0x0B, 0x05, 0x0C, 0x01, 0x0B, 0x01, 0x0A,
    0x02, 0x09, 0x01, 0x08, 0x02, 0x07, 0x01, 0x06, 0x04, 0x05, 0x02, 0x04, 0x01, 0x03, 0x02, 0x02,
    0x02, 0x01, 0x14, 0x00, 0x02, 0x01, 0x02, 0x02, 0x01, 0x03, 0x02, 0x04, 0x03, 0x05, 0x04, 0x07,
    0x02, 0x08, 0x02, 0x09, 0x01, 0x0B, 0x06, 0x0C, 0x01, 0x0B, 0x01, 0x0A, 0x01, 0x09, 0x01, 0x08,
    0x02, 0x07, 0x01, 0x06, 0x01, 0x04, 0x01, 0x03, 0x01, 0x02, 0x01, 0x01, 0x04, 0x00, 0x01, 0x01,
    0x01, 0x02, 0x01, 0x03, 0x01, 0x04, 0x01, 0x06, 0x02, 0x07, 0x01, 0x08, 0x01, 0x09, 0x01, 0x0A,
    0x02, 0x0B, 0x05, 0x0C, 0x01, 0x0B, 0x03, 0x09, 0x01, 0x08, 0x02, 0x07, 0x01, 0x06, 0x04, 0x05,
    0x01, 0x04, 0x01, 0x03, 0x02, 0x02, 0x02, 0x01, 0x15, 0x00, 0x03, 0x01, 0x01, 0x02, 0x01, 0x03,
    0x02, 0x04, 0x03, 0x05, 0x01, 0x07, 0x01, 0x06, 0x03, 0x07, 0x01, 0x08, 0x01, 0x09, 0x02, 0x0A,
    0x06, 0x0C, 0x01, 0x0B, 0x01, 0x0A, 0x02, 0x09, 0x02, 0x07, 0x01, 0x06, 0x01, 0x04, 0x01, 0x03,
    0x01, 0x02, 0x01, 0x01, 0x03, 0x00, 0x02, 0x01, 0x01, 0x02, 0x01, 0x03, 0x01, 0x04, 0x01, 0x06,
    0x02, 0x07, 0x02, 0x09, 0x01, 0x0A, 0x02, 0x0C, 0x01, 0x0B, 0x01, 0x0C, 0x02, 0x0B, 0x01, 0x0C,
    0x01, 0x0A, 0x03, 0x09, 0x01, 0x08, 0x02, 0x07, 0x01, 0x06, 0x04, 0x05, 0x01, 0x04, 0x01, 0x03,
    0x02, 0x02, 0x02, 0x01, 0x16, 0x00, 0x02, 0x01, 0x02, 0x02, 0x01, 0x03, 0x01, 0x04, 0x02, 0x05,
    0x04, 0x06, 0x02, 0x07, 0x01, 0x08, 0x01, 0x09, 0x02, 0x0A, 0x07, 0x0B, 0x01, 0x0A, 0x02, 0x09,
    0x01, 0x08, 0x01, 0x07, 0x01, 0x06, 0x01, 0x04, 0x01, 0x03, 0x01, 0x02, 0x01, 0x01, 0x03, 0x00,
    0x02, 0x01, 0x01, 0x02, 0x01, 0x03, 0x01, 0x05, 0x01, 0x06, 0x02, 0x07, 0x02, 0x09, 0x01, 0x0A,
    0x02, 0x0C, 0x01, 0x0B, 0x04, 0x0C, 0x01, 0x0A, 0x03, 0x09, 0x01, 0x08, 0x01, 0x07, 0x02, 0x06,
    0x04, 0x05, 0x01, 0x04, 0x01, 0x03, 0x02, 0x02, 0x02, 0x01, 0x16, 0x00, 0x02, 0x01, 0x02, 0x02,
    0x01, 0x03, 0x01, 0x04, 0x02, 0x05, 0x01, 0x06, 0x01, 0x07, 0x02, 0x06, 0x02, 0x07, 0x01, 0x08,
    0x01, 0x09, 0x02, 0x0A, 0x01, 0x0B, 0x05, 0x0C, 0x01, 0x0B, 0x01, 0x0A, 0x02, 0x09, 0x01, 0x08,
    0x01, 0x07, 0x01, 0x06, 0x01, 0x04, 0x01, 0x03, 0x01, 0x02, 0x01, 0x01, 0x03, 0x00, 0x02, 0x01,
    0x01, 0x02, 0x01, 0x03, 0x01, 0x05, 0x01, 0x06, 0x02, 0x07, 0x02, 0x09, 0x01, 0x0A, 0x01, 0x0C,
    0x01, 0x0B, 0x05, 0x0C, 0x01, 0x0B, 0x03, 0x09, 0x02, 0x07, 0x01, 0x06, 0x04, 0x05, 0x02, 0x04,
    0x01, 0x03, 0x02, 0x02, 0x02, 0x01, 0x16, 0x00, 0x02, 0x01, 0x02, 0x02, 0x01, 0x03, 0x02, 0x04,
    0x01, 0x06, 0x02, 0x07, 0x01, 0x05, 0x01, 0x06, 0x02, 0x07, 0x01, 0x08, 0x02, 0x09, 0x01, 0x0A,
    0x06, 0x0C, 0x01, 0x0B, 0x02, 0x0A, 0x01, 0x09, 0x01, 0x08, 0x01, 0x07, 0x01, 0x06, 0x01, 0x04,
    0x01, 0x03, 0x01, 0x02, 0x01, 0x01, 0x03, 0x00, 0x02, 0x01, 0x01, 0x02, 0x01, 0x03, 0x01, 0x05,
    0x02, 0x07, 0x01, 0x08, 0x02, 0x09, 0x01, 0x0A, 0x02, 0x0B, 0x05, 0x0C, 0x01, 0x0B, 0x01, 0x09,
    0x01, 0x08, 0x01, 0x09, 0x02, 0x07, 0x02, 0x06, 0x03, 0x05, 0x02, 0x04, 0x01, 0x03, 0x01, 0x02,
    0x03, 0x01, 0x16, 0x00, 0x03, 0x01, 0x01, 0x02, 0x01, 0x03, 0x02, 0x04, 0x01, 0x06, 0x02, 0x07,
    0x01, 0x05, 0x01, 0x06, 0x02, 0x07, 0x01, 0x08, 0x02, 0x09, 0x01, 0x0A, 0x07, 0x0C, 0x01, 0x0A,
    0x02, 0x09, 0x01, 0x08, 0x01, 0x07, 0x01, 0x06, 0x01, 0x04, 0x01, 0x03, 0x01, 0x02, 0x01, 0x01,
    0x03, 0x00, 0x02, 0x01, 0x01, 0x02, 0x01, 0x03, 0x01, 0x06, 0x02, 0x07, 0x01, 0x08, 0x02, 0x09,
    0x01, 0x0A, 0x01, 0x0B, 0x06, 0x0C, 0x01, 0x0A, 0x01, 0x09, 0x03, 0x08, 0x01, 0x07, 0x03, 0x06,
    0x01, 0x05, 0x02, 0x04, 0x01, 0x03, 0x02, 0x02, 0x02, 0x01, 0x17, 0x00, 0x03, 0x01, 0x01, 0x02,
    0x01, 0x03, 0x02, 0x04, 0x01, 0x05, 0x01, 0x06, 0x02, 0x07, 0x01, 0x06, 0x02, 0x07, 0x01, 0x08,
    0x02, 0x09, 0x01, 0x0A, 0x07, 0x0C, 0x01, 0x0A, 0x02, 0x09, 0x01, 0x08, 0x01, 0x07, 0x01, 0x06,
    0x01, 0x04, 0x01, 0x03, 0x01, 0x02, 0x01, 0x01, 0x03, 0x00, 0x02, 0x01, 0x01, 0x02, 0x01, 0x04,
    0x01, 0x06, 0x02, 0x07, 0x01, 0x08, 0x02, 0x09, 0x01, 0x0A, 0x01, 0x0B, 0x06, 0x0C, 0x01, 0x0A,
    0x02, 0x09, 0x02, 0x08, 0x01, 0x07, 0x03, 0x06, 0x02, 0x05, 0x01, 0x04, 0x01, 0x03, 0x02, 0x02,
    0x02, 0x01, 0x17, 0x00, 0x03, 0x01, 0x02, 0x02, 0x01, 0x03, 0x01, 0x04, 0x03, 0x05, 0x01, 0x07,
    0x01, 0x08, 0x02, 0x07, 0x01, 0x08, 0x02, 0x09, 0x01, 0x0A, 0x07, 0x0C, 0x01, 0x0A, 0x02, 0x09,
    0x01, 0x08, 0x01, 0x07, 0x01, 0x06, 0x01, 0x04, 0x01, 0x03, 0x01, 0x02, 0x01, 0x01, 0x03, 0x00,
    0x02, 0x01, 0x01, 0x02, 0x01, 0x04, 0x01, 0x06, 0x02, 0x07, 0x01, 0x08, 0x01, 0x09, 0x02, 0x0A,
    0x01, 0x0B, 0x06, 0x0C, 0x02, 0x0A, 0x01, 0x09, 0x01, 0x08, 0x02, 0x07, 0x02, 0x06, 0x03, 0x05,
    0x01, 0x04, 0x01, 0x03, 0x02, 0x02, 0x02, 0x01, 0x17, 0x00, 0x03, 0x01, 0x02, 0x02, 0x01, 0x03,
    0x01, 0x04, 0x01, 0x06, 0x02, 0x05, 0x01, 0x06, 0x01, 0x07, 0x01, 0x08, 0x01, 0x07, 0x01, 0x08,
    0x02, 0x09, 0x01, 0x0A, 0x07, 0x0C, 0x01, 0x0A, 0x02, 0x09, 0x01, 0x08, 0x01, 0x07, 0x01, 0x06,
    0x01, 0x04, 0x01, 0x03, 0x01, 0x02, 0x01, 0x01, 0x03, 0x00, 0x02, 0x01, 0x01, 0x02, 0x01, 0x04,
    0x01, 0x05, 0x03, 0x07, 0x02, 0x09, 0x03, 0x0B, 0x05, 0x0C, 0x01, 0x0A, 0x02, 0x09, 0x01, 0x08,
    0x01, 0x07, 0x02, 0x06, 0x04, 0x05, 0x01, 0x04, 0x01, 0x03, 0x02, 0x02, 0x02, 0x01, 0x18, 0x00,
    0x02, 0x01, 0x02, 0x02, 0x01, 0x03, 0x02, 0x04, 0x03, 0x05, 0x01, 0x06, 0x03, 0x08, 0x02, 0x09,
    0x01, 0x0A, 0x06, 0x0C, 0x01, 0x0B, 0x02, 0x0A, 0x01, 0x09, 0x02, 0x07, 0x01, 0x06, 0x01, 0x04,
    0x01, 0x03, 0x01, 0x02, 0x01, 0x01, 0x03, 0x00, 0x02, 0x01, 0x01, 0x02, 0x01, 0x04, 0x02, 0x06,
    0x01, 0x07, 0x01, 0x08, 0x02, 0x09, 0x01, 0x0B, 0x01, 0x0C, 0x01, 0x0B, 0x05, 0x0C, 0x01, 0x0A,
    0x02, 0x09, 0x01, 0x08, 0x02, 0x07, 0x01, 0x06, 0x04, 0x05, 0x01, 0x04, 0x01, 0x03, 0x02, 0x02,
    0x02, 0x01, 0x18, 0x00, 0x02, 0x01, 0x02, 0x02, 0x01, 0x03, 0x01, 0x04, 0x04, 0x05, 0x01, 0x06,
    0x01, 0x07, 0x01, 0x08, 0x04, 0x09, 0x01, 0x0B, 0x05, 0x0C, 0x02, 0x0B, 0x02, 0x09, 0x01, 0x08,
    0x01, 0x07, 0x01, 0x06, 0x01, 0x04, 0x01, 0x03, 0x01, 0x02, 0x01, 0x01, 0x03, 0x00, 0x02, 0x01,
    0x01, 0x02, 0x01, 0x04, 0x02, 0x06, 0x01, 0x07, 0x01, 0x08, 0x02, 0x09, 0x01, 0x0B, 0x02, 0x0C,
    0x01, 0x0B, 0x03, 0x0C, 0x01, 0x0B, 0x01, 0x0A, 0x02, 0x09, 0x01, 0x08, 0x02, 0x07, 0x01, 0x06,
    0x04, 0x05, 0x01, 0x04, 0x01, 0x03, 0x02, 0x02, 0x02, 0x01, 0x18, 0x00, 0x02, 0x01, 0x02, 0x02,
    0x01, 0x03, 0x01, 0x04, 0x01, 0x05, 0x01, 0x06, 0x01, 0x05, 0x02, 0x06, 0x01, 0x07, 0x01, 0x08,
    0x03, 0x09, 0x01, 0x0A, 0x01, 0x0B, 0x01, 0x0C, 0x02, 0x0B, 0x01, 0x0C, 0x01, 0x0B, 0x01, 0x0C,
    0x01, 0x0B, 0x02, 0x09, 0x01, 0x08, 0x01, 0x07, 0x01, 0x06, 0x01, 0x04, 0x01, 0x03, 0x01, 0x02,
    0x01, 0x01, 0x03, 0x00, 0x02, 0x01, 0x01, 0x02, 0x01, 0x04, 0x02, 0x06, 0x01, 0x07, 0x01, 0x08,
    0x02, 0x09, 0x01, 0x0B, 0x02, 0x0C, 0x03, 0x0B, 0x01, 0x0C, 0x01, 0x0B, 0x03, 0x09, 0x01, 0x08,
    0x02, 0x07, 0x01, 0x06, 0x01, 0x05, 0x01, 0x06, 0x01, 0x04, 0x01, 0x05, 0x01, 0x04, 0x01, 0x03,
    0x02, 0x02, 0x02, 0x01, 0x17, 0x00, 0x03, 0x01, 0x02, 0x02, 0x01, 0x03, 0x01, 0x04, 0x04, 0x05,
    0x03, 0x07, 0x01, 0x08, 0x01, 0x09, 0x02, 0x0A, 0x01, 0x0B, 0x04, 0x0C, 0x03, 0x0B, 0x02, 0x09,
    0x01, 0x08, 0x01, 0x07, 0x01, 0x06, 0x01, 0x04, 0x01, 0x03, 0x01, 0x02, 0x01, 0x01, 0x03, 0x00,
    0x01, 0x01, 0x01, 0x02, 0x01, 0x03, 0x01, 0x04, 0x02, 0x06, 0x01, 0x07, 0x01, 0x08, 0x02, 0x09,
    0x01, 0x0B, 0x01, 0x0C, 0x01, 0x0B, 0x05, 0x0C, 0x01, 0x0A, 0x01, 0x09, 0x04, 0x08, 0x01, 0x07,
    0x04, 0x05, 0x02, 0x04, 0x01, 0x03, 0x01, 0x02, 0x02, 0x01, 0x17, 0x00, 0x03, 0x01, 0x02, 0x02,
    0x01, 0x03, 0x01, 0x04, 0x03, 0x05, 0x01, 0x06, 0x04, 0x08, 0x01, 0x09, 0x02, 0x0A, 0x06, 0x0C,
    0x01, 0x0B, 0x02, 0x0A, 0x01, 0x09, 0x01, 0x08, 0x01, 0x07, 0x01, 0x06, 0x01, 0x04, 0x01, 0x03,
    0x01, 0x02, 0x01, 0x01, 0x03, 0x00, 0x01, 0x01, 0x01, 0x02, 0x01, 0x03, 0x01, 0x04, 0x02, 0x06,
    0x01, 0x07, 0x01, 0x08, 0x02, 0x09, 0x01, 0x0B, 0x01, 0x0C, 0x01, 0x0B, 0x04, 0x0C, 0x01, 0x0B,
    0x01, 0x0A, 0x01, 0x09, 0x02, 0x08, 0x04, 0x07, 0x03, 0x05, 0x02, 0x04, 0x01, 0x03, 0x01, 0x02,
    0x03, 0x01, 0x16, 0x00, 0x03, 0x01, 0x01, 0x02, 0x01, 0x03, 0x03, 0x04, 0x01, 0x05, 0x01, 0x06,
    0x01, 0x07, 0x02, 0x08, 0x01, 0x07, 0x01, 0x08, 0x02, 0x09, 0x01, 0x0A, 0x07, 0x0C, 0x02, 0x0A,
    0x01, 0x09, 0x01, 0x08, 0x01, 0x07, 0x01, 0x06, 0x01, 0x05, 0x01, 0x03, 0x01, 0x02, 0x01, 0x01,
    0x03, 0x00, 0x01, 0x01, 0x01, 0x02, 0x01, 0x03, 0x01, 0x04, 0x01, 0x06, 0x02, 0x07, 0x01, 0x08,
    0x02, 0x09, 0x02, 0x0B, 0x06, 0x0C, 0x01, 0x0A, 0x01, 0x09, 0x02, 0x08, 0x04, 0x07, 0x02, 0x05,
    0x03, 0x04, 0x01, 0x03, 0x02, 0x02, 0x02, 0x01, 0x16, 0x00, 0x03, 0x01, 0x01, 0x02, 0x01, 0x03,
    0x03, 0x04, 0x01, 0x05, 0x01, 0x06, 0x01, 0x07, 0x02, 0x08, 0x01, 0x07, 0x01, 0x08, 0x02, 0x09,
    0x01, 0x0A, 0x07, 0x0C, 0x01, 0x0A, 0x02, 0x09, 0x01, 0x08, 0x01, 0x07, 0x01, 0x06, 0x01, 0x05,
    0x01, 0x03, 0x01, 0x02, 0x02, 0x01, 0x02, 0x00, 0x01, 0x01, 0x01, 0x02, 0x01, 0x03, 0x01, 0x04,
    0x01, 0x06, 0x02, 0x07, 0x01, 0x08, 0x02, 0x09, 0x01, 0x0A, 0x01, 0x0B, 0x06, 0x0C, 0x01, 0x0A,
    0x02, 0x09, 0x01, 0x08, 0x02, 0x07, 0x02, 0x06, 0x02, 0x07, 0x01, 0x05, 0x02, 0x04, 0x01, 0x03,
    0x02, 0x02, 0x02, 0x01, 0x16, 0x00, 0x02, 0x01, 0x02, 0x02, 0x01, 0x03, 0x02, 0x04, 0x01, 0x06,
    0x06, 0x07, 0x02, 0x08, 0x01, 0x09, 0x01, 0x0A, 0x07, 0x0C, 0x01, 0x0A, 0x02, 0x09, 0x01, 0x08,
    0x01, 0x07, 0x01, 0x06, 0x01, 0x05, 0x01, 0x03, 0x01, 0x02, 0x02, 0x01, 0x02, 0x00, 0x01, 0x01,
    0x01, 0x02, 0x01, 0x03, 0x01, 0x04, 0x01, 0x06, 0x02, 0x07, 0x01, 0x08, 0x02, 0x09, 0x01, 0x0A,
    0x01, 0x0B, 0x05, 0x0C, 0x01, 0x0B, 0x01, 0x0A, 0x02, 0x09, 0x01, 0x08, 0x02, 0x07, 0x01, 0x06,
    0x02, 0x05, 0x01, 0x07, 0x01, 0x06, 0x01, 0x05, 0x01, 0x04, 0x01, 0x03, 0x02, 0x02, 0x02, 0x01,
    0x16, 0x00, 0x02, 0x01, 0x02, 0x02, 0x01, 0x03, 0x01, 0x04, 0x02, 0x06, 0x06, 0x07, 0x01, 0x08,
    0x02, 0x09, 0x01, 0x0A, 0x07, 0x0C, 0x01, 0x0A, 0x02, 0x09, 0x01, 0x08, 0x01, 0x07, 0x01, 0x06,
    0x01, 0x05, 0x01, 0x03, 0x01, 0x02, 0x02, 0x01, 0x02, 0x00, 0x01, 0x01, 0x01, 0x02, 0x01, 0x03,
    0x01, 0x04, 0x01, 0x06, 0x02, 0x07, 0x01, 0x08, 0x02, 0x09, 0x03, 0x0B, 0x04, 0x0C, 0x02, 0x0A,
    0x01, 0x09, 0x02, 0x08, 0x02, 0x07, 0x02, 0x06, 0x02, 0x05, 0x02, 0x06, 0x02, 0x04, 0x01, 0x03,
    0x01, 0x02, 0x02, 0x01, 0x16, 0x00, 0x02, 0x01, 0x02, 0x02, 0x01, 0x03, 0x01, 0x04, 0x03, 0x05,
    0x03, 0x07, 0x01, 0x06, 0x02, 0x08, 0x02, 0x09, 0x01, 0x0A, 0x06, 0x0C, 0x01, 0x0B, 0x01, 0x0A,
    0x02, 0x09, 0x02, 0x07, 0x01, 0x06, 0x01, 0x05, 0x01, 0x03, 0x01, 0x02, 0x02, 0x01, 0x02, 0x00,
    0x01, 0x01, 0x01, 0x02, 0x01, 0x03, 0x01, 0x04, 0x02, 0x06, 0x01, 0x07, 0x01, 0x08, 0x02, 0x09,
    0x01, 0x0A, 0x01, 0x0C, 0x01, 0x0B, 0x03, 0x0C, 0x01, 0x0B, 0x02, 0x0A, 0x02, 0x09, 0x01, 0x08,
    0x02, 0x07, 0x02, 0x06, 0x04, 0x05, 0x01, 0x06, 0x01, 0x04, 0x01, 0x03, 0x01, 0x02, 0x02, 0x01,
    0x16, 0x00, 0x02, 0x01, 0x01, 0x02, 0x01, 0x03, 0x03, 0x04, 0x02, 0x05, 0x02, 0x07, 0x01, 0x06,
    0x02, 0x07, 0x01, 0x08, 0x01, 0x09, 0x01, 0x0A, 0x01, 0x09, 0x01, 0x0B, 0x05, 0x0C, 0x01, 0x0B,
    0x01, 0x0A, 0x01, 0x09, 0x01, 0x08, 0x02, 0x07, 0x02, 0x06, 0x01, 0x04, 0x01, 0x02, 0x02, 0x01,
    0x02, 0x00, 0x01, 0x01, 0x01, 0x02, 0x01, 0x03, 0x01, 0x05, 0x02, 0x06, 0x01, 0x07, 0x01, 0x08,
    0x02, 0x09, 0x01, 0x0A, 0x01, 0x0C, 0x02, 0x0B, 0x02, 0x0C, 0x03, 0x0A, 0x02, 0x09, 0x01, 0x08,
    0x02, 0x07, 0x02, 0x06, 0x05, 0x05, 0x01, 0x04, 0x01, 0x03, 0x01, 0x02, 0x03, 0x01, 0x14, 0x00,
    0x02, 0x01, 0x02, 0x02, 0x01, 0x03, 0x02, 0x04, 0x02, 0x05, 0x03, 0x07, 0x01, 0x06, 0x02, 0x07,
    0x01, 0x08, 0x01, 0x09, 0x03, 0x0A, 0x01, 0x0B, 0x03, 0x0C, 0x02, 0x0B, 0x01, 0x0A, 0x01, 0x09,
    0x01, 0x08, 0x02, 0x07, 0x02, 0x06, 0x01, 0x04, 0x01, 0x02, 0x02, 0x01, 0x02, 0x00, 0x01, 0x01,
    0x01, 0x02, 0x01, 0x03, 0x01, 0x05, 0x02, 0x06, 0x02, 0x07, 0x02, 0x09, 0x01, 0x0A, 0x02, 0x0C,
    0x01, 0x0B, 0x01, 0x0C, 0x01, 0x0A, 0x01, 0x09, 0x01, 0x0B, 0x01, 0x0A, 0x02, 0x09, 0x01, 0x08,
    0x02, 0x07, 0x02, 0x06, 0x04, 0x05, 0x02, 0x04, 0x01, 0x03, 0x02, 0x02, 0x02, 0x01, 0x14, 0x00,
    0x02, 0x01, 0x02, 0x02, 0x01, 0x03, 0x02, 0x04, 0x02, 0x05, 0x02, 0x07, 0x02, 0x06, 0x01, 0x07,
    0x02, 0x08, 0x01, 0x09, 0x01, 0x0A, 0x01, 0x0B, 0x01, 0x0A, 0x01, 0x0B, 0x01, 0x0C, 0x01, 0x0B,
    0x01, 0x0C, 0x02, 0x0B, 0x01, 0x0A, 0x01, 0x09, 0x01, 0x08, 0x02, 0x07, 0x02, 0x06, 0x01, 0x04,
    0x01, 0x02, 0x02, 0x01, 0x02, 0x00, 0x01, 0x01, 0x01, 0x02, 0x01, 0x03, 0x01, 0x05, 0x02, 0x06,
    0x02, 0x07, 0x02, 0x09, 0x01, 0x0A, 0x01, 0x0C, 0x03, 0x0B, 0x02, 0x0A, 0x01, 0x0C, 0x01, 0x0B,
    0x02, 0x09, 0x02, 0x08, 0x01, 0x07, 0x02, 0x06, 0x04, 0x05, 0x03, 0x04, 0x01, 0x03, 0x01, 0x02,
    0x02, 0x01, 0x14, 0x00, 0x02, 0x01, 0x02, 0x02, 0x01, 0x03, 0x02, 0x04, 0x02, 0x05, 0x02, 0x07,
    0x01, 0x05, 0x02, 0x07, 0x02, 0x08, 0x01, 0x09, 0x02, 0x0A, 0x01, 0x0B, 0x01, 0x0A, 0x04, 0x0C,
    0x01, 0x0B, 0x01, 0x0A, 0x01, 0x09, 0x01, 0x08, 0x02, 0x07, 0x02, 0x06, 0x01, 0x04, 0x01, 0x02,
    0x02, 0x01, 0x02, 0x00, 0x01, 0x01, 0x01, 0x02, 0x01, 0x03, 0x01, 0x05, 0x01, 0x06, 0x03, 0x07,
    0x02, 0x09, 0x01, 0x0A, 0x02, 0x0B, 0x01, 0x0C, 0x02, 0x0A, 0x01, 0x0B, 0x01, 0x0C, 0x01, 0x0B,
    0x03, 0x09, 0x01, 0x08, 0x01, 0x07, 0x03, 0x06, 0x03, 0x05, 0x03, 0x04, 0x01, 0x03, 0x01, 0x02,
    0x02, 0x01, 0x14, 0x00, 0x02, 0x01, 0x01, 0x02, 0x01, 0x03, 0x04, 0x04, 0x02, 0x07, 0x01, 0x06,
    0x03, 0x07, 0x01, 0x08, 0x03, 0x09, 0x01, 0x0B, 0x01, 0x0C, 0x01, 0x0A, 0x04, 0x0C, 0x01, 0x0B,
    0x02, 0x09, 0x01, 0x08, 0x02, 0x07, 0x01, 0x06, 0x01, 0x05, 0x01, 0x04, 0x01, 0x02, 0x02, 0x01,
    0x02, 0x00, 0x01, 0x01, 0x01, 0x02, 0x01, 0x03, 0x01, 0x05, 0x01, 0x06, 0x03, 0x07, 0x02, 0x09,
    0x01, 0x0A, 0x01, 0x0B, 0x01, 0x0C, 0x01, 0x0B, 0x02, 0x0A, 0x01, 0x0B, 0x01, 0x0C, 0x01, 0x0B,
    0x01, 0x0A, 0x02, 0x09, 0x01, 0x08, 0x02, 0x07, 0x03, 0x06, 0x02, 0x05, 0x03, 0x04, 0x01, 0x03,
    0x02, 0x02, 0x02, 0x01, 0x12, 0x00, 0x02, 0x01, 0x02, 0x02, 0x01, 0x03, 0x03, 0x04, 0x01, 0x06,
    0x01, 0x07, 0x02, 0x06, 0x03, 0x07, 0x01, 0x08, 0x03, 0x09, 0x02, 0x0C, 0x01, 0x0A, 0x01, 0x0B,
    0x03, 0x0C, 0x01, 0x0B, 0x03, 0x09, 0x02, 0x07, 0x01, 0x06, 0x01, 0x05, 0x01, 0x04, 0x01, 0x02,
    0x02, 0x01, 0x02, 0x00, 0x01, 0x01, 0x01, 0x02, 0x01, 0x03, 0x01, 0x05, 0x02, 0x06, 0x02, 0x07,
    0x01, 0x08, 0x02, 0x09, 0x02, 0x0B, 0x01, 0x0A, 0x01, 0x0B, 0x01, 0x0A, 0x02, 0x0C, 0x01, 0x0B,
    0x01, 0x0A, 0x01, 0x09, 0x02, 0x08, 0x03, 0x07, 0x01, 0x06, 0x03, 0x05, 0x04, 0x04, 0x02, 0x02,
    0x02, 0x01, 0x12, 0x00, 0x02, 0x01, 0x02, 0x02, 0x01, 0x03, 0x02, 0x04, 0x01, 0x05, 0x02, 0x07,
    0x01, 0x05, 0x01, 0x06, 0x02, 0x07, 0x02, 0x08, 0x02, 0x09, 0x01, 0x0A, 0x02, 0x0C, 0x01, 0x0B,
    0x01, 0x0A, 0x03, 0x0C, 0x01, 0x0B, 0x02, 0x09, 0x01, 0x08, 0x02, 0x07, 0x02, 0x06, 0x01, 0x04,
    0x01, 0x02, 0x02, 0x01, 0x02, 0x00, 0x01, 0x01, 0x01, 0x02, 0x01, 0x03, 0x01, 0x04, 0x02, 0x06,
    0x02, 0x07, 0x01, 0x08, 0x01, 0x09, 0x01, 0x0A, 0x01, 0x0B, 0x01, 0x0A, 0x02, 0x0B, 0x01, 0x0A,
    0x02, 0x0C, 0x01, 0x0B, 0x01, 0x0A, 0x01, 0x09, 0x02, 0x08, 0x03, 0x07, 0x01, 0x06, 0x04, 0x05,
    0x03, 0x04, 0x01, 0x03, 0x01, 0x02, 0x02, 0x01, 0x12, 0x00, 0x02, 0x01, 0x01, 0x02, 0x01, 0x03,
    0x03, 0x04, 0x01, 0x05, 0x01, 0x07, 0x02, 0x05, 0x03, 0x07, 0x02, 0x08, 0x03, 0x09, 0x01, 0x0B,
    0x01, 0x0C, 0x01, 0x0B, 0x01, 0x0A, 0x03, 0x0C, 0x01, 0x0B, 0x02, 0x09, 0x01, 0x08, 0x01, 0x07,
    0x03, 0x06, 0x01, 0x04, 0x01, 0x02, 0x02, 0x01, 0x02, 0x00, 0x01, 0x01, 0x01, 0x02, 0x01, 0x03,
    0x01, 0x05, 0x03, 0x06, 0x01, 0x07, 0x01, 0x08, 0x01, 0x09, 0x02, 0x0A, 0x01, 0x09, 0x01, 0x0C,
    0x01, 0x0B, 0x01, 0x0A, 0x02, 0x0C, 0x01, 0x0B, 0x01, 0x0A, 0x02, 0x09, 0x02, 0x08, 0x04, 0x07,
    0x03, 0x05, 0x03, 0x04, 0x01, 0x03, 0x01, 0x02, 0x02, 0x01, 0x12, 0x00, 0x02, 0x01, 0x01, 0x02,
    0x01, 0x03, 0x02, 0x04, 0x01, 0x05, 0x02, 0x07, 0x01, 0x05, 0x01, 0x06, 0x03, 0x07, 0x02, 0x08,
    0x01, 0x09, 0x03, 0x0A, 0x02, 0x0C, 0x01, 0x0A, 0x03, 0x0C, 0x01, 0x0A, 0x02, 0x09, 0x01, 0x08,
    0x01, 0x07, 0x02, 0x06, 0x01, 0x05, 0x01, 0x04, 0x01, 0x02, 0x02, 0x01, 0x02, 0x00, 0x01, 0x01,
    0x01, 0x02, 0x01, 0x03, 0x01, 0x05, 0x03, 0x06, 0x01, 0x07, 0x01, 0x08, 0x02, 0x09, 0x01, 0x0B,
    0x01, 0x0A, 0x01, 0x0B, 0x01, 0x0A, 0x01, 0x0B, 0x02, 0x0C, 0x02, 0x0A, 0x02, 0x09, 0x02, 0x08,
    0x04, 0x07, 0x03, 0x05, 0x03, 0x04, 0x01, 0x03, 0x02, 0x02, 0x02, 0x01, 0x10, 0x00, 0x02, 0x01,
    0x02, 0x02, 0x01, 0x03, 0x02, 0x04, 0x01, 0x06, 0x01, 0x07, 0x01, 0x06, 0x01, 0x05, 0x04, 0x07,
    0x01, 0x08, 0x02, 0x09, 0x01, 0x0A, 0x01, 0x0B, 0x01, 0x0A, 0x02, 0x0C, 0x01, 0x0A, 0x01, 0x0B,
    0x02, 0x0C, 0x01, 0x0A, 0x02, 0x09, 0x01, 0x08, 0x01, 0x07, 0x02, 0x06, 0x01, 0x05, 0x01, 0x04,
    0x01, 0x02, 0x02, 0x01, 0x02, 0x00, 0x01, 0x01, 0x01, 0x02, 0x01, 0x03, 0x02, 0x05, 0x02, 0x06,
    0x01, 0x07, 0x01, 0x08, 0x02, 0x09, 0x02, 0x0B, 0x02, 0x0A, 0x01, 0x0B, 0x01, 0x0C, 0x01, 0x0B,
    0x03, 0x0A, 0x01, 0x09, 0x02, 0x08, 0x03, 0x07, 0x01, 0x06, 0x05, 0x05, 0x02, 0x04, 0x01, 0x03,
    0x01, 0x02, 0x02, 0x01, 0x10, 0x00, 0x02, 0x01, 0x01, 0x02, 0x01, 0x03, 0x02, 0x04, 0x01, 0x05,
    0x01, 0x06, 0x01, 0x07, 0x01, 0x05, 0x01, 0x06, 0x04, 0x07, 0x01, 0x08, 0x02, 0x09, 0x01, 0x0A,
    0x01, 0x0B, 0x01, 0x0A, 0x01, 0x0B, 0x01, 0x0C, 0x01, 0x0A, 0x01, 0x0B, 0x01, 0x0C, 0x01, 0x0B,
    0x02, 0x0A, 0x01, 0x09, 0x01, 0x08, 0x01, 0x07, 0x02, 0x06, 0x01, 0x05, 0x01, 0x04, 0x01, 0x02,
    0x02, 0x01, 0x02, 0x00, 0x01, 0x01, 0x01, 0x02, 0x01, 0x03, 0x02, 0x05, 0x02, 0x06, 0x01, 0x07,
    0x01, 0x08, 0x02, 0x09, 0x01, 0x0A, 0x01, 0x0C, 0x08, 0x0A, 0x02, 0x09, 0x02, 0x08, 0x02, 0x07,
    0x02, 0x06, 0x01, 0x07, 0x04, 0x05, 0x01, 0x04, 0x01, 0x03, 0x02, 0x02, 0x01, 0x01, 0x10, 0x00,
    0x02, 0x01, 0x01, 0x02, 0x01, 0x03, 0x01, 0x04, 0x04, 0x05, 0x02, 0x06, 0x03, 0x07, 0x02, 0x08,
    0x01, 0x09, 0x08, 0x0A, 0x01, 0x0C, 0x01, 0x0B, 0x01, 0x0A, 0x02, 0x09, 0x02, 0x07, 0x02, 0x06,
    0x01, 0x05, 0x01, 0x04, 0x01, 0x02, 0x02, 0x01, 0x02, 0x00, 0x01, 0x01, 0x01, 0x02, 0x01, 0x03,
    0x02, 0x05, 0x02, 0x06, 0x02, 0x07, 0x02, 0x09, 0x01, 0x0A, 0x02, 0x0B, 0x01, 0x0A, 0x02, 0x0B,
    0x02, 0x0A, 0x01, 0x0B, 0x02, 0x0A, 0x01, 0x09, 0x02, 0x08, 0x04, 0x07, 0x01, 0x06, 0x04, 0x05,
    0x01, 0x04, 0x01, 0x03, 0x02, 0x02, 0x02, 0x01, 0x0E, 0x00, 0x02, 0x01, 0x02, 0x02, 0x01, 0x03,
    0x01, 0x04, 0x01, 0x05, 0x01, 0x06, 0x02, 0x05, 0x02, 0x06, 0x03, 0x07, 0x02, 0x08, 0x02, 0x09,
    0x01, 0x0A, 0x01, 0x0B, 0x02, 0x0A, 0x01, 0x0B, 0x01, 0x0A, 0x01, 0x0B, 0x01, 0x0C, 0x01, 0x0B,
    0x03, 0x09, 0x02, 0x07, 0x02, 0x06, 0x01, 0x05, 0x01, 0x04, 0x01, 0x02, 0x02, 0x01, 0x02, 0x00,
    0x01, 0x01, 0x01, 0x02, 0x01, 0x03, 0x03, 0x05, 0x01, 0x06, 0x02, 0x07, 0x01, 0x08, 0x01, 0x09,
    0x01, 0x0A, 0x01, 0x0B, 0x01, 0x0C, 0x01, 0x0A, 0x02, 0x0C, 0x01, 0x0A, 0x01, 0x0B, 0x01, 0x0C,
    0x02, 0x0A, 0x02, 0x09, 0x01, 0x08, 0x04, 0x07, 0x01, 0x06, 0x04, 0x05, 0x02, 0x04, 0x01, 0x03,
    0x01, 0x02, 0x02, 0x01, 0x0E, 0x00, 0x02, 0x01, 0x01, 0x02, 0x01, 0x03, 0x02, 0x04, 0x01, 0x06,
    0x01, 0x07, 0x03, 0x05, 0x01, 0x06, 0x03, 0x07, 0x02, 0x08, 0x01, 0x09, 0x01, 0x0A, 0x01, 0x0B,
    0x01, 0x0C, 0x02, 0x0A, 0x01, 0x0C, 0x02, 0x0A, 0x01, 0x0C, 0x01, 0x0B, 0x02, 0x09, 0x01, 0x08,
    0x01, 0x07, 0x02, 0x06, 0x02, 0x05, 0x01, 0x04, 0x01, 0x02, 0x02, 0x01, 0x02, 0x00, 0x01, 0x01,
    0x01, 0x02, 0x01, 0x03, 0x01, 0x04, 0x01, 0x05, 0x02, 0x06, 0x02, 0x07, 0x01, 0x08, 0x02, 0x09,
    0x01, 0x0B, 0x01, 0x0C, 0x01, 0x0A, 0x02, 0x0C, 0x01, 0x0A, 0x01, 0x0B, 0x01, 0x0C, 0x02, 0x0A,
    0x02, 0x09, 0x01, 0x08, 0x04, 0x07, 0x01, 0x06, 0x05, 0x05, 0x01, 0x04, 0x01, 0x03, 0x02, 0x02,
    0x02, 0x01, 0x0C, 0x00, 0x02, 0x01, 0x02, 0x02, 0x01, 0x03, 0x01, 0x04, 0x01, 0x05, 0x02, 0x07,
    0x02, 0x05, 0x01, 0x06, 0x03, 0x07, 0x02, 0x08, 0x02, 0x09, 0x01, 0x0A, 0x03, 0x0B, 0x01, 0x0A,
    0x01, 0x0C, 0x02, 0x0A, 0x01, 0x0C, 0x01, 0x0B, 0x02, 0x09, 0x01, 0x08, 0x01, 0x07, 0x02, 0x06,
    0x02, 0x05, 0x01, 0x04, 0x01, 0x02, 0x02, 0x01, 0x02, 0x00, 0x01, 0x01, 0x01, 0x02, 0x01, 0x03,
    0x01, 0x04, 0x02, 0x05, 0x01, 0x06, 0x02, 0x07, 0x01, 0x08, 0x02, 0x09, 0x01, 0x0B, 0x01, 0x0C,
    0x01, 0x0A, 0x02, 0x0C, 0x01, 0x0A, 0x01, 0x0B, 0x01, 0x0C, 0x01, 0x0B, 0x01, 0x0A, 0x02, 0x09,
    0x03, 0x08, 0x02, 0x07, 0x01, 0x06, 0x05, 0x05, 0x02, 0x04, 0x01, 0x03, 0x01, 0x02, 0x02, 0x01,
    0x0B, 0x00, 0x03, 0x01, 0x02, 0x02, 0x02, 0x04, 0x01, 0x05, 0x01, 0x07, 0x03, 0x05, 0x01, 0x06,
    0x03, 0x07, 0x02, 0x08, 0x02, 0x09, 0x01, 0x0A, 0x01, 0x0B, 0x01, 0x0C, 0x01, 0x0B, 0x01, 0x0A,
    0x01, 0x0C, 0x02, 0x0A, 0x01, 0x0C, 0x02, 0x0A, 0x01, 0x09, 0x01, 0x08, 0x02, 0x07, 0x01, 0x06,
    0x02, 0x05, 0x01, 0x04, 0x01, 0x02, 0x01, 0x01, 0x03, 0x00, 0x01, 0x01, 0x01, 0x02, 0x01, 0x03,
    0x01, 0x04, 0x03, 0x05, 0x01, 0x06, 0x01, 0x07, 0x02, 0x08, 0x01, 0x09, 0x01, 0x0A, 0x01, 0x0B,
    0x01, 0x0A, 0x02, 0x0C, 0x01, 0x0A, 0x01, 0x0B, 0x02, 0x0C, 0x02, 0x0A, 0x01, 0x09, 0x03, 0x08,
    0x03, 0x07, 0x06, 0x05, 0x01, 0x04, 0x01, 0x03, 0x02, 0x02, 0x02, 0x01, 0x0A, 0x00, 0x02, 0x01,
    0x02, 0x02, 0x01, 0x03, 0x01, 0x04, 0x01, 0x05, 0x01, 0x06, 0x01, 0x07, 0x03, 0x05, 0x01, 0x06,
    0x03, 0x07, 0x01, 0x08, 0x03, 0x09, 0x01, 0x0B, 0x01, 0x0C, 0x02, 0x0B, 0x01, 0x0A, 0x01, 0x0C,
    0x01, 0x0A, 0x01, 0x0B, 0x01, 0x0C, 0x01, 0x0A, 0x01, 0x09, 0x02, 0x08, 0x02, 0x07, 0x01, 0x06,
    0x02, 0x05, 0x01, 0x04, 0x01, 0x02, 0x01, 0x01, 0x03, 0x00, 0x02, 0x01, 0x01, 0x03, 0x01, 0x04,
    0x01, 0x06, 0x02, 0x05, 0x01, 0x06, 0x01, 0x07, 0x01, 0x08, 0x02, 0x09, 0x01, 0x0A, 0x01, 0x0B,
    0x01, 0x0A, 0x02, 0x0C, 0x01, 0x0A, 0x01, 0x0B, 0x01, 0x0C, 0x02, 0x0B, 0x01, 0x0A, 0x02, 0x09,
    0x03, 0x08, 0x02, 0x07, 0x01, 0x06, 0x05, 0x05, 0x02, 0x04, 0x01, 0x03, 0x01, 0x02, 0x03, 0x01,
    0x08, 0x00, 0x03, 0x01, 0x01, 0x02, 0x01, 0x03, 0x02, 0x04, 0x01, 0x05, 0x01, 0x06, 0x02, 0x05,
    0x02, 0x06, 0x03, 0x07, 0x02, 0x08, 0x02, 0x09, 0x01, 0x0A, 0x02, 0x0C, 0x01, 0x0B, 0x02, 0x0A,
    0x01, 0x0C, 0x01, 0x0A, 0x02, 0x0B, 0x01, 0x0A, 0x01, 0x09, 0x01, 0x08, 0x02, 0x07, 0x01, 0x06,
    0x02, 0x05, 0x02, 0x04, 0x01, 0x02, 0x01, 0x01, 0x03, 0x00, 0x02, 0x01, 0x01, 0x02, 0x01, 0x04,
    0x03, 0x05, 0x01, 0x06, 0x02, 0x07, 0x03, 0x09, 0x01, 0x0B, 0x01, 0x0A, 0x01, 0x0B, 0x01, 0x0C,
    0x01, 0x0A, 0x04, 0x0B, 0x01, 0x0A, 0x02, 0x09, 0x03, 0x08, 0x02, 0x07, 0x01, 0x06, 0x06, 0x05,
    0x01, 0x04, 0x01, 0x03, 0x02, 0x02, 0x04, 0x01, 0x05, 0x00, 0x03, 0x01, 0x02, 0x02, 0x01, 0x03,
    0x01, 0x04, 0x02, 0x05, 0x01, 0x06, 0x02, 0x05, 0x02, 0x06, 0x03, 0x07, 0x02, 0x08, 0x02, 0x09,
    0x01, 0x0A, 0x03, 0x0C, 0x02, 0x0A, 0x01, 0x0C, 0x01, 0x0A, 0x02, 0x0B, 0x01, 0x0A, 0x02, 0x08,
    0x02, 0x07, 0x01, 0x06, 0x02, 0x05, 0x01, 0x04, 0x01, 0x03, 0x01, 0x02, 0x01, 0x01, 0x03, 0x00,
    0x02, 0x01, 0x01, 0x02, 0x01, 0x04, 0x02, 0x05, 0x02, 0x06, 0x02, 0x07, 0x01, 0x08, 0x02, 0x09,
    0x01, 0x0B, 0x01, 0x0A, 0x01, 0x0B, 0x01, 0x0C, 0x01, 0x0A, 0x03, 0x0B, 0x03, 0x0A, 0x02, 0x09,
    0x01, 0x08, 0x05, 0x07, 0x01, 0x06, 0x04, 0x05, 0x02, 0x04, 0x01, 0x03, 0x02, 0x02, 0x0A, 0x01,
    0x02, 0x02, 0x01, 0x03, 0x02, 0x04, 0x01, 0x06, 0x02, 0x05, 0x01, 0x07, 0x01, 0x06, 0x04, 0x07,
    0x02, 0x08, 0x02, 0x09, 0x01, 0x0A, 0x01, 0x0B, 0x03, 0x0C, 0x01, 0x0A, 0x01, 0x0B, 0x01, 0x0C,
    0x01, 0x0A, 0x01, 0x0B, 0x01, 0x0A, 0x01, 0x09, 0x02, 0x08, 0x01, 0x07, 0x02, 0x06, 0x01, 0x05,
    0x02, 0x04, 0x01, 0x03, 0x01, 0x02, 0x01, 0x01, 0x03, 0x00, 0x02, 0x01, 0x01, 0x02, 0x03, 0x04,
    0x03, 0x06, 0x01, 0x07, 0x01, 0x08, 0x02, 0x09, 0x03, 0x0A, 0x01, 0x0B, 0x02, 0x0A, 0x01, 0x0B,
    0x01, 0x0A, 0x02, 0x0B, 0x01, 0x0A, 0x02, 0x09, 0x04, 0x08, 0x04, 0x07, 0x01, 0x06, 0x03, 0x05,
    0x01, 0x04, 0x02, 0x03, 0x03, 0x02, 0x06, 0x01, 0x03, 0x02, 0x01, 0x03, 0x02, 0x04, 0x01, 0x05,
    0x01, 0x07, 0x01, 0x06, 0x01, 0x05, 0x05, 0x07, 0x03, 0x08, 0x02, 0x09, 0x01, 0x0A, 0x01, 0x0B,
    0x03, 0x0C, 0x01, 0x0A, 0x02, 0x0B, 0x01, 0x0A, 0x01, 0x0B, 0x01, 0x0A, 0x02, 0x09, 0x01, 0x08,
    0x01, 0x07, 0x02, 0x06, 0x01, 0x05, 0x02, 0x04, 0x01, 0x03, 0x01, 0x02, 0x01, 0x01, 0x03, 0x00,
    0x02, 0x01, 0x01, 0x02, 0x03, 0x04, 0x01, 0x05, 0x02, 0x06, 0x01, 0x07, 0x01, 0x08, 0x02, 0x09,
    0x03, 0x0A, 0x01, 0x0C, 0x01, 0x0A, 0x01, 0x0B, 0x02, 0x0A, 0x02, 0x0C, 0x02, 0x0A, 0x01, 0x09,
    0x03, 0x08, 0x04, 0x07, 0x01, 0x05, 0x01, 0x07, 0x04, 0x05, 0x01, 0x04, 0x02, 0x03, 0x04, 0x02,
    0x01, 0x01, 0x05, 0x02, 0x01, 0x03, 0x02, 0x04, 0x01, 0x05, 0x01, 0x06, 0x01, 0x07, 0x01, 0x05,
    0x02, 0x07, 0x01, 0x06, 0x03, 0x07, 0x02, 0x08, 0x02, 0x09, 0x01, 0x0A, 0x01, 0x0B, 0x04, 0x0C,
    0x01, 0x0A, 0x02, 0x0B, 0x01, 0x0A, 0x01, 0x0B, 0x01, 0x0A, 0x01, 0x09, 0x01, 0x08, 0x02, 0x07,
    0x01, 0x06, 0x02, 0x05, 0x02, 0x04, 0x01, 0x03, 0x01, 0x02, 0x01, 0x01, 0x04, 0x00, 0x01, 0x01,
    0x01, 0x02, 0x03, 0x04, 0x01, 0x05, 0x02, 0x06, 0x02, 0x07, 0x01, 0x08, 0x01, 0x09, 0x01, 0x0A,
    0x01, 0x0B, 0x01, 0x0A, 0x01, 0x0C, 0x01, 0x0B, 0x02, 0x0A, 0x01, 0x0B, 0x02, 0x0C, 0x01, 0x0B,
    0x01, 0x0A, 0x02, 0x09, 0x03, 0x08, 0x03, 0x07, 0x01, 0x06, 0x02, 0x07, 0x04, 0x05, 0x02, 0x04,
    0x02, 0x03, 0x06, 0x02, 0x02, 0x03, 0x02, 0x04, 0x02, 0x05, 0x02, 0x07, 0x01, 0x05, 0x06, 0x07,
    0x02, 0x08, 0x02, 0x09, 0x01, 0x0A, 0x01, 0x0B, 0x03, 0x0C, 0x01, 0x0B, 0x01, 0x0A, 0x01, 0x0C,
    0x01, 0x0A, 0x02, 0x0B, 0x02, 0x09, 0x01, 0x08, 0x02, 0x07, 0x01, 0x06, 0x02, 0x05, 0x02, 0x04,
    0x01, 0x03, 0x01, 0x02, 0x01, 0x01, 0x04, 0x00, 0x01, 0x01, 0x01, 0x02, 0x01, 0x03, 0x01, 0x04,
    0x03, 0x05, 0x02, 0x06, 0x02, 0x07, 0x02, 0x09, 0x02, 0x0A, 0x02, 0x0B, 0x01, 0x09, 0x02, 0x0B,
    0x03, 0x0C, 0x02, 0x0A, 0x01, 0x09, 0x03, 0x08, 0x07, 0x07, 0x04, 0x05, 0x03, 0x04, 0x06, 0x03,
    0x03, 0x04, 0x02, 0x05, 0x02, 0x07, 0x01, 0x05, 0x06, 0x07, 0x02, 0x08, 0x02, 0x09, 0x01, 0x0A,
    0x01, 0x0B, 0x04, 0x0C, 0x01, 0x0B, 0x01, 0x0A, 0x01, 0x0C, 0x01, 0x0A, 0x01, 0x0B, 0x01, 0x0A,
    0x02, 0x09, 0x01, 0x08, 0x02, 0x07, 0x01, 0x06, 0x03, 0x05, 0x01, 0x04, 0x01, 0x03, 0x01, 0x02,
    0x01, 0x01, 0x04, 0x00, 0x01, 0x01, 0x01, 0x02, 0x01, 0x03, 0x01, 0x04, 0x03, 0x05, 0x01, 0x06,
    0x02, 0x07, 0x01, 0x08, 0x02, 0x09, 0x02, 0x0A, 0x02, 0x0B, 0x01, 0x0A, 0x01, 0x0C, 0x02, 0x0B,
    0x02, 0x0C, 0x01, 0x0B, 0x03, 0x09, 0x03, 0x08, 0x07, 0x07, 0x05, 0x05, 0x08, 0x04, 0x01, 0x05,
    0x01, 0x06, 0x02, 0x07, 0x01, 0x08, 0x07, 0x07, 0x03, 0x08, 0x03, 0x09, 0x01, 0x0B, 0x01, 0x0C,
    0x03, 0x0B, 0x01, 0x0A, 0x02, 0x0B, 0x01, 0x0A, 0x01, 0x0B, 0x01, 0x0A, 0x01, 0x09, 0x01, 0x08,
    0x03, 0x07, 0x01, 0x06, 0x03, 0x05, 0x01, 0x04, 0x02, 0x02, 0x01, 0x01, 0x04, 0x00, 0x01, 0x01,
    0x01, 0x02, 0x01, 0x03, 0x01, 0x04, 0x03, 0x05, 0x01, 0x06, 0x02, 0x07, 0x02, 0x08, 0x01, 0x09,
    0x05, 0x0A, 0x01, 0x0B, 0x01, 0x0C, 0x01, 0x0B, 0x01, 0x0C, 0x02, 0x0B, 0x01, 0x0A, 0x03, 0x09,
    0x02, 0x08, 0x08, 0x07, 0x02, 0x05, 0x01, 0x06, 0x08, 0x05, 0x01, 0x06, 0x01, 0x05, 0x02, 0x07,
    0x02, 0x08, 0x06, 0x07, 0x03, 0x08, 0x03, 0x09, 0x01, 0x0A, 0x01, 0x0B, 0x01, 0x0C, 0x01, 0x0B,
    0x01, 0x0C, 0x01, 0x0B, 0x01, 0x0A, 0x01, 0x0B, 0x01, 0x0A, 0x02, 0x0B, 0x02, 0x09, 0x01, 0x08,
    0x03, 0x07, 0x02, 0x05, 0x03, 0x04, 0x01, 0x02, 0x02, 0x01, 0x04, 0x00, 0x01, 0x01, 0x01, 0x02,
    0x01, 0x03, 0x02, 0x04, 0x03, 0x05, 0x01, 0x06, 0x02, 0x07, 0x01, 0x08, 0x02, 0x09, 0x04, 0x0A,
    0x02, 0x0B, 0x04, 0x0C, 0x01, 0x0B, 0x01, 0x0A, 0x02, 0x09, 0x03, 0x08, 0x07, 0x07, 0x04, 0x05,
    0x02, 0x07, 0x04, 0x05, 0x01, 0x06, 0x04, 0x07, 0x01, 0x08, 0x07, 0x07, 0x02, 0x08, 0x02, 0x09,
    0x01, 0x0A, 0x01, 0x09, 0x01, 0x0B, 0x05, 0x0C, 0x01, 0x0A, 0x01, 0x0B, 0x01, 0x0A, 0x01, 0x0B,
    0x01, 0x0A, 0x02, 0x09, 0x01, 0x08, 0x02, 0x07, 0x01, 0x06, 0x01, 0x05, 0x04, 0x04, 0x01, 0x02,
    0x02, 0x01, 0x04, 0x00, 0x02, 0x01, 0x01, 0x02, 0x04, 0x04, 0x01, 0x05, 0x02, 0x06, 0x01, 0x07,
    0x01, 0x08, 0x02, 0x09, 0x03, 0x0A, 0x01, 0x0B, 0x01, 0x0A, 0x01, 0x0B, 0x05, 0x0C, 0x01, 0x0A,
    0x03, 0x09, 0x03, 0x08, 0x09, 0x07, 0x01, 0x05, 0x02, 0x07, 0x04, 0x05, 0x04, 0x07, 0x02, 0x08,
    0x04, 0x07, 0x05, 0x08, 0x03, 0x09, 0x01, 0x0A, 0x05, 0x0C, 0x01, 0x0B, 0x02, 0x0A, 0x02, 0x0B,
    0x02, 0x09, 0x02, 0x08, 0x01, 0x07, 0x02, 0x06, 0x01, 0x05, 0x03, 0x04, 0x01, 0x03, 0x01, 0x02,
    0x02, 0x01, 0x04, 0x00, 0x02, 0x01, 0x01, 0x02, 0x04, 0x04, 0x01, 0x05, 0x02, 0x06, 0x02, 0x07,
    0x01, 0x08, 0x02, 0x09, 0x02, 0x0A, 0x01, 0x0B, 0x01, 0x0A, 0x01, 0x0B, 0x05, 0x0C, 0x01, 0x0B,
    0x01, 0x0A, 0x03, 0x09, 0x02, 0x08, 0x01, 0x07, 0x01, 0x08, 0x07, 0x07, 0x01, 0x06, 0x02, 0x07,
    0x01, 0x05, 0x04, 0x07, 0x01, 0x08, 0x02, 0x07, 0x01, 0x08, 0x05, 0x07, 0x04, 0x08, 0x03, 0x09,
    0x01, 0x0A, 0x06, 0x0C, 0x01, 0x0A, 0x01, 0x0B, 0x01, 0x0A, 0x01, 0x0B, 0x01, 0x0A, 0x02, 0x09,
    0x01, 0x08, 0x02, 0x07, 0x01, 0x06, 0x02, 0x05, 0x03, 0x04, 0x01, 0x03, 0x01, 0x02, 0x02, 0x01,
    0x04, 0x00, 0x02, 0x01, 0x01, 0x02, 0x01, 0x03, 0x03, 0x04, 0x02, 0x05, 0x02, 0x06, 0x01, 0x07,
    0x02, 0x08, 0x01, 0x09, 0x03, 0x0A, 0x01, 0x0B, 0x01, 0x0A, 0x06, 0x0C, 0x01, 0x0B, 0x01, 0x0A,
    0x02, 0x09, 0x05, 0x08, 0x0E, 0x07, 0x01, 0x08, 0x01, 0x07, 0x02, 0x08, 0x05, 0x07, 0x03, 0x08,
    0x04, 0x09, 0x01, 0x0B, 0x05, 0x0C, 0x01, 0x0B, 0x04, 0x0A, 0x02, 0x09, 0x02, 0x08, 0x01, 0x07,
    0x02, 0x06, 0x01, 0x05, 0x04, 0x04, 0x01, 0x03, 0x01, 0x02, 0x01, 0x01, 0x05, 0x00, 0x02, 0x01,
    0x01, 0x02, 0x01, 0x03, 0x04, 0x04, 0x01, 0x05, 0x02, 0x06, 0x01, 0x07, 0x02, 0x08, 0x02, 0x09,
    0x02, 0x0A, 0x01, 0x0B, 0x01, 0x0A, 0x01, 0x0B, 0x06, 0x0C, 0x01, 0x0A, 0x03, 0x09, 0x04, 0x08,
    0x08, 0x07, 0x01, 0x08, 0x05, 0x07, 0x03, 0x08, 0x04, 0x07, 0x04, 0x08, 0x03, 0x09, 0x01, 0x0A,
    0x02, 0x0B, 0x05, 0x0C, 0x01, 0x0B, 0x02, 0x0A, 0x01, 0x0B, 0x02, 0x0A, 0x01, 0x09, 0x01, 0x08,
    0x02, 0x07, 0x01, 0x06, 0x02, 0x05, 0x04, 0x04, 0x02, 0x02, 0x01, 0x01, 0x06, 0x00, 0x01, 0x01,
    0x01, 0x02, 0x01, 0x03, 0x04, 0x04, 0x01, 0x05, 0x02, 0x06, 0x02, 0x07, 0x01, 0x08, 0x02, 0x09,
    0x01, 0x0A, 0x01, 0x0B, 0x01, 0x0A, 0x01, 0x0B, 0x01, 0x0A, 0x06, 0x0C, 0x01, 0x0B, 0x02, 0x0A,
    0x02, 0x09, 0x05, 0x08, 0x05, 0x07, 0x02, 0x08, 0x05, 0x07, 0x03, 0x08, 0x03, 0x07, 0x05, 0x08,
    0x02, 0x09, 0x02, 0x0A, 0x01, 0x0C, 0x02, 0x0B, 0x04, 0x0C, 0x02, 0x0A, 0x01, 0x0B, 0x02, 0x0A,
    0x01, 0x09, 0x01, 0x08, 0x02, 0x07, 0x02, 0x06, 0x02, 0x05, 0x03, 0x04, 0x01, 0x03, 0x01, 0x02,
    0x02, 0x01, 0x06, 0x00, 0x02, 0x01, 0x01, 0x02, 0x05, 0x04, 0x01, 0x05, 0x01, 0x06, 0x03, 0x07,
    0x01, 0x08, 0x02, 0x09, 0x04, 0x0A, 0x01, 0x0B, 0x04, 0x0C, 0x01, 0x0B, 0x02, 0x0C, 0x02, 0x0A,
    0x02, 0x09, 0x05, 0x08, 0x03, 0x07, 0x03, 0x08, 0x05, 0x07, 0x03, 0x08, 0x02, 0x07, 0x05, 0x08,
    0x02, 0x09, 0x02, 0x0A, 0x03, 0x0C, 0x01, 0x0B, 0x03, 0x0C, 0x03, 0x0A, 0x01, 0x0B, 0x01, 0x0A,
    0x02, 0x09, 0x01, 0x08, 0x02, 0x07, 0x02, 0x06, 0x02, 0x05, 0x03, 0x04, 0x01, 0x03, 0x01, 0x02,
    0x02, 0x01, 0x06, 0x00, 0x02, 0x01, 0x01, 0x02, 0x01, 0x03, 0x04, 0x04, 0x02, 0x05, 0x02, 0x06,
    0x01, 0x07, 0x02, 0x08, 0x01, 0x09, 0x01, 0x0A, 0x01, 0x0B, 0x01, 0x0A, 0x01, 0x0B, 0x01, 0x0A,
    0x01, 0x0B, 0x03, 0x0C, 0x01, 0x0B, 0x02, 0x0C, 0x01, 0x0B, 0x01, 0x0A, 0x03, 0x09, 0x0A, 0x08,
    0x03, 0x07, 0x0B, 0x08, 0x02, 0x09, 0x02, 0x0A, 0x05, 0x0C, 0x01, 0x0B, 0x01, 0x0C, 0x01, 0x0B,
    0x02, 0x0A, 0x01, 0x0B, 0x02, 0x0A, 0x01, 0x09, 0x02, 0x08, 0x01, 0x07, 0x02, 0x06, 0x03, 0x05,
    0x03, 0x04, 0x01, 0x03, 0x01, 0x02, 0x02, 0x01, 0x06, 0x00, 0x02, 0x01, 0x01, 0x02, 0x01, 0x03,
    0x03, 0x04, 0x04, 0x05, 0x01, 0x06, 0x02, 0x07, 0x01, 0x08, 0x02, 0x09, 0x01, 0x0A, 0x01, 0x0B,
    0x03, 0x0A, 0x03, 0x0B, 0x04, 0x0C, 0x01, 0x0B, 0x01, 0x0A, 0x03, 0x09, 0x09, 0x08, 0x03, 0x07,
    0x0A, 0x08, 0x03, 0x09, 0x01, 0x0A, 0x01, 0x0B, 0x05, 0x0C, 0x02, 0x0B, 0x02, 0x0A, 0x02, 0x0B,
    0x03, 0x09, 0x01, 0x08, 0x02, 0x07, 0x01, 0x06, 0x04, 0x05, 0x03, 0x04, 0x02, 0x02, 0x01, 0x01,
    0x07, 0x00, 0x02, 0x01, 0x02, 0x02, 0x04, 0x04, 0x03, 0x05, 0x01, 0x06, 0x03, 0x07, 0x01, 0x08,
    0x02, 0x09, 0x01, 0x0A, 0x01, 0x0B, 0x02, 0x0A, 0x01, 0x0B, 0x02, 0x0C, 0x01, 0x0B, 0x04, 0x0C,
    0x01, 0x0B, 0x01, 0x0A, 0x03, 0x09, 0x13, 0x08, 0x04, 0x09, 0x01, 0x0A, 0x01, 0x0B, 0x05, 0x0C,
    0x02, 0x0B, 0x01, 0x0A, 0x01, 0x09, 0x01, 0x0B, 0x01, 0x0C, 0x01, 0x0A, 0x02, 0x09, 0x01, 0x08,
    0x02, 0x07, 0x02, 0x06, 0x02, 0x05, 0x03, 0x04, 0x02, 0x03, 0x01, 0x02, 0x02, 0x01, 0x08, 0x00,
    0x02, 0x01, 0x01, 0x02, 0x01, 0x03, 0x04, 0x04, 0x02, 0x05, 0x03, 0x06, 0x01, 0x07, 0x01, 0x08,
    0x03, 0x09, 0x02, 0x0B, 0x02, 0x0A, 0x01, 0x0B, 0x01, 0x0C, 0x02, 0x0B, 0x04, 0x0C, 0x01, 0x0B,
    0x01, 0x0A, 0x04, 0x09, 0x10, 0x08, 0x03, 0x09, 0x02, 0x0A, 0x01, 0x0B, 0x06, 0x0C, 0x02, 0x0B,
    0x01, 0x09, 0x01, 0x0B, 0x01, 0x0C, 0x01, 0x0A, 0x02, 0x09, 0x02, 0x08, 0x01, 0x07, 0x02, 0x06,
    0x03, 0x05, 0x03, 0x04, 0x02, 0x03, 0x01, 0x02, 0x02, 0x01, 0x08, 0x00, 0x02, 0x01, 0x01, 0x02,
    0x02, 0x03, 0x04, 0x04, 0x02, 0x05, 0x02, 0x06, 0x02, 0x07, 0x02, 0x08, 0x01, 0x09, 0x01, 0x0A,
    0x02, 0x0B, 0x02, 0x0A, 0x01, 0x0B, 0x01, 0x0C, 0x01, 0x0B, 0x05, 0x0C, 0x01, 0x0B, 0x02, 0x0A,
    0x04, 0x09, 0x08, 0x08, 0x01, 0x09, 0x03, 0x08, 0x04, 0x09, 0x03, 0x0A, 0x01, 0x0B, 0x05, 0x0C,
    0x02, 0x0B, 0x01, 0x09, 0x01, 0x0B, 0x01, 0x0C, 0x01, 0x0B, 0x03, 0x09, 0x01, 0x08, 0x02, 0x07,
    0x02, 0x06, 0x03, 0x05, 0x03, 0x04, 0x01, 0x03, 0x02, 0x02, 0x02, 0x01, 0x08, 0x00, 0x02, 0x01,
    0x02, 0x02, 0x02, 0x03, 0x04, 0x04, 0x02, 0x05, 0x01, 0x06, 0x02, 0x07, 0x02, 0x08, 0x01, 0x09,
    0x02, 0x0A, 0x02, 0x0B, 0x02, 0x0A, 0x03, 0x0B, 0x02, 0x0C, 0x01, 0x0B, 0x01, 0x0C, 0x02, 0x0B,
    0x03, 0x0A, 0x05, 0x09, 0x03, 0x08, 0x02, 0x09, 0x02, 0x08, 0x04, 0x09, 0x02, 0x0A, 0x01, 0x0B,
    0x01, 0x0A, 0x07, 0x0B, 0x02, 0x0A, 0x01, 0x0B, 0x01, 0x0C, 0x01, 0x0B, 0x01, 0x0A, 0x02, 0x09,
    0x01, 0x08, 0x03, 0x07, 0x02, 0x06, 0x02, 0x05, 0x04, 0x04, 0x01, 0x03, 0x01, 0x02, 0x02, 0x01,
    0x0A, 0x00, 0x02, 0x01, 0x01, 0x02, 0x02, 0x03, 0x04, 0x04, 0x03, 0x05, 0x01, 0x06, 0x02, 0x07,
    0x02, 0x08, 0x02, 0x09, 0x01, 0x0A, 0x02, 0x0C, 0x01, 0x0A, 0x01, 0x09, 0x01, 0x0A, 0x01, 0x0B,
    0x01, 0x0C, 0x02, 0x0B, 0x01, 0x0C, 0x01, 0x0B, 0x02, 0x0C, 0x01, 0x0B, 0x03, 0x0A, 0x0C, 0x09,
    0x03, 0x0A, 0x01, 0x0B, 0x01, 0x0C, 0x02, 0x0A, 0x01, 0x0B, 0x04, 0x0C, 0x02, 0x0A, 0x01, 0x0B,
    0x01, 0x0C, 0x01, 0x0B, 0x01, 0x0A, 0x02, 0x09, 0x01, 0x08, 0x03, 0x07, 0x01, 0x06, 0x04, 0x05,
    0x03, 0x04, 0x02, 0x03, 0x01, 0x02, 0x02, 0x01, 0x0A, 0x00, 0x02, 0x01, 0x01, 0x02, 0x03, 0x03,
    0x04, 0x04, 0x02, 0x05, 0x02, 0x06, 0x02, 0x07, 0x01, 0x08, 0x03, 0x09, 0x01, 0x0A, 0x02, 0x0C,
    0x01, 0x0A, 0x01, 0x09, 0x01, 0x0A, 0x05, 0x0C, 0x01, 0x0B, 0x03, 0x0C, 0x01, 0x0B, 0x03, 0x0A,
    0x09, 0x09, 0x02, 0x0A, 0x01, 0x0B, 0x03, 0x0C, 0x02, 0x0A, 0x04, 0x0C, 0x02, 0x0A, 0x01, 0x0B,
    0x01, 0x0C, 0x01, 0x0B, 0x01, 0x0A, 0x02, 0x09, 0x02, 0x08, 0x02, 0x07, 0x01, 0x06, 0x03, 0x05,
    0x04, 0x04, 0x02, 0x03, 0x01, 0x02, 0x02, 0x01, 0x0C, 0x00, 0x02, 0x01, 0x01, 0x02, 0x02, 0x03,
    0x05, 0x04, 0x02, 0x05, 0x02, 0x06, 0x01, 0x07, 0x02, 0x08, 0x03, 0x09, 0x01, 0x0A, 0x01, 0x0C,
    0x02, 0x0B, 0x02, 0x0A, 0x01, 0x0B, 0x03, 0x0C, 0x02, 0x0B, 0x03, 0x0C, 0x02, 0x0B, 0x01, 0x0A,
    0x01, 0x09, 0x08, 0x0A, 0x01, 0x0B, 0x05, 0x0C, 0x01, 0x0A, 0x01, 0x0B, 0x02, 0x0C, 0x01, 0x0B,
    0x02, 0x0A, 0x02, 0x0C, 0x01, 0x0B, 0x02, 0x0A, 0x01, 0x09, 0x02, 0x08, 0x03, 0x07, 0x01, 0x06,
    0x03, 0x05, 0x04, 0x04, 0x02, 0x03, 0x01, 0x02, 0x02, 0x01, 0x0C, 0x00, 0x02, 0x01, 0x02, 0x02,
    0x01, 0x03, 0x06, 0x04, 0x02, 0x05, 0x02, 0x06, 0x02, 0x07, 0x01, 0x08, 0x02, 0x09, 0x02, 0x0A,
    0x01, 0x0B, 0x02, 0x0C, 0x01, 0x0B, 0x01, 0x09, 0x01, 0x0A, 0x01, 0x0B, 0x02, 0x0C, 0x01, 0x0B,
    0x05, 0x0C, 0x03, 0x0B, 0x03, 0x0A, 0x02, 0x0B, 0x02, 0x0C, 0x01, 0x0B, 0x05, 0x0C, 0x01, 0x0A,
    0x02, 0x0B, 0x02, 0x0A, 0x01, 0x0B, 0x02, 0x0C, 0x01, 0x0B, 0x01, 0x0A, 0x02, 0x09, 0x02, 0x08,
    0x03, 0x07, 0x01, 0x06, 0x02, 0x05, 0x05, 0x04, 0x02, 0x03, 0x02, 0x02, 0x02, 0x01, 0x0D, 0x00,
    0x02, 0x01, 0x01, 0x02, 0x02, 0x03, 0x05, 0x04, 0x02, 0x05, 0x02, 0x06, 0x03, 0x07, 0x02, 0x08,
    0x02, 0x09, 0x01, 0x0A, 0x01, 0x0B, 0x02, 0x0C, 0x01, 0x0B, 0x03, 0x0A, 0x08, 0x0B, 0x09, 0x0C,
    0x06, 0x0B, 0x03, 0x0A, 0x01, 0x0B, 0x03, 0x0C, 0x01, 0x0B, 0x01, 0x0A, 0x02, 0x09, 0x01, 0x08,
    0x04, 0x07, 0x01, 0x06, 0x02, 0x05, 0x05, 0x04, 0x02, 0x03, 0x02, 0x02, 0x02, 0x01, 0x0E, 0x00,
    0x02, 0x01, 0x02, 0x02, 0x02, 0x03, 0x05, 0x04, 0x02, 0x05, 0x02, 0x06, 0x03, 0x07, 0x01, 0x08,
    0x03, 0x09, 0x01, 0x0A, 0x01, 0x0B, 0x04, 0x0C, 0x01, 0x0B, 0x02, 0x0A, 0x02, 0x0B, 0x04, 0x0C,
    0x01, 0x0B, 0x08, 0x0C, 0x01, 0x0B, 0x02, 0x0C, 0x01, 0x0B, 0x04, 0x0A, 0x04, 0x0C, 0x01, 0x0B,
    0x01, 0x0A, 0x02, 0x09, 0x02, 0x08, 0x02, 0x07, 0x03, 0x06, 0x02, 0x05, 0x05, 0x04, 0x01, 0x03,
    0x02, 0x02, 0x02, 0x01, 0x10, 0x00, 0x02, 0x01, 0x02, 0x02, 0x01, 0x03, 0x06, 0x04, 0x02, 0x05,
    0x03, 0x06, 0x02, 0x07, 0x02, 0x08, 0x02, 0x09, 0x01, 0x0A, 0x02, 0x0B, 0x03, 0x0C, 0x01, 0x0B,
    0x05, 0x0A, 0x0A, 0x0B, 0x06, 0x0A, 0x01, 0x0B, 0x01, 0x0A, 0x01, 0x0B, 0x02, 0x0C, 0x01, 0x0B,
    0x02, 0x0A, 0x02, 0x09, 0x02, 0x08, 0x02, 0x07, 0x02, 0x06, 0x03, 0x05, 0x05, 0x04, 0x02, 0x03,
    0x01, 0x02, 0x03, 0x01, 0x10, 0x00, 0x03, 0x01, 0x02, 0x02, 0x01, 0x03, 0x06, 0x04, 0x03, 0x05,
    0x02, 0x06, 0x02, 0x07, 0x03, 0x08, 0x01, 0x09, 0x0B, 0x0A, 0x02, 0x09, 0x01, 0x0A, 0x01, 0x09,
    0x05, 0x0A, 0x02, 0x09, 0x0C, 0x0A, 0x02, 0x09, 0x02, 0x08, 0x02, 0x07, 0x02, 0x06, 0x04, 0x05,
    0x05, 0x04, 0x01, 0x03, 0x02, 0x02, 0x02, 0x01, 0x12, 0x00, 0x03, 0x01, 0x02, 0x02, 0x01, 0x03,
    0x05, 0x04, 0x01, 0x05, 0x01, 0x04, 0x02, 0x05, 0x02, 0x06, 0x02, 0x07, 0x02, 0x08, 0x03, 0x09,
    0x03, 0x0A, 0x17, 0x0B, 0x04, 0x0A, 0x02, 0x09, 0x03, 0x08, 0x01, 0x07, 0x03, 0x06, 0x02, 0x05,
    0x06, 0x04, 0x02, 0x03, 0x02, 0x02, 0x02, 0x01, 0x14, 0x00, 0x03, 0x01, 0x02, 0x02, 0x02, 0x03,
    0x03, 0x04, 0x01, 0x05, 0x02, 0x04, 0x02, 0x05, 0x02, 0x06, 0x03, 0x07, 0x02, 0x08, 0x04, 0x09,
    0x01, 0x0A, 0x01, 0x0B, 0x07, 0x0C, 0x02, 0x0B, 0x04, 0x0C, 0x01, 0x0B, 0x06, 0x0C, 0x01, 0x0B,
    0x02, 0x0A, 0x03, 0x09, 0x02, 0x08, 0x03, 0x07, 0x01, 0x06, 0x03, 0x05, 0x06, 0x04, 0x02, 0x03,
    0x02, 0x02, 0x02, 0x01, 0x16, 0x00, 0x02, 0x01, 0x03, 0x02, 0x02, 0x03, 0x06, 0x04, 0x02, 0x05,
    0x02, 0x06, 0x03, 0x07, 0x03, 0x08, 0x03, 0x09, 0x03, 0x0A, 0x02, 0x0B, 0x02, 0x0C, 0x02, 0x0B,
    0x05, 0x0C, 0x02, 0x0B, 0x01, 0x0C, 0x02, 0x0B, 0x02, 0x0A, 0x05, 0x09, 0x01, 0x08, 0x04, 0x07,
    0x01, 0x06, 0x03, 0x05, 0x06, 0x04, 0x02, 0x03, 0x02, 0x02, 0x03, 0x01, 0x17, 0x00, 0x03, 0x01,
    0x02, 0x02, 0x02, 0x03, 0x06, 0x04, 0x03, 0x05, 0x01, 0x06, 0x04, 0x07, 0x02, 0x08, 0x01, 0x09,
    0x01, 0x08, 0x03, 0x09, 0x05, 0x0A, 0x06, 0x0B, 0x05, 0x0A, 0x04, 0x09, 0x02, 0x08, 0x03, 0x07,
    0x04, 0x06, 0x02, 0x05, 0x06, 0x04, 0x02, 0x03, 0x02, 0x02, 0x03, 0x01, 0x19, 0x00, 0x03, 0x01,
    0x02, 0x02, 0x02, 0x03, 0x06, 0x04, 0x03, 0x05, 0x03, 0x06, 0x04, 0x07, 0x02, 0x08, 0x14, 0x09,
    0x02, 0x08, 0x04, 0x07, 0x03, 0x06, 0x03, 0x05, 0x06, 0x04, 0x02, 0x03, 0x02, 0x02, 0x03, 0x01,
    0x1B, 0x00, 0x03, 0x01, 0x02, 0x02, 0x02, 0x03, 0x05, 0x04, 0x05, 0x05, 0x03, 0x06, 0x04, 0x07,
    0x06, 0x08, 0x09, 0x09, 0x05, 0x08, 0x03, 0x07, 0x04, 0x06, 0x03, 0x05, 0x01, 0x04, 0x02, 0x05,
    0x05, 0x04, 0x01, 0x03, 0x02, 0x02, 0x03, 0x01, 0x1D, 0x00, 0x03, 0x01, 0x02, 0x02, 0x02, 0x03,
    0x06, 0x04, 0x04, 0x05, 0x05, 0x06, 0x04, 0x07, 0x01, 0x08, 0x01, 0x07, 0x0B, 0x08, 0x06, 0x07,
    0x03, 0x06, 0x04, 0x05, 0x07, 0x04, 0x02, 0x03, 0x02, 0x02, 0x03, 0x01, 0x1F, 0x00, 0x03, 0x01,
    0x02, 0x02, 0x03, 0x03, 0x04, 0x04, 0x01, 0x05, 0x03, 0x04, 0x04, 0x05, 0x05, 0x06, 0x0F, 0x07,
    0x03, 0x06, 0x01, 0x07, 0x01, 0x06, 0x05, 0x05, 0x05, 0x04, 0x04, 0x03, 0x02, 0x02, 0x03, 0x01,
    0x21, 0x00, 0x03, 0x01, 0x03, 0x02, 0x04, 0x03, 0x08, 0x04, 0x02, 0x05, 0x07, 0x06, 0x03, 0x07,
    0x03, 0x06, 0x03, 0x07, 0x05, 0x06, 0x05, 0x05, 0x08, 0x04, 0x02, 0x03, 0x03, 0x02, 0x03, 0x01,
    0x23, 0x00, 0x03, 0x01, 0x03, 0x02, 0x03, 0x03, 0x07, 0x04, 0x03, 0x05, 0x01, 0x04, 0x04, 0x05,
    0x0C, 0x06, 0x0A, 0x05, 0x06, 0x04, 0x02, 0x03, 0x02, 0x02, 0x04, 0x01, 0x26, 0x00, 0x03, 0x01,
    0x03, 0x02, 0x03, 0x03, 0x06, 0x04, 0x01, 0x05, 0x04, 0x04, 0x05, 0x05, 0x01, 0x06, 0x05, 0x05,
    0x02, 0x06, 0x05, 0x05, 0x03, 0x04, 0x01, 0x05, 0x06, 0x04, 0x02, 0x03, 0x03, 0x02, 0x03, 0x01,
    0x2A, 0x00, 0x03, 0x01, 0x04, 0x02, 0x03, 0x03, 0x0C, 0x04, 0x09, 0x05, 0x0C, 0x04, 0x02, 0x03,
    0x04, 0x02, 0x03, 0x01, 0x2D, 0x00, 0x05, 0x01, 0x04, 0x02, 0x04, 0x03, 0x08, 0x04, 0x01, 0x05,
    0x06, 0x04, 0x02, 0x05, 0x08, 0x04, 0x03, 0x03, 0x04, 0x02, 0x05, 0x01, 0x31, 0x00, 0x06, 0x01,
    0x06, 0x02, 0x06, 0x03, 0x09, 0x04, 0x06, 0x03, 0x06, 0x02, 0x06, 0x01, 0x36, 0x00, 0x08, 0x01,
    0x17, 0x02, 0x08, 0x01, 0x3D, 0x00, 0x1F, 0x01, 0x48, 0x00, 0x10, 0x01, 0xE8, 0x00,
};

constexpr uint8_t NIXIE_PALETTE_1_SIZE = 15;
static constexpr uint16_t NIXIE_PALETTE_1[] = {
    0x0000, 0x0800, 0x0820, 0x2000, 0x3800, 0x4000, 0x6000, 0x80E0,
    0x7820, 0xC9E0, 0xDCC1, 0xE621, 0xEFA1, 0xEF40, 0x9040,
};
static constexpr uint8_t NIXIE_RLE_1[] = {
    0xEB, 0x00, 0x0A, 0x01, 0x51, 0x00, 0x03, 0x01, 0x0E, 0x02, 0x03, 0x01, 0x4A, 0x00, 0x01, 0x01,
    0x16, 0x02, 0x01, 0x01, 0x46, 0x00, 0x01, 0x01, 0x06, 0x02, 0x0D, 0x03, 0x07, 0x02, 0x01, 0x01,
    0x42, 0x00, 0x01, 0x01, 0x05, 0x02, 0x06, 0x03, 0x08, 0x04, 0x06, 0x03, 0x05, 0x02, 0x01, 0x01,
    0x3F, 0x00, 0x01, 0x01, 0x04, 0x02, 0x04, 0x03, 0x0A, 0x04, 0x02, 0x05, 0x04, 0x04, 0x05, 0x03,
    0x03, 0x02, 0x01, 0x01, 0x3D, 0x00, 0x01, 0x01, 0x02, 0x02, 0x03, 0x03, 0x03, 0x04, 0x01, 0x03,
    0x04, 0x04, 0x08, 0x05, 0x08, 0x04, 0x03, 0x03, 0x02, 0x02, 0x01, 0x01, 0x3B, 0x00, 0x01, 0x01,
    0x02, 0x02, 0x03, 0x03, 0x09, 0x04, 0x09, 0x05, 0x08, 0x04, 0x03, 0x03, 0x02, 0x02, 0x01, 0x01,
    0x39, 0x00, 0x01, 0x01, 0x02, 0x02, 0x03, 0x03, 0x08, 0x04, 0x02, 0x05, 0x01, 0x06, 0x09, 0x05,
    0x08, 0x04, 0x03, 0x03, 0x02, 0x02, 0x01, 0x01, 0x38, 0x00, 0x03, 0x02, 0x02, 0x03, 0x03, 0x04,
    0x06, 0x05, 0x0B, 0x06, 0x06, 0x05, 0x04, 0x04, 0x02, 0x03, 0x03, 0x02, 0x37, 0x00, 0x01, 0x01,
    0x02, 0x02, 0x02, 0x03, 0x04, 0x04, 0x03, 0x05, 0x07, 0x06, 0x03, 0x07, 0x07, 0x06, 0x04, 0x05,
    0x02, 0x04, 0x04, 0x03, 0x02, 0x02, 0x01, 0x01, 0x36, 0x00, 0x02, 0x02, 0x02, 0x03, 0x05, 0x04,
    0x03, 0x05, 0x03, 0x06, 0x01, 0x08, 0x01, 0x06, 0x09, 0x07, 0x03, 0x06, 0x05, 0x05, 0x04, 0x04,
    0x02, 0x03, 0x02, 0x02, 0x35, 0x00, 0x01, 0x01, 0x02, 0x02, 0x02, 0x03, 0x04, 0x04, 0x01, 0x05,
    0x05, 0x06, 0x06, 0x07, 0x03, 0x09, 0x04, 0x07, 0x03, 0x06, 0x04, 0x05, 0x04, 0x04, 0x02, 0x03,
    0x02, 0x02, 0x01, 0x01, 0x34, 0x00, 0x03, 0x02, 0x01, 0x03, 0x04, 0x04, 0x02, 0x05, 0x04, 0x06,
    0x03, 0x07, 0x02, 0x09, 0x05, 0x0A, 0x02, 0x09, 0x04, 0x07, 0x03, 0x06, 0x03, 0x05, 0x04, 0x04,
    0x02, 0x03, 0x02, 0x02, 0x33, 0x00, 0x01, 0x01, 0x02, 0x02, 0x02, 0x03, 0x03, 0x04, 0x02, 0x05,
    0x04, 0x06, 0x02, 0x07, 0x02, 0x09, 0x02, 0x0A, 0x01, 0x0B, 0x03, 0x0C, 0x01, 0x0D, 0x01, 0x0B,
    0x01, 0x0A, 0x01, 0x09, 0x03, 0x07, 0x03, 0x06, 0x05, 0x05, 0x02, 0x04, 0x02, 0x03, 0x02, 0x02,
    0x01, 0x01, 0x32, 0x00, 0x03, 0x02, 0x02, 0x03, 0x01, 0x04, 0x03, 0x05, 0x04, 0x06, 0x01, 0x08,
    0x02, 0x07, 0x01, 0x09, 0x01, 0x0B, 0x02, 0x0C, 0x01, 0x0A, 0x06, 0x0B, 0x01, 0x0D, 0x01, 0x0A,
    0x01, 0x09, 0x02, 0x07, 0x05, 0x06, 0x02, 0x05, 0x03, 0x04, 0x02, 0x03, 0x02, 0x02, 0x32, 0x00,
    0x02, 0x02, 0x02, 0x03, 0x01, 0x04, 0x04, 0x05, 0x04, 0x06, 0x02, 0x07, 0x02, 0x09, 0x03, 0x0A,
    0x01, 0x09, 0x01, 0x0A, 0x02, 0x09, 0x03, 0x0A, 0x01, 0x0B, 0x01, 0x0A, 0x01, 0x09, 0x03, 0x07,
    0x04, 0x06, 0x02, 0x05, 0x03, 0x04, 0x02, 0x03, 0x02, 0x02, 0x31, 0x00, 0x01, 0x01, 0x02, 0x02,
    0x02, 0x03, 0x01, 0x04, 0x04, 0x05, 0x03, 0x06, 0x03, 0x07, 0x10, 0x09, 0x02, 0x07, 0x04, 0x06,
    0x03, 0x05, 0x02, 0x04, 0x02, 0x03, 0x02, 0x02, 0x01, 0x01, 0x30, 0x00, 0x01, 0x01, 0x01, 0x02,
    0x02, 0x03, 0x02, 0x04, 0x04, 0x05, 0x02, 0x06, 0x01, 0x08, 0x02, 0x07, 0x02, 0x09, 0x04, 0x0A,
    0x03, 0x0B, 0x02, 0x09, 0x02, 0x0A, 0x04, 0x09, 0x02, 0x07, 0x01, 0x08, 0x03, 0x06, 0x04, 0x05,
    0x02, 0x04, 0x02, 0x03, 0x02, 0x02, 0x30, 0x00, 0x02, 0x02, 0x02, 0x03, 0x02, 0x04, 0x03, 0x05,
    0x03, 0x06, 0x01, 0x08, 0x02, 0x07, 0x01, 0x09, 0x01, 0x0A, 0x01, 0x0D, 0x02, 0x0B, 0x03, 0x0C,
    0x01, 0x0B, 0x01, 0x09, 0x01, 0x0B, 0x02, 0x0C, 0x01, 0x0D, 0x02, 0x0A, 0x01, 0x09, 0x03, 0x07,
    0x01, 0x08, 0x02, 0x06, 0x05, 0x05, 0x01, 0x04, 0x02, 0x03, 0x02, 0x02, 0x30, 0x00, 0x02, 0x02,
    0x02, 0x03, 0x01, 0x04, 0x04, 0x05, 0x03, 0x06, 0x01, 0x08, 0x02, 0x07, 0x01, 0x09, 0x01, 0x0A,
    0x01, 0x0B, 0x01, 0x0A, 0x01, 0x0B, 0x01, 0x0C, 0x02, 0x0D, 0x02, 0x09, 0x01, 0x0C, 0x03, 0x0D,
    0x02, 0x0A, 0x01, 0x09, 0x03, 0x07, 0x01, 0x08, 0x03, 0x06, 0x04, 0x05, 0x01, 0x04, 0x02, 0x03,
    0x02, 0x02, 0x2F, 0x00, 0x01, 0x01, 0x02, 0x02, 0x02, 0x03, 0x04, 0x05, 0x04, 0x06, 0x01, 0x08,
    0x02, 0x07, 0x01, 0x09, 0x01, 0x0A, 0x02, 0x0C, 0x01, 0x0A, 0x01, 0x0B, 0x01, 0x0C, 0x01, 0x0B,
    0x01, 0x09, 0x01, 0x0B, 0x01, 0x0C, 0x01, 0x0D, 0x01, 0x0C, 0x01, 0x0A, 0x01, 0x0B, 0x01, 0x0D,
    0x02, 0x09, 0x02, 0x07, 0x01, 0x08, 0x03, 0x06, 0x05, 0x05, 0x01, 0x04, 0x01, 0x03, 0x02, 0x02,
    0x01, 0x01, 0x2E, 0x00, 0x01, 0x01, 0x02, 0x02, 0x01, 0x03, 0x01, 0x04, 0x04, 0x05, 0x03, 0x06,
    0x01, 0x08, 0x03, 0x07, 0x01, 0x09, 0x01, 0x0A, 0x01, 0x0D, 0x01, 0x0C, 0x01, 0x0B, 0x01, 0x0A,
    0x01, 0x0C, 0x01, 0x0A, 0x01, 0x09, 0x02, 0x0D, 0x01, 0x0C, 0x01, 0x0B, 0x01, 0x0A, 0x01, 0x0C,
    0x01, 0x0B, 0x02, 0x09, 0x02, 0x07, 0x01, 0x08, 0x04, 0x06, 0x03, 0x05, 0x01, 0x04, 0x02, 0x03,
    0x02, 0x02, 0x01, 0x01, 0x2E, 0x00, 0x02, 0x02, 0x02, 0x03, 0x01, 0x04, 0x03, 0x05, 0x04, 0x06,
    0x01, 0x08, 0x03, 0x07, 0x01, 0x09, 0x01, 0x0A, 0x01, 0x0C, 0x01, 0x0D, 0x01, 0x0C, 0x01, 0x0B,
    0x01, 0x0A, 0x01, 0x09, 0x01, 0x0B, 0x02, 0x0C, 0x01, 0x0D, 0x01, 0x0A, 0x01, 0x0B, 0x01, 0x0D,
    0x03, 0x09, 0x02, 0x07, 0x02, 0x08, 0x03, 0x06, 0x04, 0x05, 0x01, 0x04, 0x02, 0x03, 0x01, 0x02,
    0x01, 0x01, 0x2E, 0x00, 0x02, 0x02, 0x02, 0x03, 0x01, 0x04, 0x01, 0x05, 0x05, 0x06, 0x02, 0x08,
    0x02, 0x07, 0x02, 0x09, 0x01, 0x0A, 0x01, 0x0C, 0x03, 0x0D, 0x02, 0x09, 0x01, 0x0B, 0x01, 0x0A,
    0x01, 0x0B, 0x02, 0x0A, 0x01, 0x0C, 0x01, 0x0A, 0x02, 0x09, 0x03, 0x07, 0x01, 0x08, 0x07, 0x06,
    0x01, 0x05, 0x01, 0x04, 0x02, 0x03, 0x01, 0x02, 0x01, 0x01, 0x2E, 0x00, 0x02, 0x02, 0x02, 0x03,
    0x01, 0x04, 0x01, 0x05, 0x05, 0x06, 0x02, 0x08, 0x02, 0x07, 0x02, 0x09, 0x01, 0x0A, 0x01, 0x0C,
    0x01, 0x0D, 0x01, 0x0C, 0x01, 0x0B, 0x01, 0x09, 0x01, 0x0B, 0x03, 0x0D, 0x01, 0x0B, 0x02, 0x0A,
    0x01, 0x09, 0x01, 0x0A, 0x02, 0x09, 0x02, 0x07, 0x02, 0x08, 0x05, 0x06, 0x02, 0x05, 0x01, 0x04,
    0x02, 0x03, 0x02, 0x02, 0x2E, 0x00, 0x02, 0x02, 0x02, 0x03, 0x01, 0x04, 0x02, 0x05, 0x04, 0x06,
    0x02, 0x08, 0x01, 0x0E, 0x01, 0x07, 0x02, 0x09, 0x01, 0x0A, 0x01, 0x0C, 0x02, 0x0D, 0x01, 0x09,
    0x01, 0x0A, 0x01, 0x0C, 0x01, 0x0D, 0x01, 0x0C, 0x01, 0x0D, 0x01, 0x0C, 0x01, 0x0B, 0x01, 0x09,
    0x01, 0x0A, 0x01, 0x0D, 0x02, 0x09, 0x02, 0x07, 0x02, 0x08, 0x05, 0x06, 0x02, 0x05, 0x01, 0x04,
    0x02, 0x03, 0x02, 0x02, 0x2E, 0x00, 0x01, 0x01, 0x03, 0x03, 0x04, 0x05, 0x03, 0x06, 0x02, 0x08,
    0x02, 0x0E, 0x02, 0x09, 0x01, 0x0A, 0x02, 0x0C, 0x01, 0x0A, 0x01, 0x09, 0x01, 0x0D, 0x01, 0x0C,
    0x03, 0x0D, 0x01, 0x0C, 0x01, 0x0A, 0x01, 0x09, 0x01, 0x0D, 0x01, 0x0B, 0x02, 0x09, 0x02, 0x07,
    0x01, 0x0E, 0x01, 0x08, 0x05, 0x06, 0x02, 0x05, 0x01, 0x04, 0x02, 0x03, 0x02, 0x02, 0x2D, 0x00,
    0x01, 0x01, 0x01, 0x02, 0x02, 0x03, 0x01, 0x04, 0x03, 0x05, 0x04, 0x06, 0x02, 0x08, 0x02, 0x0E,
    0x02, 0x09, 0x01, 0x0A, 0x02, 0x0D, 0x01, 0x09, 0x01, 0x0A, 0x01, 0x0C, 0x03, 0x0D, 0x01, 0x0C,
    0x01, 0x0B, 0x01, 0x09, 0x01, 0x0B, 0x01, 0x0A, 0x01, 0x0B, 0x02, 0x09, 0x03, 0x0E, 0x01, 0x08,
    0x05, 0x06, 0x02, 0x05, 0x01, 0x04, 0x02, 0x03, 0x01, 0x02, 0x01, 0x01, 0x2D, 0x00, 0x01, 0x01,
    0x02, 0x02, 0x01, 0x03, 0x01, 0x04, 0x02, 0x05, 0x05, 0x06, 0x02, 0x08, 0x03, 0x0E, 0x02, 0x09,
    0x01, 0x0B, 0x01, 0x0A, 0x01, 0x09, 0x01, 0x0D, 0x01, 0x0C, 0x02, 0x0D, 0x01, 0x0C, 0x01, 0x0D,
    0x01, 0x09, 0x01, 0x0A, 0x01, 0x0C, 0x02, 0x0A, 0x02, 0x09, 0x03, 0x0E, 0x01, 0x08, 0x05, 0x06,
    0x02, 0x05, 0x01, 0x04, 0x02, 0x03, 0x01, 0x02, 0x02, 0x01, 0x2C, 0x00, 0x01, 0x01, 0x01, 0x02,
    0x02, 0x03, 0x01, 0x04, 0x02, 0x05, 0x05, 0x06, 0x02, 0x08, 0x02, 0x0E, 0x02, 0x09, 0x01, 0x0A,
    0x01, 0x0C, 0x02, 0x09, 0x04, 0x0D, 0x01, 0x0C, 0x02, 0x09, 0x01, 0x0C, 0x01, 0x0A, 0x02, 0x0B,
    0x02, 0x09, 0x01, 0x07, 0x02, 0x0E, 0x02, 0x08, 0x05, 0x06, 0x01, 0x05, 0x01, 0x04, 0x02, 0x03,
    0x01, 0x02, 0x02, 0x01, 0x2C, 0x00, 0x02, 0x02, 0x02, 0x03, 0x01, 0x04, 0x01, 0x05, 0x06, 0x06,
    0x02, 0x08, 0x01, 0x0E, 0x01, 0x07, 0x02, 0x09, 0x01, 0x0A, 0x01, 0x0B, 0x01, 0x09, 0x02, 0x0A,
    0x01, 0x0C, 0x01, 0x0D, 0x01, 0x0C, 0x01, 0x0A, 0x01, 0x09, 0x02, 0x0D, 0x01, 0x0A, 0x01, 0x0C,
    0x01, 0x0B, 0x02, 0x09, 0x02, 0x07, 0x01, 0x0E, 0x02, 0x08, 0x05, 0x06, 0x01, 0x05, 0x01, 0x04,
    0x02, 0x03, 0x01, 0x02, 0x02, 0x01, 0x2C, 0x00, 0x01, 0x01, 0x01, 0x02, 0x02, 0x03, 0x01, 0x04,
    0x01, 0x05, 0x06, 0x06, 0x01, 0x08, 0x02, 0x0E, 0x01, 0x07, 0x02, 0x09, 0x01, 0x0A, 0x01, 0x09,
    0x01, 0x0A, 0x01, 0x0C, 0x01, 0x0A, 0x01, 0x0B, 0x01, 0x0C, 0x01, 0x0B, 0x01, 0x09, 0x01, 0x0B,
    0x01, 0x0C, 0x01, 0x0A, 0x01, 0x0B, 0x01, 0x0C, 0x01, 0x0B, 0x02, 0x09, 0x01, 0x07, 0x02, 0x0E,
    0x02, 0x08, 0x05, 0x06, 0x01, 0x05, 0x01, 0x04, 0x02, 0x03, 0x02, 0x02, 0x01, 0x01, 0x2C, 0x00,
    0x01, 0x01, 0x01, 0x02, 0x02, 0x03, 0x01, 0x04, 0x01, 0x05, 0x05, 0x06, 0x02, 0x08, 0x03, 0x0E,
    0x04, 0x09, 0x01, 0x0D, 0x01, 0x0C, 0x01, 0x0D, 0x01, 0x0A, 0x01, 0x0B, 0x02, 0x09, 0x01, 0x0B,
    0x02, 0x0A, 0x02, 0x0C, 0x01, 0x0B, 0x02, 0x09, 0x03, 0x0E, 0x04, 0x08, 0x03, 0x06, 0x01, 0x05,
    0x01, 0x04, 0x02, 0x03, 0x02, 0x02, 0x01, 0x01, 0x2C, 0x00, 0x01, 0x01, 0x01, 0x02, 0x02, 0x03,
    0x01, 0x04, 0x01, 0x05, 0x04, 0x06, 0x02, 0x08, 0x04, 0x0E, 0x03, 0x09, 0x01, 0x0A, 0x02, 0x0C,
    0x01, 0x0B, 0x02, 0x0A, 0x01, 0x09, 0x03, 0x0B, 0x01, 0x0A, 0x01, 0x0D, 0x01, 0x0C, 0x01, 0x0B,
    0x02, 0x09, 0x01, 0x07, 0x02, 0x0E, 0x03, 0x08, 0x04, 0x06, 0x01, 0x05, 0x01, 0x04, 0x02, 0x03,
    0x02, 0x02, 0x01, 0x01, 0x2C, 0x00, 0x01, 0x01, 0x01, 0x02, 0x02, 0x03, 0x01, 0x04, 0x01, 0x05,
    0x05, 0x06, 0x02, 0x08, 0x03, 0x0E, 0x03, 0x09, 0x03, 0x0D, 0x01, 0x0A, 0x01, 0x0B, 0x01, 0x09,
    0x01, 0x0B, 0x01, 0x0C, 0x01, 0x0D, 0x01, 0x0C, 0x01, 0x0A, 0x01, 0x0B, 0x01, 0x0C, 0x01, 0x0B,
    0x02, 0x09, 0x01, 0x07, 0x02, 0x0E, 0x02, 0x08, 0x05, 0x06, 0x01, 0x05, 0x01, 0x04, 0x02, 0x03,
    0x02, 0x02, 0x2D, 0x00, 0x01, 0x01, 0x01, 0x02, 0x02, 0x03, 0x01, 0x04, 0x01, 0x05, 0x05, 0x06,
    0x02, 0x08, 0x03, 0x0E, 0x02, 0x09, 0x01, 0x0A, 0x02, 0x0C, 0x02, 0x0B, 0x01, 0x09, 0x01, 0x0A,
    0x01, 0x0C, 0x04, 0x0D, 0x01, 0x0A, 0x01, 0x0C, 0x01, 0x0B, 0x02, 0x09, 0x01, 0x07, 0x03, 0x0E,
    0x02, 0x08, 0x04, 0x06, 0x01, 0x05, 0x01, 0x04, 0x02, 0x03, 0x01, 0x02, 0x01, 0x01, 0x2D, 0x00,
    0x01, 0x01, 0x01, 0x02, 0x02, 0x03, 0x01, 0x04, 0x01, 0x05, 0x04, 0x06, 0x03, 0x08, 0x03, 0x0E,
    0x02, 0x09, 0x01, 0x0A, 0x01, 0x0C, 0x01, 0x0D, 0x01, 0x0B, 0x01, 0x0A, 0x01, 0x09, 0x05, 0x0D,
    0x01, 0x0C, 0x03, 0x0B, 0x02, 0x09, 0x04, 0x0E, 0x02, 0x08, 0x04, 0x06, 0x01, 0x05, 0x01, 0x04,
    0x02, 0x03, 0x01, 0x02, 0x01, 0x01, 0x2D, 0x00, 0x01, 0x01, 0x01, 0x02, 0x02, 0x03, 0x01, 0x04,
    0x01, 0x05, 0x05, 0x06, 0x02, 0x08, 0x03, 0x0E, 0x03, 0x09, 0x01, 0x0B, 0x02, 0x0A, 0x01, 0x09,
    0x01, 0x0B, 0x01, 0x0C, 0x06, 0x0D, 0x02, 0x0A, 0x02, 0x09, 0x03, 0x0E, 0x03, 0x08, 0x04, 0x06,
    0x01, 0x05, 0x01, 0x04, 0x02, 0x03, 0x01, 0x02, 0x01, 0x01, 0x2D, 0x00, 0x01, 0x01, 0x01, 0x02,
    0x02, 0x03, 0x01, 0x04, 0x01, 0x05, 0x05, 0x06, 0x02, 0x08, 0x03, 0x0E, 0x02, 0x09, 0x01, 0x0A,
    0x01, 0x0C, 0x01, 0x0D, 0x01, 0x09, 0x01, 0x0A, 0x01, 0x0C, 0x05, 0x0D, 0x01, 0x0C, 0x03, 0x0B,
    0x02, 0x09, 0x03, 0x0E, 0x03, 0x08, 0x04, 0x06, 0x01, 0x05, 0x01, 0x04, 0x02, 0x03, 0x01, 0x02,
    0x01, 0x01, 0x2D, 0x00, 0x01, 0x01, 0x01, 0x02, 0x02, 0x03, 0x01, 0x04, 0x01, 0x05, 0x05, 0x06,
    0x02, 0x08, 0x03, 0x0E, 0x02, 0x09, 0x01, 0x0A, 0x01, 0x0C, 0x01, 0x0A, 0x01, 0x09, 0x01, 0x0B,
    0x01, 0x0C, 0x04, 0x0D, 0x01, 0x0C, 0x01, 0x0D, 0x01, 0x0A, 0x01, 0x0D, 0x01, 0x0B, 0x02, 0x09,
    0x04, 0x0E, 0x02, 0x08, 0x04, 0x06, 0x01, 0x05, 0x01, 0x04, 0x02, 0x03, 0x01, 0x02, 0x01, 0x01,
    0x2D, 0x00, 0x01, 0x01, 0x01, 0x02, 0x02, 0x03, 0x01, 0x04, 0x01, 0x05, 0x05, 0x06, 0x02, 0x08,
    0x03, 0x0E, 0x02, 0x09, 0x01, 0x0A, 0x01, 0x0B, 0x01, 0x09, 0x01, 0x0B, 0x01, 0x0A, 0x01, 0x0B,
    0x05, 0x0C, 0x01, 0x0A, 0x01, 0x0B, 0x01, 0x0C, 0x01, 0x0B, 0x02, 0x09, 0x04, 0x0E, 0x02, 0x08,
    0x04, 0x06, 0x01, 0x05, 0x01, 0x04, 0x02, 0x03, 0x01, 0x02, 0x01, 0x01, 0x2D, 0x00, 0x01, 0x01,
    0x01, 0x02, 0x02, 0x03, 0x01, 0x04, 0x01, 0x05, 0x04, 0x06, 0x02, 0x08, 0x04, 0x0E, 0x02, 0x09,
    0x01, 0x0A, 0x01, 0x09, 0x01, 0x0A, 0x01, 0x0C, 0x01, 0x0B, 0x01, 0x0A, 0x01, 0x0D, 0x02, 0x0B,
    0x01, 0x0D, 0x01, 0x0B, 0x01, 0x0A, 0x02, 0x0C, 0x01, 0x0B, 0x02, 0x09, 0x04, 0x0E, 0x03, 0x08,
    0x03, 0x06, 0x01, 0x05, 0x01, 0x04, 0x02, 0x03, 0x01, 0x02, 0x01, 0x01, 0x2D, 0x00, 0x01, 0x01,
    0x01, 0x02, 0x02, 0x03, 0x01, 0x04, 0x01, 0x05, 0x04, 0x06, 0x02, 0x08, 0x04, 0x0E, 0x04, 0x09,
    0x02, 0x0C, 0x01, 0x0D, 0x01, 0x0A, 0x05, 0x0B, 0x01, 0x0A, 0x02, 0x0C, 0x01, 0x0B, 0x02, 0x09,
    0x04, 0x0E, 0x03, 0x08, 0x03, 0x06, 0x01, 0x05, 0x01, 0x04, 0x02, 0x03, 0x01, 0x02, 0x01, 0x01,
    0x2D, 0x00, 0x01, 0x01, 0x01, 0x02, 0x02, 0x03, 0x01, 0x04, 0x01, 0x05, 0x04, 0x06, 0x02, 0x08,
    0x04, 0x0E, 0x03, 0x09, 0x01, 0x0B, 0x02, 0x0C, 0x01, 0x0A, 0x01, 0x0B, 0x05, 0x0C, 0x01, 0x0A,
    0x01, 0x0B, 0x01, 0x0C, 0x01, 0x0B, 0x02, 0x09, 0x04, 0x0E, 0x02, 0x08, 0x04, 0x06, 0x01, 0x05,
    0x01, 0x04, 0x02, 0x03, 0x01, 0x02, 0x01, 0x01, 0x2D, 0x00, 0x01, 0x01, 0x01, 0x02, 0x02, 0x03,
    0x01, 0x04, 0x01, 0x05, 0x04, 0x06, 0x03, 0x08, 0x03, 0x0E, 0x02, 0x09, 0x01, 0x0A, 0x01, 0x0D,
    0x01, 0x0C, 0x02, 0x0B, 0x01, 0x0C, 0x06, 0x0D, 0x01, 0x0A, 0x01, 0x0C, 0x01, 0x0B, 0x02, 0x09,
    0x04, 0x0E, 0x02, 0x08, 0x04, 0x06, 0x01, 0x05, 0x01, 0x04, 0x02, 0x03, 0x01, 0x02, 0x01, 0x01,
    0x2D, 0x00, 0x01, 0x01, 0x01, 0x02, 0x02, 0x03, 0x01, 0x04, 0x01, 0x05, 0x04, 0x06, 0x03, 0x08,
    0x03, 0x0E, 0x02, 0x09, 0x01, 0x0A, 0x01, 0x0C, 0x01, 0x0D, 0x01, 0x0A, 0x01, 0x0D, 0x01, 0x0C,
    0x05, 0x0D, 0x01, 0x0C, 0x03, 0x0B, 0x02, 0x09, 0x04, 0x0E, 0x02, 0x08, 0x04, 0x06, 0x02, 0x05,
    0x03, 0x03, 0x01, 0x01, 0x2D, 0x00, 0x01, 0x01, 0x01, 0x02, 0x02, 0x03, 0x01, 0x04, 0x01, 0x05,
    0x04, 0x06, 0x03, 0x08, 0x03, 0x0E, 0x03, 0x09, 0x01, 0x0B, 0x01, 0x0A, 0x01, 0x0B, 0x01, 0x0C,
    0x08, 0x0D, 0x02, 0x0A, 0x02, 0x09, 0x04, 0x0E, 0x02, 0x08, 0x04, 0x06, 0x02, 0x05, 0x01, 0x04,
    0x02, 0x03, 0x02, 0x01, 0x2C, 0x00, 0x01, 0x01, 0x01, 0x02, 0x02, 0x03, 0x01, 0x04, 0x01, 0x05,
    0x04, 0x06, 0x03, 0x08, 0x03, 0x0E, 0x02, 0x09, 0x01, 0x0A, 0x01, 0x0D, 0x01, 0x0B, 0x01, 0x0A,
    0x01, 0x0C, 0x06, 0x0D, 0x01, 0x0C, 0x01, 0x0B, 0x01, 0x0A, 0x01, 0x0B, 0x02, 0x09, 0x04, 0x0E,
    0x02, 0x08, 0x04, 0x06, 0x02, 0x05, 0x01, 0x04, 0x01, 0x03, 0x02, 0x02, 0x01, 0x01, 0x2C, 0x00,
    0x01, 0x01, 0x01, 0x02, 0x02, 0x03, 0x01, 0x04, 0x01, 0x05, 0x04, 0x06, 0x03, 0x08, 0x03, 0x0E,
    0x02, 0x09, 0x01, 0x0A, 0x02, 0x0C, 0x01, 0x0A, 0x01, 0x0B, 0x01, 0x0C, 0x06, 0x0D, 0x01, 0x0A,
    0x01, 0x0D, 0x01, 0x0B, 0x02, 0x09, 0x04, 0x0E, 0x03, 0x08, 0x03, 0x06, 0x02, 0x05, 0x01, 0x04,
    0x01, 0x03, 0x02, 0x02, 0x01, 0x01, 0x2C, 0x00, 0x01, 0x01, 0x01, 0x02, 0x02, 0x03, 0x01, 0x04,
    0x01, 0x05, 0x04, 0x06, 0x02, 0x08, 0x04, 0x0E, 0x02, 0x09, 0x01, 0x0A, 0x01, 0x0C, 0x02, 0x0D,
    0x01, 0x0A, 0x01, 0x0D, 0x05, 0x0C, 0x02, 0x0B, 0x01, 0x0C, 0x01, 0x0B, 0x02, 0x09, 0x04, 0x0E,
    0x03, 0x08, 0x04, 0x06, 0x01, 0x05, 0x01, 0x04, 0x02, 0x03, 0x01, 0x02, 0x01, 0x01, 0x2C, 0x00,
    0x01, 0x01, 0x01, 0x02, 0x02, 0x03, 0x01, 0x04, 0x01, 0x05, 0x04, 0x06, 0x02, 0x08, 0x04, 0x0E,
    0x02, 0x09, 0x01, 0x0A, 0x01, 0x0C, 0x01, 0x0D, 0x01, 0x0C, 0x02, 0x0B, 0x04, 0x0D, 0x01, 0x0B,
    0x01, 0x0A, 0x01, 0x0D, 0x01, 0x0C, 0x01, 0x0B, 0x02, 0x09, 0x04, 0x0E, 0x03, 0x08, 0x04, 0x06,
    0x01, 0x05, 0x01, 0x04, 0x02, 0x03, 0x01, 0x02, 0x01, 0x01, 0x2C, 0x00, 0x01, 0x01, 0x01, 0x02,
    0x02, 0x03, 0x01, 0x04, 0x01, 0x05, 0x03, 0x06, 0x03, 0x08, 0x04, 0x0E, 0x02, 0x09, 0x01, 0x0A,
    0x01, 0x0C, 0x01, 0x0D, 0x01, 0x0C, 0x01, 0x0D, 0x01, 0x0A, 0x02, 0x0B, 0x01, 0x0A, 0x01, 0x0B,
    0x02, 0x0A, 0x02, 0x0C, 0x01, 0x0B, 0x02, 0x09, 0x05, 0x0E, 0x02, 0x08, 0x04, 0x06, 0x01, 0x05,
    0x01, 0x04, 0x02, 0x03, 0x01, 0x02, 0x01, 0x01, 0x2C, 0x00, 0x01, 0x01, 0x01, 0x02, 0x02, 0x03,
    0x01, 0x04, 0x01, 0x05, 0x03, 0x06, 0x03, 0x08, 0x04, 0x0E, 0x02, 0x09, 0x01, 0x0A, 0x01, 0x0C,
    0x01, 0x0D, 0x01, 0x0C, 0x01, 0x0A, 0x01, 0x0B, 0x05, 0x0C, 0x01, 0x0A, 0x01, 0x0B, 0x01, 0x0C,
    0x01, 0x0B, 0x02, 0x09, 0x04, 0x0E, 0x03, 0x08, 0x04, 0x06, 0x01, 0x05, 0x01, 0x04, 0x02, 0x03,
    0x01, 0x02, 0x01, 0x01, 0x2C, 0x00, 0x01, 0x01, 0x01, 0x02, 0x02, 0x03, 0x01, 0x04, 0x01, 0x05,
    0x04, 0x06, 0x02, 0x08, 0x04, 0x0E, 0x02, 0x09, 0x01, 0x0A, 0x02, 0x0D, 0x01, 0x0B, 0x01, 0x0A,
    0x01, 0x0C, 0x04, 0x0D, 0x01, 0x0C, 0x01, 0x0B, 0x01, 0x0A, 0x01, 0x0C, 0x01, 0x0B, 0x02, 0x09,
    0x04, 0x0E, 0x03, 0x08, 0x04, 0x06, 0x01, 0x05, 0x01, 0x04, 0x02, 0x03, 0x01, 0x02, 0x01, 0x01,
    0x2C, 0x00, 0x01, 0x01, 0x01, 0x02, 0x02, 0x03, 0x01, 0x04, 0x01, 0x05, 0x04, 0x06, 0x02, 0x08,
    0x04, 0x0E, 0x02, 0x09, 0x01, 0x0A, 0x01, 0x0C, 0x01, 0x0D, 0x01, 0x0A, 0x01, 0x0B, 0x01, 0x0C,
    0x05, 0x0D, 0x01, 0x0C, 0x01, 0x0A, 0x01, 0x0B, 0x01, 0x0A, 0x02, 0x09, 0x04, 0x0E, 0x03, 0x08,
    0x04, 0x06, 0x01, 0x05, 0x01, 0x04, 0x02, 0x03, 0x01, 0x02, 0x01, 0x01, 0x2C, 0x00, 0x01, 0x01,
    0x01, 0x02, 0x02, 0x03, 0x01, 0x04, 0x01, 0x05, 0x04, 0x06, 0x02, 0x08, 0x04, 0x0E, 0x03, 0x09,
    0x01, 0x0D, 0x01, 0x0A, 0x01, 0x0B, 0x09, 0x0C, 0x01, 0x0A, 0x03, 0x09, 0x04, 0x0E, 0x03, 0x08,
    0x04, 0x06, 0x01, 0x05, 0x01, 0x04, 0x02, 0x03, 0x01, 0x02, 0x01, 0x01, 0x2C, 0x00, 0x02, 0x02,
    0x02, 0x03, 0x01, 0x04, 0x01, 0x05, 0x04, 0x06, 0x02, 0x08, 0x04, 0x0E, 0x03, 0x09, 0x01, 0x0B,
    0x02, 0x0A, 0x01, 0x0B, 0x07, 0x0A, 0x01, 0x0B, 0x04, 0x09, 0x04, 0x0E, 0x03, 0x08, 0x04, 0x06,
    0x01, 0x05, 0x01, 0x04, 0x02, 0x03, 0x02, 0x02, 0x2C, 0x00, 0x02, 0x02, 0x02, 0x03, 0x01, 0x04,
    0x01, 0x05, 0x04, 0x06, 0x03, 0x08, 0x03, 0x0E, 0x13, 0x09, 0x04, 0x0E, 0x03, 0x08, 0x04, 0x06,
    0x01, 0x05, 0x01, 0x04, 0x02, 0x03, 0x02, 0x02, 0x2C, 0x00, 0x01, 0x02, 0x03, 0x03, 0x01, 0x04,
    0x01, 0x05, 0x04, 0x06, 0x02, 0x08, 0x04, 0x0E, 0x13, 0x09, 0x04, 0x0E, 0x02, 0x08, 0x05, 0x06,
    0x01, 0x05, 0x01, 0x04, 0x02, 0x03, 0x02, 0x02, 0x2C, 0x00, 0x01, 0x02, 0x03, 0x03, 0x01, 0x04,
    0x01, 0x05, 0x03, 0x06, 0x03, 0x08, 0x04, 0x0E, 0x03, 0x09, 0x05, 0x0A, 0x03, 0x0B, 0x02, 0x0A,
    0x01, 0x09, 0x01, 0x0A, 0x04, 0x09, 0x04, 0x0E, 0x03, 0x08, 0x04, 0x06, 0x01, 0x05, 0x01, 0x04,
    0x02, 0x03, 0x02, 0x02, 0x2C, 0x00, 0x01, 0x02, 0x03, 0x03, 0x01, 0x04, 0x01, 0x05, 0x03, 0x06,
    0x03, 0x08, 0x04, 0x0E, 0x02, 0x09, 0x01, 0x0A, 0x03, 0x0C, 0x01, 0x0D, 0x01, 0x0A, 0x04, 0x0B,
    0x01, 0x0A, 0x01, 0x0B, 0x01, 0x0C, 0x01, 0x0D, 0x01, 0x0B, 0x02, 0x09, 0x05, 0x0E, 0x03, 0x08,
    0x03, 0x06, 0x01, 0x05, 0x01, 0x04, 0x02, 0x03, 0x02, 0x02, 0x2C, 0x00, 0x01, 0x02, 0x03, 0x03,
    0x01, 0x04, 0x01, 0x05, 0x04, 0x06, 0x02, 0x08, 0x04, 0x0E, 0x02, 0x09, 0x01, 0x0A, 0x02, 0x0D,
    0x01, 0x0C, 0x02, 0x0B, 0x05, 0x0D, 0x01, 0x0A, 0x01, 0x0D, 0x01, 0x0C, 0x01, 0x0B, 0x02, 0x09,
    0x04, 0x0E, 0x03, 0x08, 0x04, 0x06, 0x01, 0x05, 0x01, 0x04, 0x02, 0x03, 0x02, 0x02, 0x2C, 0x00,
    0x01, 0x02, 0x03, 0x03, 0x01, 0x04, 0x01, 0x05, 0x04, 0x06, 0x02, 0x08, 0x04, 0x0E, 0x02, 0x09,
    0x01, 0x0A, 0x02, 0x0C, 0x01, 0x0D, 0x01, 0x0A, 0x05, 0x0D, 0x01, 0x0C, 0x01, 0x0B, 0x01, 0x0A,
    0x01, 0x0C, 0x01, 0x0B, 0x02, 0x09, 0x04, 0x0E, 0x03, 0x08, 0x04, 0x06, 0x01, 0x05, 0x01, 0x04,
    0x02, 0x03, 0x02, 0x02, 0x2C, 0x00, 0x01, 0x02, 0x03, 0x03, 0x01, 0x04, 0x01, 0x05, 0x04, 0x06,
    0x02, 0x08, 0x04, 0x0E, 0x03, 0x09, 0x01, 0x0A, 0x01, 0x0B, 0x01, 0x0A, 0x01, 0x0B, 0x05, 0x0C,
    0x02, 0x0D, 0x03, 0x0A, 0x02, 0x09, 0x04, 0x0E, 0x03, 0x08, 0x04, 0x06, 0x01, 0x05, 0x01, 0x04,
    0x02, 0x03, 0x02, 0x02, 0x2C, 0x00, 0x01, 0x02, 0x03, 0x03, 0x01, 0x04, 0x01, 0x05, 0x04, 0x06,
    0x02, 0x08, 0x04, 0x0E, 0x07, 0x09, 0x04, 0x0A, 0x08, 0x09, 0x04, 0x0E, 0x03, 0x08, 0x04, 0x06,
    0x01, 0x05, 0x01, 0x04, 0x02, 0x03, 0x02, 0x02, 0x2C, 0x00, 0x01, 0x02, 0x03, 0x03, 0x01, 0x04,
    0x01, 0x05, 0x03, 0x06, 0x04, 0x08, 0x03, 0x0E, 0x13, 0x09, 0x04, 0x0E, 0x03, 0x08, 0x04, 0x06,
    0x01, 0x05, 0x01, 0x04, 0x02, 0x03, 0x02, 0x02, 0x2C, 0x00, 0x02, 0x02, 0x02, 0x03, 0x01, 0x04,
    0x01, 0x05, 0x03, 0x06, 0x04, 0x08, 0x03, 0x0E, 0x03, 0x09, 0x04, 0x0A, 0x05, 0x0B, 0x05, 0x0A,
    0x02, 0x09, 0x04, 0x0E, 0x03, 0x08, 0x04, 0x06, 0x01, 0x05, 0x01, 0x04, 0x02, 0x03, 0x02, 0x02,
    0x2C, 0x00, 0x02, 0x02, 0x02, 0x03, 0x01, 0x04, 0x01, 0x05, 0x04, 0x06, 0x02, 0x08, 0x04, 0x0E,
    0x02, 0x09, 0x01, 0x0A, 0x02, 0x0C, 0x01, 0x0D, 0x01, 0x0A, 0x06, 0x0C, 0x01, 0x0B, 0x01, 0x0A,
    0x01, 0x0C, 0x01, 0x0B, 0x02, 0x09, 0x04, 0x0E, 0x03, 0x08, 0x04, 0x06, 0x01, 0x05, 0x01, 0x04,
    0x02, 0x03, 0x02, 0x02, 0x2C, 0x00, 0x02, 0x02, 0x02, 0x03, 0x01, 0x04, 0x01, 0x05, 0x05, 0x06,
    0x01, 0x08, 0x04, 0x0E, 0x02, 0x09, 0x01, 0x0A, 0x01, 0x0C, 0x01, 0x0D, 0x01, 0x0C, 0x01, 0x0A,
    0x01, 0x0B, 0x01, 0x0C, 0x04, 0x0D, 0x01, 0x0A, 0x01, 0x0B, 0x01, 0x0C, 0x01, 0x0B, 0x02, 0x09,
    0x05, 0x0E, 0x02, 0x08, 0x04, 0x06, 0x01, 0x05, 0x01, 0x04, 0x02, 0x03, 0x02, 0x02, 0x2C, 0x00,
    0x01, 0x01, 0x01, 0x02, 0x02, 0x03, 0x01, 0x04, 0x01, 0x05, 0x03, 0x06, 0x03, 0x08, 0x04, 0x0E,
    0x02, 0x09, 0x01, 0x0A, 0x01, 0x0C, 0x01, 0x0D, 0x01, 0x0C, 0x01, 0x0D, 0x01, 0x0A, 0x04, 0x0B,
    0x02, 0x0A, 0x02, 0x0C, 0x01, 0x0B, 0x02, 0x09, 0x05, 0x0E, 0x02, 0x08, 0x04, 0x06, 0x01, 0x05,
    0x01, 0x04, 0x02, 0x03, 0x02, 0x02, 0x2C, 0x00, 0x01, 0x01, 0x01, 0x02, 0x02, 0x03, 0x01, 0x04,
    0x01, 0x05, 0x03, 0x06, 0x03, 0x08, 0x04, 0x0E, 0x02, 0x09, 0x01, 0x0A, 0x01, 0x0C, 0x01, 0x0D,
    0x01, 0x0C, 0x01, 0x0B, 0x01, 0x0A, 0x04, 0x0D, 0x01, 0x0B, 0x01, 0x0A, 0x01, 0x0D, 0x01, 0x0C,
    0x01, 0x0B, 0x03, 0x09, 0x03, 0x0E, 0x03, 0x08, 0x04, 0x06, 0x01, 0x05, 0x01, 0x04, 0x02, 0x03,
    0x01, 0x02, 0x01, 0x01, 0x2C, 0x00, 0x01, 0x01, 0x01, 0x02, 0x02, 0x03, 0x01, 0x04, 0x01, 0x05,
    0x04, 0x06, 0x03, 0x08, 0x03, 0x0E, 0x02, 0x09, 0x01, 0x0A, 0x01, 0x0C, 0x02, 0x0D, 0x01, 0x0A,
    0x01, 0x0D, 0x03, 0x0C, 0x01, 0x0D, 0x01, 0x0C, 0x01, 0x0B, 0x01, 0x0A, 0x01, 0x0C, 0x01, 0x0B,
    0x02, 0x09, 0x04, 0x0E, 0x02, 0x08, 0x05, 0x06, 0x01, 0x05, 0x01, 0x04, 0x02, 0x03, 0x01, 0x02,
    0x01, 0x01, 0x2C, 0x00, 0x01, 0x01, 0x01, 0x02, 0x02, 0x03, 0x01, 0x04, 0x01, 0x05, 0x04, 0x06,
    0x03, 0x08, 0x03, 0x0E, 0x02, 0x09, 0x01, 0x0A, 0x02, 0x0C, 0x02, 0x0B, 0x01, 0x0C, 0x06, 0x0D,
    0x01, 0x0A, 0x01, 0x0D, 0x01, 0x0B, 0x02, 0x09, 0x04, 0x0E, 0x03, 0x08, 0x04, 0x06, 0x01, 0x05,
    0x01, 0x04, 0x02, 0x03, 0x01, 0x02, 0x01, 0x01, 0x2C, 0x00, 0x01, 0x01, 0x01, 0x02, 0x02, 0x03,
    0x01, 0x04, 0x01, 0x05, 0x04, 0x06, 0x02, 0x08, 0x04, 0x0E, 0x02, 0x09, 0x01, 0x0A, 0x01, 0x0D,
    0x01, 0x0B, 0x01, 0x0A, 0x07, 0x0D, 0x01, 0x0C, 0x01, 0x0B, 0x01, 0x0A, 0x01, 0x0B, 0x02, 0x09,
    0x04, 0x0E, 0x03, 0x08, 0x04, 0x06, 0x01, 0x05, 0x01, 0x04, 0x02, 0x03, 0x01, 0x02, 0x01, 0x01,
    0x2C, 0x00, 0x01, 0x01, 0x01, 0x02, 0x02, 0x03, 0x01, 0x04, 0x01, 0x05, 0x04, 0x06, 0x02, 0x08,
    0x04, 0x0E, 0x03, 0x09, 0x01, 0x0B, 0x01, 0x0A, 0x01, 0x0B, 0x01, 0x0C, 0x08, 0x0D, 0x02, 0x0A,
    0x02, 0x09, 0x04, 0x0E, 0x03, 0x08, 0x04, 0x06, 0x01, 0x05, 0x01, 0x04, 0x02, 0x03, 0x01, 0x02,
    0x01, 0x01, 0x2C, 0x00, 0x01, 0x01, 0x01, 0x02, 0x02, 0x03, 0x01, 0x04, 0x01, 0x05, 0x04, 0x06,
    0x02, 0x08, 0x04, 0x0E, 0x02, 0x09, 0x01, 0x0A, 0x01, 0x0C, 0x01, 0x0D, 0x01, 0x0A, 0x01, 0x0D,
    0x01, 0x0C, 0x04, 0x0D, 0x02, 0x0C, 0x01, 0x0A, 0x04, 0x09, 0x04, 0x0E, 0x03, 0x08, 0x04, 0x06,
    0x01, 0x05, 0x01, 0x04, 0x02, 0x03, 0x01, 0x02, 0x01, 0x01, 0x2C, 0x00, 0x01, 0x01, 0x01, 0x02,
    0x02, 0x03, 0x01, 0x04, 0x01, 0x05, 0x04, 0x06, 0x02, 0x08, 0x04, 0x0E, 0x02, 0x09, 0x01, 0x0A,
    0x01, 0x0D, 0x01, 0x0C, 0x01, 0x0B, 0x01, 0x0A, 0x01, 0x0C, 0x02, 0x0D, 0x02, 0x0C, 0x01, 0x0B,
    0x01, 0x0A, 0x01, 0x09, 0x02, 0x0A, 0x02, 0x09, 0x04, 0x0E, 0x03, 0x08, 0x04, 0x06, 0x01, 0x05,
    0x01, 0x04, 0x02, 0x03, 0x01, 0x02, 0x01, 0x01, 0x2C, 0x00, 0x01, 0x01, 0x01, 0x02, 0x02, 0x03,
    0x01, 0x04, 0x01, 0x05, 0x04, 0x06, 0x02, 0x08, 0x04, 0x0E, 0x02, 0x09, 0x01, 0x0A, 0x01, 0x0C,
    0x01, 0x0D, 0x01, 0x0C, 0x01, 0x0A, 0x01, 0x0B, 0x02, 0x0C, 0x01, 0x0D, 0x01, 0x0A, 0x02, 0x09,
    0x01, 0x0B, 0x01, 0x0C, 0x01, 0x0B, 0x02, 0x09, 0x04, 0x0E, 0x03, 0x08, 0x04, 0x06, 0x01, 0x05,
    0x01, 0x04, 0x02, 0x03, 0x01, 0x02, 0x01, 0x01, 0x2C, 0x00, 0x01, 0x01, 0x01, 0x02, 0x02, 0x03,
    0x01, 0x04, 0x01, 0x05, 0x03, 0x06, 0x03, 0x08, 0x04, 0x0E, 0x02, 0x09, 0x01, 0x0A, 0x01, 0x0C,
    0x01, 0x0D, 0x01, 0x0C, 0x01, 0x0D, 0x01, 0x0A, 0x01, 0x0B, 0x01, 0x0A, 0x03, 0x09, 0x01, 0x0A,
    0x02, 0x0C, 0x01, 0x0B, 0x02, 0x09, 0x05, 0x0E, 0x02, 0x08, 0x04, 0x06, 0x01, 0x05, 0x01, 0x04,
    0x02, 0x03, 0x01, 0x02, 0x01, 0x01, 0x2C, 0x00, 0x01, 0x01, 0x01, 0x02, 0x02, 0x03, 0x01, 0x04,
    0x01, 0x05, 0x03, 0x06, 0x03, 0x08, 0x04, 0x0E, 0x02, 0x09, 0x01, 0x0A, 0x02, 0x0D, 0x01, 0x0C,
    0x01, 0x0B, 0x03, 0x09, 0x01, 0x0A, 0x01, 0x0D, 0x01, 0x0B, 0x01, 0x0A, 0x02, 0x0D, 0x01, 0x0A,
    0x02, 0x09, 0x04, 0x0E, 0x03, 0x08, 0x04, 0x06, 0x01, 0x05, 0x01, 0x04, 0x02, 0x03, 0x01, 0x02,
    0x01, 0x01, 0x2C, 0x00, 0x01, 0x01, 0x01, 0x02, 0x02, 0x03, 0x01, 0x04, 0x01, 0x05, 0x04, 0x06,
    0x02, 0x08, 0x04, 0x0E, 0x04, 0x09, 0x02, 0x0A, 0x03, 0x09, 0x04, 0x0A, 0x06, 0x09, 0x04, 0x0E,
    0x03, 0x08, 0x04, 0x06, 0x01, 0x05, 0x01, 0x04, 0x02, 0x03, 0x01, 0x02, 0x01, 0x01, 0x2C, 0x00,
    0x01, 0x01, 0x01, 0x02, 0x02, 0x03, 0x01, 0x04, 0x01, 0x05, 0x04, 0x06, 0x03, 0x08, 0x03, 0x0E,
    0x0C, 0x09, 0x02, 0x0A, 0x01, 0x09, 0x02, 0x0B, 0x02, 0x09, 0x04, 0x0E, 0x03, 0x08, 0x04, 0x06,
    0x01, 0x05, 0x01, 0x04, 0x02, 0x03, 0x01, 0x02, 0x01, 0x01, 0x2C, 0x00, 0x01, 0x01, 0x01, 0x02,
    0x02, 0x03, 0x01, 0x04, 0x01, 0x05, 0x04, 0x06, 0x03, 0x08, 0x03, 0x0E, 0x04, 0x09, 0x01, 0x0B,
    0x01, 0x0A, 0x06, 0x0D, 0x02, 0x0C, 0x03, 0x0B, 0x02, 0x09, 0x04, 0x0E, 0x03, 0x08, 0x04, 0x06,
    0x01, 0x05, 0x01, 0x04, 0x02, 0x03, 0x01, 0x02, 0x01, 0x01, 0x2C, 0x00, 0x01, 0x01, 0x01, 0x02,
    0x02, 0x03, 0x01, 0x04, 0x01, 0x05, 0x04, 0x06, 0x03, 0x08, 0x04, 0x0E, 0x02, 0x09, 0x01, 0x0B,
    0x01, 0x0A, 0x01, 0x0B, 0x01, 0x0C, 0x01, 0x0D, 0x03, 0x0C, 0x04, 0x0D, 0x02, 0x0A, 0x02, 0x09,
    0x04, 0x0E, 0x03, 0x08, 0x04, 0x06, 0x01, 0x05, 0x01, 0x04, 0x02, 0x03, 0x01, 0x02, 0x01, 0x01,
    0x2C, 0x00, 0x01, 0x01, 0x01, 0x02, 0x02, 0x03, 0x01, 0x04, 0x01, 0x05, 0x04, 0x06, 0x03, 0x08,
    0x03, 0x0E, 0x02, 0x09, 0x01, 0x0A, 0x01, 0x0C, 0x01, 0x0D, 0x01, 0x0A, 0x07, 0x0D, 0x01, 0x0C,
    0x03, 0x0B, 0x02, 0x09, 0x04, 0x0E, 0x03, 0x08, 0x04, 0x06, 0x01, 0x05, 0x01, 0x04, 0x02, 0x03,
    0x01, 0x02, 0x01, 0x01, 0x2C, 0x00, 0x01, 0x01, 0x01, 0x02, 0x02, 0x03, 0x01, 0x04, 0x01, 0x05,
    0x04, 0x06, 0x03, 0x08, 0x03, 0x0E, 0x02, 0x09, 0x01, 0x0A, 0x02, 0x0C, 0x02, 0x0B, 0x01, 0x0C,
    0x04, 0x0D, 0x01, 0x0C, 0x01, 0x0D, 0x01, 0x0A, 0x01, 0x0D, 0x01, 0x0B, 0x02, 0x09, 0x04, 0x0E,
    0x03, 0x08, 0x04, 0x06, 0x01, 0x05, 0x01, 0x04, 0x02, 0x03, 0x01, 0x02, 0x01, 0x01, 0x2C, 0x00,
    0x01, 0x01, 0x01, 0x02, 0x02, 0x03, 0x01, 0x04, 0x01, 0x05, 0x04, 0x06, 0x02, 0x08, 0x04, 0x0E,
    0x02, 0x09, 0x01, 0x0A, 0x03, 0x0C, 0x01, 0x0A, 0x01, 0x0D, 0x05, 0x0C, 0x02, 0x0B, 0x01, 0x0C,
    0x01, 0x0B, 0x02, 0x09, 0x04, 0x0E, 0x02, 0x08, 0x05, 0x06, 0x01, 0x05, 0x01, 0x04, 0x02, 0x03,
    0x01, 0x02, 0x01, 0x01, 0x2C, 0x00, 0x01, 0x01, 0x01, 0x02, 0x02, 0x03, 0x01, 0x04, 0x01, 0x05,
    0x03, 0x06, 0x03, 0x08, 0x04, 0x0E, 0x02, 0x09, 0x01, 0x0A, 0x03, 0x0B, 0x02, 0x0A, 0x05, 0x0B,
    0x01, 0x0A, 0x02, 0x0B, 0x01, 0x0A, 0x02, 0x09, 0x04, 0x0E, 0x03, 0x08, 0x04, 0x06, 0x01, 0x05,
    0x01, 0x04, 0x02, 0x03, 0x01, 0x02, 0x01, 0x01, 0x2C, 0x00, 0x01, 0x01, 0x01, 0x02, 0x02, 0x03,
    0x01, 0x04, 0x01, 0x05, 0x03, 0x06, 0x03, 0x08, 0x04, 0x0E, 0x13, 0x09, 0x04, 0x0E, 0x03, 0x08,
    0x04, 0x06, 0x01, 0x05, 0x01, 0x04, 0x02, 0x03, 0x01, 0x02, 0x01, 0x01, 0x2C, 0x00, 0x01, 0x01,
    0x01, 0x02, 0x02, 0x03, 0x01, 0x04, 0x02, 0x05, 0x02, 0x06, 0x03, 0x08, 0x04, 0x0E, 0x02, 0x09,
    0x01, 0x0A, 0x03, 0x0B, 0x02, 0x0A, 0x05, 0x0B, 0x02, 0x0A, 0x01, 0x0B, 0x01, 0x0A, 0x02, 0x09,
    0x04, 0x0E, 0x03, 0x08, 0x04, 0x06, 0x01, 0x05, 0x01, 0x04, 0x02, 0x03, 0x01, 0x02, 0x01, 0x01,
    0x2C, 0x00, 0x01, 0x01, 0x02, 0x02, 0x01, 0x03, 0x01, 0x04, 0x02, 0x05, 0x03, 0x06, 0x02, 0x08,
    0x04, 0x0E, 0x02, 0x09, 0x01, 0x0A, 0x02, 0x0C, 0x02, 0x0B, 0x06, 0x0C, 0x01, 0x0D, 0x01, 0x0A,
    0x01, 0x0C, 0x01, 0x0B, 0x02, 0x09, 0x04, 0x0E, 0x03, 0x08, 0x04, 0x06, 0x01, 0x05, 0x01, 0x04,
    0x02, 0x03, 0x01, 0x02, 0x01, 0x01, 0x2C, 0x00, 0x01, 0x01, 0x02, 0x02, 0x02, 0x03, 0x02, 0x05,
    0x03, 0x06, 0x03, 0x08, 0x03, 0x0E, 0x02, 0x09, 0x01, 0x0A, 0x01, 0x0C, 0x01, 0x0D, 0x01, 0x0A,
    0x07, 0x0D, 0x01, 0x0C, 0x03, 0x0B, 0x02, 0x09, 0x04, 0x0E, 0x02, 0x08, 0x05, 0x06, 0x01, 0x05,
    0x01, 0x04, 0x02, 0x03, 0x01, 0x02, 0x01, 0x01, 0x2C, 0x00, 0x01, 0x01, 0x02, 0x02, 0x02, 0x03,
    0x01, 0x04, 0x01, 0x05, 0x03, 0x06, 0x03, 0x08, 0x03, 0x0E, 0x03, 0x09, 0x01, 0x0B, 0x01, 0x0A,
    0x01, 0x0B, 0x01, 0x0C, 0x08, 0x0D, 0x02, 0x0A, 0x02, 0x09, 0x04, 0x0E, 0x02, 0x08, 0x05, 0x06,
    0x01, 0x05, 0x01, 0x04, 0x02, 0x03, 0x01, 0x02, 0x01, 0x01, 0x2C, 0x00, 0x01, 0x01, 0x02, 0x02,
    0x02, 0x03, 0x01, 0x04, 0x01, 0x05, 0x03, 0x06, 0x03, 0x08, 0x03, 0x0E, 0x02, 0x09, 0x01, 0x0A,
    0x01, 0x0D, 0x01, 0x0B, 0x01, 0x0A, 0x07, 0x0D, 0x01, 0x0C, 0x01, 0x0B, 0x01, 0x0A, 0x01, 0x0B,
    0x02, 0x09, 0x04, 0x0E, 0x02, 0x08, 0x05, 0x06, 0x01, 0x05, 0x01, 0x04, 0x02, 0x03, 0x01, 0x02,
    0x01, 0x01, 0x2C, 0x00, 0x01, 0x01, 0x02, 0x02, 0x02, 0x03, 0x01, 0x04, 0x01, 0x05, 0x03, 0x06,
    0x03, 0x08, 0x03, 0x0E, 0x02, 0x09, 0x01, 0x0A, 0x02, 0x0C, 0x01, 0x0A, 0x01, 0x0B, 0x01, 0x0C,
    0x06, 0x0D, 0x01, 0x0A, 0x01, 0x0D, 0x01, 0x0B, 0x02, 0x09, 0x04, 0x0E, 0x02, 0x08, 0x05, 0x06,
    0x01, 0x05, 0x01, 0x04, 0x02, 0x03, 0x01, 0x02, 0x01, 0x01, 0x2C, 0x00, 0x01, 0x01, 0x02, 0x02,
    0x02, 0x03, 0x01, 0x04, 0x01, 0x05, 0x04, 0x06, 0x01, 0x08, 0x04, 0x0E, 0x02, 0x09, 0x01, 0x0A,
    0x01, 0x0C, 0x02, 0x0D, 0x01, 0x0A, 0x01, 0x0D, 0x01, 0x0C, 0x01, 0x0D, 0x01, 0x0C, 0x01, 0x0D,
    0x01, 0x0C, 0x02, 0x0B, 0x01, 0x0C, 0x01, 0x0B, 0x02, 0x09, 0x01, 0x07, 0x03, 0x0E, 0x02, 0x08,
    0x05, 0x06, 0x01, 0x05, 0x01, 0x04, 0x02, 0x03, 0x01, 0x02, 0x01, 0x01, 0x2C, 0x00, 0x01, 0x01,
    0x02, 0x02, 0x02, 0x03, 0x01, 0x04, 0x01, 0x05, 0x03, 0x06, 0x02, 0x08, 0x04, 0x0E, 0x02, 0x09,
    0x01, 0x0A, 0x01, 0x0C, 0x01, 0x0D, 0x01, 0x0C, 0x01, 0x0B, 0x01, 0x0A, 0x04, 0x0D, 0x01, 0x0B,
    0x01, 0x0A, 0x01, 0x0D, 0x01, 0x0C, 0x01, 0x0A, 0x02, 0x09, 0x04, 0x0E, 0x03, 0x08, 0x04, 0x06,
    0x01, 0x05, 0x01, 0x04, 0x02, 0x03, 0x01, 0x02, 0x01, 0x01, 0x2C, 0x00, 0x01, 0x01, 0x02, 0x02,
    0x02, 0x03, 0x01, 0x04, 0x01, 0x05, 0x03, 0x06, 0x02, 0x08, 0x04, 0x0E, 0x02, 0x09, 0x01, 0x0A,
    0x01, 0x0C, 0x01, 0x0D, 0x01, 0x0C, 0x01, 0x0D, 0x01, 0x0A, 0x04, 0x0B, 0x02, 0x0A, 0x01, 0x0C,
    0x01, 0x0D, 0x01, 0x0A, 0x02, 0x09, 0x04, 0x0E, 0x03, 0x08, 0x04, 0x06, 0x01, 0x05, 0x01, 0x04,
    0x02, 0x03, 0x01, 0x02, 0x01, 0x01, 0x2D, 0x00, 0x01, 0x01, 0x01, 0x02, 0x02, 0x03, 0x01, 0x04,
    0x01, 0x05, 0x04, 0x06, 0x01, 0x08, 0x04, 0x0E, 0x02, 0x09, 0x01, 0x0A, 0x01, 0x0C, 0x01, 0x0D,
    0x01, 0x0C, 0x01, 0x0A, 0x01, 0x0B, 0x01, 0x0C, 0x03, 0x0D, 0x01, 0x0C, 0x01, 0x0A, 0x02, 0x0B,
    0x03, 0x09, 0x04, 0x0E, 0x02, 0x08, 0x05, 0x06, 0x01, 0x05, 0x01, 0x04, 0x02, 0x03, 0x01, 0x02,
    0x01, 0x01, 0x2D, 0x00, 0x01, 0x01, 0x01, 0x02, 0x02, 0x03, 0x01, 0x04, 0x01, 0x05, 0x04, 0x06,
    0x02, 0x08, 0x03, 0x0E, 0x02, 0x09, 0x01, 0x0A, 0x02, 0x0C, 0x01, 0x0B, 0x01, 0x0A, 0x01, 0x0C,
    0x04, 0x0D, 0x01, 0x0C, 0x01, 0x0B, 0x02, 0x0A, 0x03, 0x09, 0x04, 0x0E, 0x02, 0x08, 0x05, 0x06,
    0x01, 0x05, 0x01, 0x04, 0x02, 0x03, 0x02, 0x02, 0x2D, 0x00, 0x01, 0x01, 0x01, 0x02, 0x02, 0x03,
    0x01, 0x04, 0x01, 0x05, 0x04, 0x06, 0x02, 0x08, 0x03, 0x0E, 0x02, 0x09, 0x01, 0x0A, 0x02, 0x0C,
    0x01, 0x0A, 0x01, 0x0D, 0x01, 0x0C, 0x05, 0x0D, 0x01, 0x0C, 0x01, 0x0B, 0x01, 0x09, 0x01, 0x0A,
    0x02, 0x09, 0x04, 0x0E, 0x02, 0x08, 0x05, 0x06, 0x01, 0x05, 0x01, 0x04, 0x02, 0x03, 0x02, 0x02,
    0x2D, 0x00, 0x01, 0x01, 0x01, 0x02, 0x02, 0x03, 0x01, 0x04, 0x01, 0x05, 0x04, 0x06, 0x02, 0x08,
    0x03, 0x0E, 0x03, 0x09, 0x01, 0x0B, 0x01, 0x0A, 0x01, 0x0B, 0x01, 0x0C, 0x06, 0x0D, 0x01, 0x0C,
    0x01, 0x0B, 0x01, 0x09, 0x01, 0x0A, 0x02, 0x09, 0x04, 0x0E, 0x02, 0x08, 0x05, 0x06, 0x01, 0x05,
    0x01, 0x04, 0x02, 0x03, 0x02, 0x02, 0x2D, 0x00, 0x01, 0x01, 0x01, 0x02, 0x02, 0x03, 0x01, 0x04,
    0x01, 0x05, 0x04, 0x06, 0x02, 0x08, 0x03, 0x0E, 0x02, 0x09, 0x01, 0x0A, 0x01, 0x0D, 0x01, 0x0B,
    0x01, 0x0A, 0x01, 0x0C, 0x06, 0x0D, 0x01, 0x0C, 0x01, 0x0A, 0x01, 0x09, 0x01, 0x0B, 0x02, 0x09,
    0x04, 0x0E, 0x02, 0x08, 0x05, 0x06, 0x01, 0x05, 0x01, 0x04, 0x02, 0x03, 0x02, 0x02, 0x2D, 0x00,
    0x01, 0x01, 0x01, 0x02, 0x02, 0x03, 0x01, 0x04, 0x01, 0x05, 0x04, 0x06, 0x02, 0x08, 0x03, 0x0E,
    0x02, 0x09, 0x01, 0x0A, 0x02, 0x0C, 0x01, 0x0A, 0x01, 0x0B, 0x01, 0x0C, 0x06, 0x0D, 0x01, 0x09,
    0x01, 0x0A, 0x01, 0x0B, 0x02, 0x09, 0x01, 0x07, 0x03, 0x0E, 0x02, 0x08, 0x05, 0x06, 0x01, 0x05,
    0x01, 0x04, 0x02, 0x03, 0x01, 0x02, 0x01, 0x01, 0x2D, 0x00, 0x01, 0x01, 0x01, 0x02, 0x02, 0x03,
    0x01, 0x04, 0x01, 0x05, 0x04, 0x06, 0x02, 0x08, 0x03, 0x0E, 0x02, 0x09, 0x01, 0x0A, 0x02, 0x0C,
    0x01, 0x0D, 0x01, 0x0A, 0x01, 0x0D, 0x01, 0x0C, 0x03, 0x0D, 0x01, 0x0C, 0x01, 0x0A, 0x01, 0x09,
    0x01, 0x0D, 0x03, 0x09, 0x04, 0x0E, 0x01, 0x08, 0x06, 0x06, 0x01, 0x05, 0x01, 0x04, 0x02, 0x03,
    0x01, 0x02, 0x01, 0x01, 0x2D, 0x00, 0x01, 0x01, 0x01, 0x02, 0x02, 0x03, 0x01, 0x04, 0x01, 0x05,
    0x04, 0x06, 0x02, 0x08, 0x03, 0x0E, 0x02, 0x09, 0x01, 0x0A, 0x01, 0x0C, 0x01, 0x0D, 0x01, 0x0C,
    0x02, 0x0B, 0x05, 0x0D, 0x01, 0x09, 0x01, 0x0A, 0x01, 0x0B, 0x03, 0x09, 0x03, 0x0E, 0x02, 0x08,
    0x06, 0x06, 0x01, 0x05, 0x01, 0x04, 0x02, 0x03, 0x01, 0x02, 0x01, 0x01, 0x2D, 0x00, 0x01, 0x01,
    0x01, 0x02, 0x02, 0x03, 0x01, 0x04, 0x01, 0x05, 0x03, 0x06, 0x03, 0x08, 0x03, 0x0E, 0x02, 0x09,
    0x01, 0x0A, 0x01, 0x0C, 0x03, 0x0D, 0x02, 0x0A, 0x01, 0x0B, 0x01, 0x0A, 0x01, 0x0B, 0x01, 0x0A,
    0x01, 0x09, 0x01, 0x0B, 0x01, 0x09, 0x01, 0x0A, 0x02, 0x09, 0x01, 0x07, 0x02, 0x0E, 0x03, 0x08,
    0x05, 0x06, 0x01, 0x05, 0x01, 0x04, 0x02, 0x03, 0x01, 0x02, 0x01, 0x01, 0x2D, 0x00, 0x01, 0x01,
    0x01, 0x02, 0x02, 0x03, 0x01, 0x04, 0x01, 0x05, 0x04, 0x06, 0x02, 0x08, 0x02, 0x0E, 0x01, 0x07,
    0x02, 0x09, 0x01, 0x0A, 0x01, 0x0C, 0x01, 0x0D, 0x01, 0x0C, 0x02, 0x0B, 0x01, 0x0C, 0x02, 0x0D,
    0x01, 0x0C, 0x01, 0x0A, 0x01, 0x09, 0x01, 0x0A, 0x01, 0x09, 0x01, 0x0B, 0x02, 0x09, 0x01, 0x07,
    0x02, 0x0E, 0x02, 0x08, 0x06, 0x06, 0x01, 0x05, 0x01, 0x04, 0x02, 0x03, 0x01, 0x02, 0x01, 0x01,
    0x2D, 0x00, 0x01, 0x01, 0x01, 0x02, 0x02, 0x03, 0x01, 0x04, 0x01, 0x05, 0x05, 0x06, 0x02, 0x08,
    0x01, 0x0E, 0x01, 0x07, 0x02, 0x09, 0x01, 0x0A, 0x02, 0x0C, 0x01, 0x0D, 0x01, 0x0A, 0x04, 0x0D,
    0x01, 0x0C, 0x03, 0x09, 0x02, 0x0B, 0x02, 0x09, 0x01, 0x07, 0x02, 0x0E, 0x02, 0x08, 0x06, 0x06,
    0x01, 0x05, 0x01, 0x04, 0x02, 0x03, 0x01, 0x02, 0x01, 0x01, 0x2D, 0x00, 0x01, 0x01, 0x02, 0x02,
    0x01, 0x03, 0x01, 0x04, 0x01, 0x05, 0x05, 0x06, 0x02, 0x08, 0x02, 0x0E, 0x02, 0x09, 0x01, 0x0A,
    0x02, 0x0C, 0x01, 0x0A, 0x01, 0x0B, 0x01, 0x0C, 0x02, 0x0D, 0x01, 0x0C, 0x01, 0x0B, 0x03, 0x09,
    0x01, 0x0D, 0x01, 0x0B, 0x02, 0x09, 0x01, 0x07, 0x02, 0x0E, 0x02, 0x08, 0x05, 0x06, 0x02, 0x05,
    0x01, 0x04, 0x02, 0x03, 0x01, 0x02, 0x01, 0x01, 0x2D, 0x00, 0x01, 0x01, 0x02, 0x02, 0x01, 0x03,
    0x01, 0x04, 0x01, 0x05, 0x05, 0x06, 0x02, 0x08, 0x02, 0x0E, 0x02, 0x09, 0x01, 0x0A, 0x01, 0x0D,
    0x01, 0x0B, 0x01, 0x0A, 0x01, 0x0C, 0x03, 0x0D, 0x01, 0x0C, 0x01, 0x0A, 0x02, 0x09, 0x03, 0x0A,
    0x02, 0x09, 0x03, 0x0E, 0x01, 0x08, 0x06, 0x06, 0x02, 0x05, 0x01, 0x04, 0x01, 0x03, 0x02, 0x02,
    0x01, 0x01, 0x2D, 0x00, 0x01, 0x01, 0x02, 0x02, 0x01, 0x03, 0x01, 0x04, 0x02, 0x05, 0x04, 0x06,
    0x02, 0x08, 0x02, 0x0E, 0x02, 0x09, 0x01, 0x0A, 0x01, 0x0B, 0x01, 0x0A, 0x01, 0x0B, 0x01, 0x0C,
    0x04, 0x0D, 0x02, 0x09, 0x01, 0x0A, 0x01, 0x0D, 0x01, 0x0A, 0x01, 0x0B, 0x02, 0x09, 0x03, 0x0E,
    0x01, 0x08, 0x05, 0x06, 0x03, 0x05, 0x01, 0x04, 0x02, 0x03, 0x01, 0x02, 0x01, 0x01, 0x2D, 0x00,
    0x01, 0x01, 0x02, 0x02, 0x01, 0x03, 0x01, 0x04, 0x02, 0x05, 0x04, 0x06, 0x02, 0x08, 0x02, 0x0E,
    0x02, 0x09, 0x01, 0x0A, 0x02, 0x0C, 0x01, 0x0A, 0x01, 0x0B, 0x01, 0x0C, 0x01, 0x0D, 0x01, 0x0C,
    0x01, 0x0B, 0x02, 0x09, 0x01, 0x0B, 0x01, 0x0A, 0x01, 0x0D, 0x01, 0x0B, 0x02, 0x09, 0x02, 0x07,
    0x01, 0x0E, 0x01, 0x08, 0x05, 0x06, 0x03, 0x05, 0x01, 0x04, 0x02, 0x03, 0x02, 0x01, 0x2D, 0x00,
    0x01, 0x01, 0x02, 0x02, 0x01, 0x03, 0x01, 0x04, 0x02, 0x05, 0x05, 0x06, 0x01, 0x08, 0x01, 0x0E,
    0x01, 0x07, 0x02, 0x09, 0x01, 0x0A, 0x02, 0x0C, 0x01, 0x0B, 0x01, 0x0A, 0x02, 0x0D, 0x01, 0x0C,
    0x01, 0x0A, 0x01, 0x09, 0x01, 0x0A, 0x01, 0x0B, 0x01, 0x0A, 0x01, 0x0C, 0x01, 0x0B, 0x02, 0x09,
    0x02, 0x07, 0x02, 0x08, 0x04, 0x06, 0x04, 0x05, 0x01, 0x04, 0x02, 0x03, 0x01, 0x02, 0x01, 0x01,
    0x2D, 0x00, 0x01, 0x01, 0x02, 0x02, 0x01, 0x03, 0x01, 0x04, 0x02, 0x05, 0x04, 0x06, 0x02, 0x08,
    0x02, 0x07, 0x02, 0x09, 0x01, 0x0A, 0x01, 0x0C, 0x01, 0x0D, 0x01, 0x0C, 0x01, 0x0A, 0x01, 0x0B,
    0x01, 0x0C, 0x01, 0x0B, 0x02, 0x09, 0x01, 0x0B, 0x01, 0x0A, 0x01, 0x0D, 0x01, 0x0C, 0x01, 0x0B,
    0x02, 0x09, 0x02, 0x07, 0x02, 0x08, 0x04, 0x06, 0x03, 0x05, 0x01, 0x04, 0x02, 0x03, 0x02, 0x02,
    0x2E, 0x00, 0x01, 0x01, 0x02, 0x02, 0x01, 0x03, 0x01, 0x04, 0x02, 0x05, 0x04, 0x06, 0x02, 0x08,
    0x02, 0x07, 0x02, 0x09, 0x01, 0x0A, 0x01, 0x0C, 0x03, 0x0D, 0x01, 0x0A, 0x01, 0x0B, 0x01, 0x0A,
    0x01, 0x09, 0x02, 0x0A, 0x01, 0x0B, 0x02, 0x0C, 0x01, 0x0B, 0x02, 0x09, 0x02, 0x07, 0x02, 0x08,
    0x06, 0x06, 0x01, 0x05, 0x01, 0x04, 0x02, 0x03, 0x02, 0x02, 0x2F, 0x00, 0x01, 0x01, 0x01, 0x02,
    0x02, 0x03, 0x01, 0x04, 0x02, 0x05, 0x03, 0x06, 0x02, 0x08, 0x02, 0x07, 0x02, 0x09, 0x01, 0x0A,
    0x01, 0x0C, 0x01, 0x0D, 0x01, 0x0C, 0x02, 0x0B, 0x01, 0x0D, 0x02, 0x09, 0x02, 0x0D, 0x01, 0x0A,
    0x01, 0x0D, 0x01, 0x0C, 0x01, 0x0B, 0x02, 0x09, 0x02, 0x07, 0x01, 0x08, 0x04, 0x06, 0x04, 0x05,
    0x01, 0x04, 0x02, 0x03, 0x02, 0x02, 0x2F, 0x00, 0x02, 0x02, 0x02, 0x03, 0x01, 0x04, 0x02, 0x05,
    0x04, 0x06, 0x02, 0x08, 0x02, 0x07, 0x01, 0x09, 0x01, 0x0A, 0x01, 0x0C, 0x02, 0x0D, 0x01, 0x0A,
    0x01, 0x0D, 0x01, 0x0B, 0x01, 0x09, 0x01, 0x0A, 0x02, 0x0C, 0x01, 0x0B, 0x01, 0x0A, 0x01, 0x0C,
    0x01, 0x0B, 0x02, 0x09, 0x02, 0x07, 0x01, 0x08, 0x04, 0x06, 0x04, 0x05, 0x01, 0x04, 0x02, 0x03,
    0x01, 0x02, 0x01, 0x01, 0x2F, 0x00, 0x02, 0x02, 0x02, 0x03, 0x01, 0x04, 0x03, 0x05, 0x04, 0x06,
    0x01, 0x08, 0x02, 0x07, 0x01, 0x09, 0x01, 0x0A, 0x02, 0x0C, 0x01, 0x0A, 0x01, 0x0B, 0x01, 0x0C,
    0x01, 0x0A, 0x01, 0x09, 0x01, 0x0B, 0x01, 0x0C, 0x01, 0x0D, 0x01, 0x0C, 0x01, 0x0A, 0x01, 0x0D,
    0x01, 0x0B, 0x02, 0x09, 0x02, 0x07, 0x01, 0x08, 0x03, 0x06, 0x05, 0x05, 0x01, 0x04, 0x01, 0x03,
    0x02, 0x02, 0x01, 0x01, 0x2F, 0x00, 0x02, 0x02, 0x02, 0x03, 0x01, 0x04, 0x03, 0x05, 0x04, 0x06,
    0x01, 0x08, 0x02, 0x07, 0x01, 0x09, 0x01, 0x0A, 0x01, 0x0D, 0x01, 0x0B, 0x01, 0x0A, 0x01, 0x0C,
    0x01, 0x0D, 0x01, 0x09, 0x01, 0x0A, 0x01, 0x0C, 0x02, 0x0D, 0x01, 0x0C, 0x01, 0x0B, 0x01, 0x0A,
    0x01, 0x0B, 0x01, 0x09, 0x03, 0x07, 0x01, 0x08, 0x03, 0x06, 0x04, 0x05, 0x01, 0x04, 0x02, 0x03,
    0x02, 0x02, 0x01, 0x01, 0x2F, 0x00, 0x01, 0x01, 0x02, 0x02, 0x02, 0x03, 0x04, 0x05, 0x03, 0x06,
    0x01, 0x08, 0x03, 0x07, 0x01, 0x09, 0x01, 0x0B, 0x01, 0x0A, 0x01, 0x0B, 0x01, 0x0C, 0x01, 0x0A,
    0x01, 0x09, 0x01, 0x0B, 0x01, 0x0C, 0x01, 0x0D, 0x02, 0x0C, 0x01, 0x0D, 0x02, 0x0A, 0x01, 0x09,
    0x02, 0x07, 0x02, 0x08, 0x02, 0x06, 0x05, 0x05, 0x01, 0x04, 0x02, 0x03, 0x02, 0x02, 0x30, 0x00,
    0x01, 0x01, 0x02, 0x02, 0x02, 0x03, 0x01, 0x04, 0x03, 0x05, 0x03, 0x06, 0x01, 0x08, 0x02, 0x07,
    0x02, 0x09, 0x03, 0x0A, 0x01, 0x0B, 0x01, 0x09, 0x01, 0x0A, 0x05, 0x0D, 0x02, 0x0A, 0x02, 0x09,
    0x02, 0x07, 0x01, 0x08, 0x03, 0x06, 0x04, 0x05, 0x02, 0x04, 0x02, 0x03, 0x01, 0x02, 0x01, 0x01,
    0x31, 0x00, 0x02, 0x02, 0x02, 0x03, 0x02, 0x04, 0x03, 0x05, 0x02, 0x06, 0x01, 0x08, 0x03, 0x07,
    0x10, 0x09, 0x02, 0x07, 0x04, 0x06, 0x03, 0x05, 0x02, 0x04, 0x02, 0x03, 0x02, 0x02, 0x01, 0x01,
    0x31, 0x00, 0x02, 0x02, 0x02, 0x03, 0x04, 0x04, 0x01, 0x05, 0x04, 0x06, 0x02, 0x07, 0x0F, 0x09,
    0x02, 0x07, 0x01, 0x08, 0x04, 0x06, 0x02, 0x05, 0x03, 0x04, 0x02, 0x03, 0x02, 0x02, 0x32, 0x00,
    0x01, 0x01, 0x02, 0x02, 0x02, 0x03, 0x01, 0x04, 0x03, 0x05, 0x04, 0x06, 0x03, 0x07, 0x01, 0x09,
    0x01, 0x0A, 0x02, 0x0B, 0x08, 0x0A, 0x01, 0x09, 0x03, 0x07, 0x01, 0x08, 0x01, 0x06, 0x01, 0x05,
    0x02, 0x06, 0x03, 0x05, 0x02, 0x04, 0x02, 0x03, 0x02, 0x02, 0x33, 0x00, 0x02, 0x02, 0x02, 0x03,
    0x01, 0x04, 0x03, 0x05, 0x05, 0x06, 0x03, 0x07, 0x01, 0x09, 0x03, 0x0A, 0x04, 0x0D, 0x01, 0x0A,
    0x02, 0x09, 0x03, 0x07, 0x03, 0x06, 0x05, 0x05, 0x02, 0x04, 0x02, 0x03, 0x02, 0x02, 0x01, 0x01,
    0x33, 0x00, 0x02, 0x02, 0x03, 0x03, 0x03, 0x04, 0x02, 0x05, 0x04, 0x06, 0x03, 0x07, 0x01, 0x09,
    0x01, 0x07, 0x01, 0x09, 0x04, 0x0A, 0x01, 0x09, 0x04, 0x07, 0x04, 0x06, 0x03, 0x05, 0x04, 0x04,
    0x02, 0x03, 0x02, 0x02, 0x34, 0x00, 0x01, 0x01, 0x02, 0x02, 0x02, 0x03, 0x03, 0x04, 0x02, 0x05,
    0x05, 0x06, 0x07, 0x07, 0x01, 0x09, 0x05, 0x07, 0x03, 0x06, 0x04, 0x05, 0x04, 0x04, 0x02, 0x03,
    0x02, 0x02, 0x01, 0x01, 0x35, 0x00, 0x01, 0x01, 0x02, 0x02, 0x02, 0x03, 0x03, 0x04, 0x02, 0x05,
    0x06, 0x06, 0x0A, 0x07, 0x04, 0x06, 0x04, 0x05, 0x03, 0x04, 0x03, 0x03, 0x02, 0x02, 0x36, 0x00,
    0x01, 0x01, 0x02, 0x02, 0x02, 0x03, 0x04, 0x04, 0x01, 0x05, 0x01, 0x06, 0x02, 0x05, 0x07, 0x06,
    0x03, 0x07, 0x06, 0x06, 0x05, 0x05, 0x03, 0x04, 0x02, 0x03, 0x02, 0x02, 0x01, 0x01, 0x37, 0x00,
    0x03, 0x02, 0x02, 0x03, 0x03, 0x04, 0x06, 0x05, 0x0C, 0x06, 0x07, 0x05, 0x02, 0x04, 0x02, 0x03,
    0x03, 0x02, 0x38, 0x00, 0x01, 0x01, 0x03, 0x02, 0x02, 0x03, 0x02, 0x04, 0x01, 0x05, 0x01, 0x04,
    0x05, 0x05, 0x06, 0x06, 0x02, 0x05, 0x02, 0x06, 0x03, 0x05, 0x03, 0x04, 0x01, 0x05, 0x02, 0x04,
    0x02, 0x03, 0x03, 0x02, 0x3A, 0x00, 0x01, 0x01, 0x02, 0x02, 0x03, 0x03, 0x04, 0x04, 0x02, 0x05,
    0x01, 0x04, 0x0F, 0x05, 0x04, 0x04, 0x02, 0x03, 0x03, 0x02, 0x01, 0x01, 0x3B, 0x00, 0x03, 0x02,
    0x03, 0x03, 0x05, 0x04, 0x09, 0x05, 0x01, 0x06, 0x01, 0x05, 0x02, 0x04, 0x01, 0x05, 0x04, 0x04,
    0x04, 0x03, 0x02, 0x02, 0x01, 0x01, 0x3D, 0x00, 0x03, 0x02, 0x04, 0x03, 0x04, 0x04, 0x0B, 0x05,
    0x05, 0x04, 0x03, 0x03, 0x03, 0x02, 0x01, 0x01, 0x3F, 0x00, 0x04, 0x02, 0x04, 0x03, 0x04, 0x04,
    0x03, 0x05, 0x02, 0x04, 0x03, 0x05, 0x04, 0x04, 0x04, 0x03, 0x03, 0x02, 0x01, 0x01, 0x41, 0x00,
    0x02, 0x01, 0x03, 0x02, 0x08, 0x03, 0x04, 0x04, 0x07, 0x03, 0x05, 0x02, 0x45, 0x00, 0x02, 0x01,
    0x06, 0x02, 0x0A, 0x03, 0x06, 0x02, 0x02, 0x01, 0x48, 0x00, 0x04, 0x01, 0x0D, 0x02, 0x04, 0x01,
    0x4E, 0x00, 0x0F, 0x01, 0x57, 0x00, 0x04, 0x01, 0xFF, 0x00, 0x4F, 0x00,
};

constexpr uint8_t NIXIE_PALETTE_2_SIZE = 13;
static constexpr uint16_t NIXIE_PALETTE_2[] = {
    0x0000, 0x1800, 0x2840, 0x3000, 0x5000, 0x6020, 0x7000, 0x8060,
    0x9880, 0xA960, 0xC320, 0xE601, 0xEF80,
};
static constexpr uint8_t NIXIE_RLE_2[] = {
    0xE7, 0x00, 0x10, 0x01, 0x49, 0x00, 0x1F, 0x01, 0x3D, 0x00, 0x07, 0x01, 0x04, 0x02, 0x11, 0x03,
    0x04, 0x02, 0x07, 0x01, 0x36, 0x00, 0x05, 0x01, 0x03, 0x02, 0x08, 0x03, 0x0D, 0x04, 0x08, 0x03,
    0x03, 0x02, 0x05, 0x01, 0x31, 0x00, 0x04, 0x01, 0x01, 0x02, 0x06, 0x03, 0x1B, 0x04, 0x05, 0x03,
    0x02, 0x02, 0x04, 0x01, 0x2C, 0x00, 0x04, 0x01, 0x02, 0x02, 0x03, 0x03, 0x06, 0x04, 0x01, 0x05,
    0x02, 0x04, 0x01, 0x05, 0x02, 0x04, 0x0B, 0x05, 0x0E, 0x04, 0x03, 0x03, 0x02, 0x02, 0x04, 0x01,
    0x28, 0x00, 0x03, 0x01, 0x01, 0x02, 0x04, 0x03, 0x07, 0x04, 0x02, 0x05, 0x02, 0x04, 0x07, 0x05,
    0x01, 0x06, 0x04, 0x05, 0x02, 0x06, 0x06, 0x05, 0x02, 0x04, 0x02, 0x05, 0x06, 0x04, 0x04, 0x03,
    0x01, 0x02, 0x03, 0x01, 0x25, 0x00, 0x03, 0x01, 0x01, 0x02, 0x03, 0x03, 0x09, 0x04, 0x09, 0x05,
    0x01, 0x06, 0x01, 0x05, 0x02, 0x06, 0x05, 0x05, 0x02, 0x06, 0x0A, 0x05, 0x08, 0x04, 0x03, 0x03,
    0x01, 0x02, 0x03, 0x01, 0x22, 0x00, 0x03, 0x01, 0x01, 0x02, 0x03, 0x03, 0x05, 0x04, 0x02, 0x05,
    0x01, 0x04, 0x05, 0x05, 0x02, 0x06, 0x02, 0x05, 0x01, 0x06, 0x02, 0x07, 0x01, 0x06, 0x0B, 0x07,
    0x01, 0x06, 0x08, 0x05, 0x08, 0x04, 0x03, 0x03, 0x01, 0x02, 0x03, 0x01, 0x1F, 0x00, 0x03, 0x01,
    0x02, 0x02, 0x02, 0x03, 0x06, 0x04, 0x06, 0x05, 0x01, 0x06, 0x01, 0x05, 0x01, 0x06, 0x08, 0x07,
    0x01, 0x08, 0x0F, 0x07, 0x01, 0x06, 0x07, 0x05, 0x01, 0x04, 0x01, 0x05, 0x04, 0x04, 0x02, 0x03,
    0x02, 0x02, 0x02, 0x01, 0x1E, 0x00, 0x02, 0x01, 0x01, 0x02, 0x03, 0x03, 0x04, 0x04, 0x08, 0x05,
    0x01, 0x06, 0x06, 0x07, 0x05, 0x08, 0x08, 0x09, 0x04, 0x08, 0x06, 0x07, 0x01, 0x06, 0x08, 0x05,
    0x04, 0x04, 0x03, 0x03, 0x01, 0x02, 0x02, 0x01, 0x1C, 0x00, 0x02, 0x01, 0x01, 0x02, 0x03, 0x03,
    0x02, 0x04, 0x01, 0x05, 0x02, 0x04, 0x03, 0x05, 0x02, 0x06, 0x01, 0x05, 0x04, 0x07, 0x04, 0x08,
    0x15, 0x09, 0x01, 0x08, 0x05, 0x07, 0x01, 0x06, 0x05, 0x05, 0x05, 0x04, 0x03, 0x03, 0x01, 0x02,
    0x02, 0x01, 0x1A, 0x00, 0x02, 0x01, 0x01, 0x02, 0x03, 0x03, 0x03, 0x04, 0x01, 0x05, 0x01, 0x04,
    0x04, 0x05, 0x01, 0x06, 0x03, 0x07, 0x02, 0x08, 0x07, 0x09, 0x04, 0x0A, 0x01, 0x09, 0x07, 0x0A,
    0x01, 0x09, 0x02, 0x0A, 0x05, 0x09, 0x01, 0x08, 0x01, 0x09, 0x01, 0x08, 0x04, 0x07, 0x02, 0x06,
    0x03, 0x05, 0x05, 0x04, 0x03, 0x03, 0x01, 0x02, 0x03, 0x01, 0x17, 0x00, 0x02, 0x01, 0x01, 0x02,
    0x03, 0x03, 0x04, 0x04, 0x05, 0x05, 0x01, 0x06, 0x02, 0x07, 0x01, 0x08, 0x07, 0x09, 0x02, 0x0A,
    0x04, 0x0B, 0x01, 0x0C, 0x02, 0x0B, 0x05, 0x0C, 0x05, 0x0B, 0x03, 0x0A, 0x05, 0x09, 0x02, 0x08,
    0x03, 0x07, 0x01, 0x06, 0x03, 0x05, 0x05, 0x04, 0x03, 0x03, 0x01, 0x02, 0x03, 0x01, 0x15, 0x00,
    0x02, 0x01, 0x01, 0x02, 0x03, 0x03, 0x03, 0x04, 0x05, 0x05, 0x01, 0x06, 0x02, 0x07, 0x03, 0x08,
    0x03, 0x09, 0x03, 0x0A, 0x01, 0x0B, 0x08, 0x0C, 0x02, 0x0B, 0x01, 0x0C, 0x01, 0x0B, 0x01, 0x0C,
    0x02, 0x0B, 0x06, 0x0C, 0x02, 0x0B, 0x01, 0x0A, 0x04, 0x09, 0x02, 0x08, 0x03, 0x07, 0x01, 0x06,
    0x04, 0x05, 0x04, 0x04, 0x03, 0x03, 0x01, 0x02, 0x02, 0x01, 0x14, 0x00, 0x03, 0x01, 0x01, 0x02,
    0x02, 0x03, 0x04, 0x04, 0x05, 0x05, 0x02, 0x07, 0x01, 0x08, 0x04, 0x09, 0x02, 0x0A, 0x03, 0x0B,
    0x09, 0x0C, 0x07, 0x0B, 0x08, 0x0C, 0x01, 0x0B, 0x03, 0x0A, 0x03, 0x09, 0x02, 0x08, 0x02, 0x07,
    0x04, 0x05, 0x01, 0x04, 0x02, 0x05, 0x02, 0x04, 0x03, 0x03, 0x01, 0x02, 0x02, 0x01, 0x13, 0x00,
    0x02, 0x01, 0x01, 0x02, 0x02, 0x03, 0x02, 0x04, 0x03, 0x05, 0x02, 0x06, 0x03, 0x07, 0x01, 0x08,
    0x04, 0x09, 0x01, 0x0A, 0x01, 0x0B, 0x04, 0x0C, 0x02, 0x0B, 0x05, 0x0C, 0x02, 0x0B, 0x08, 0x0A,
    0x01, 0x0B, 0x07, 0x0C, 0x02, 0x0B, 0x02, 0x0C, 0x01, 0x0B, 0x01, 0x0A, 0x04, 0x09, 0x02, 0x08,
    0x02, 0x07, 0x03, 0x06, 0x02, 0x05, 0x02, 0x04, 0x03, 0x03, 0x01, 0x02, 0x02, 0x01, 0x11, 0x00,
    0x02, 0x01, 0x01, 0x02, 0x02, 0x03, 0x03, 0x04, 0x03, 0x05, 0x01, 0x06, 0x03, 0x07, 0x01, 0x08,
    0x03, 0x09, 0x02, 0x0A, 0x01, 0x0B, 0x06, 0x0C, 0x01, 0x0B, 0x02, 0x0C, 0x01, 0x0B, 0x0C, 0x0A,
    0x01, 0x09, 0x02, 0x0A, 0x02, 0x0B, 0x02, 0x0C, 0x02, 0x0B, 0x04, 0x0C, 0x01, 0x0B, 0x01, 0x0A,
    0x04, 0x09, 0x02, 0x08, 0x03, 0x07, 0x02, 0x06, 0x02, 0x05, 0x02, 0x04, 0x03, 0x03, 0x01, 0x02,
    0x02, 0x01, 0x0F, 0x00, 0x02, 0x01, 0x01, 0x02, 0x02, 0x03, 0x05, 0x04, 0x03, 0x05, 0x03, 0x07,
    0x03, 0x09, 0x02, 0x0A, 0x01, 0x0B, 0x07, 0x0C, 0x01, 0x0B, 0x04, 0x0A, 0x04, 0x0B, 0x07, 0x0C,
    0x01, 0x0B, 0x05, 0x0A, 0x02, 0x0B, 0x07, 0x0C, 0x01, 0x0B, 0x04, 0x09, 0x01, 0x08, 0x02, 0x07,
    0x01, 0x06, 0x05, 0x05, 0x02, 0x04, 0x02, 0x03, 0x01, 0x02, 0x02, 0x01, 0x0F, 0x00, 0x02, 0x01,
    0x01, 0x02, 0x02, 0x03, 0x04, 0x04, 0x04, 0x05, 0x01, 0x07, 0x02, 0x08, 0x02, 0x09, 0x01, 0x0A,
    0x02, 0x0B, 0x07, 0x0C, 0x01, 0x0B, 0x03, 0x0A, 0x05, 0x0B, 0x09, 0x0C, 0x03, 0x0B, 0x04, 0x0A,
    0x08, 0x0C, 0x01, 0x0B, 0x01, 0x0A, 0x02, 0x09, 0x02, 0x08, 0x02, 0x07, 0x01, 0x06, 0x04, 0x05,
    0x03, 0x04, 0x02, 0x03, 0x01, 0x02, 0x02, 0x01, 0x0E, 0x00, 0x01, 0x01, 0x01, 0x02, 0x02, 0x03,
    0x04, 0x04, 0x03, 0x05, 0x01, 0x06, 0x01, 0x07, 0x02, 0x08, 0x02, 0x09, 0x01, 0x0A, 0x03, 0x0B,
    0x05, 0x0C, 0x01, 0x0B, 0x02, 0x0A, 0x02, 0x0B, 0x03, 0x0C, 0x02, 0x0B, 0x08, 0x0A, 0x03, 0x0B,
    0x04, 0x0C, 0x01, 0x0B, 0x02, 0x0A, 0x01, 0x0B, 0x06, 0x0C, 0x02, 0x0B, 0x01, 0x0A, 0x03, 0x09,
    0x01, 0x08, 0x02, 0x07, 0x01, 0x05, 0x02, 0x06, 0x01, 0x05, 0x04, 0x04, 0x02, 0x03, 0x01, 0x02,
    0x01, 0x01, 0x0D, 0x00, 0x02, 0x01, 0x02, 0x03, 0x05, 0x04, 0x02, 0x05, 0x02, 0x07, 0x02, 0x08,
    0x02, 0x09, 0x01, 0x0A, 0x03, 0x0C, 0x02, 0x0B, 0x03, 0x0C, 0x02, 0x0A, 0x01, 0x0B, 0x01, 0x0C,
    0x02, 0x0B, 0x01, 0x0C, 0x01, 0x0B, 0x03, 0x0A, 0x08, 0x09, 0x01, 0x0A, 0x01, 0x09, 0x01, 0x0A,
    0x02, 0x0B, 0x03, 0x0C, 0x01, 0x0B, 0x03, 0x0A, 0x05, 0x0C, 0x01, 0x0B, 0x02, 0x0C, 0x01, 0x0A,
    0x03, 0x09, 0x01, 0x08, 0x03, 0x07, 0x01, 0x06, 0x03, 0x05, 0x02, 0x04, 0x02, 0x03, 0x01, 0x02,
    0x02, 0x01, 0x0C, 0x00, 0x01, 0x01, 0x01, 0x02, 0x02, 0x03, 0x02, 0x04, 0x04, 0x05, 0x01, 0x06,
    0x02, 0x07, 0x01, 0x08, 0x02, 0x09, 0x01, 0x0A, 0x01, 0x0B, 0x04, 0x0C, 0x02, 0x0B, 0x01, 0x0C,
    0x02, 0x0A, 0x03, 0x0C, 0x01, 0x0A, 0x01, 0x0B, 0x02, 0x0A, 0x0F, 0x09, 0x02, 0x0A, 0x01, 0x0B,
    0x02, 0x0C, 0x02, 0x0B, 0x02, 0x0A, 0x03, 0x0C, 0x02, 0x0B, 0x03, 0x0C, 0x01, 0x0A, 0x03, 0x09,
    0x03, 0x07, 0x05, 0x05, 0x02, 0x04, 0x02, 0x03, 0x02, 0x01, 0x0B, 0x00, 0x02, 0x01, 0x01, 0x02,
    0x01, 0x03, 0x03, 0x04, 0x04, 0x05, 0x02, 0x07, 0x02, 0x08, 0x01, 0x09, 0x01, 0x0A, 0x01, 0x0B,
    0x05, 0x0C, 0x02, 0x0B, 0x02, 0x0A, 0x03, 0x0C, 0x03, 0x0A, 0x06, 0x09, 0x02, 0x08, 0x01, 0x09,
    0x05, 0x08, 0x05, 0x09, 0x02, 0x0A, 0x03, 0x0B, 0x01, 0x0C, 0x02, 0x0A, 0x01, 0x0C, 0x02, 0x0B,
    0x05, 0x0C, 0x01, 0x0A, 0x02, 0x09, 0x02, 0x08, 0x01, 0x07, 0x01, 0x06, 0x04, 0x05, 0x03, 0x04,
    0x01, 0x03, 0x01, 0x02, 0x01, 0x01, 0x0B, 0x00, 0x02, 0x01, 0x02, 0x03, 0x04, 0x04, 0x01, 0x05,
    0x02, 0x06, 0x02, 0x07, 0x02, 0x09, 0x01, 0x0A, 0x01, 0x0B, 0x07, 0x0C, 0x02, 0x0A, 0x03, 0x0B,
    0x01, 0x0A, 0x06, 0x09, 0x0D, 0x08, 0x05, 0x09, 0x03, 0x0A, 0x02, 0x0B, 0x02, 0x0A, 0x02, 0x0B,
    0x06, 0x0C, 0x01, 0x0A, 0x02, 0x09, 0x01, 0x08, 0x02, 0x07, 0x02, 0x06, 0x02, 0x05, 0x03, 0x04,
    0x02, 0x03, 0x02, 0x01, 0x0A, 0x00, 0x02, 0x01, 0x01, 0x03, 0x04, 0x04, 0x02, 0x05, 0x03, 0x07,
    0x01, 0x08, 0x02, 0x09, 0x01, 0x0A, 0x07, 0x0C, 0x02, 0x0A, 0x02, 0x0C, 0x01, 0x0B, 0x01, 0x0A,
    0x04, 0x09, 0x13, 0x08, 0x04, 0x09, 0x01, 0x0A, 0x01, 0x0B, 0x02, 0x0C, 0x02, 0x0A, 0x02, 0x0B,
    0x05, 0x0C, 0x01, 0x0B, 0x01, 0x0A, 0x02, 0x09, 0x01, 0x08, 0x03, 0x07, 0x03, 0x05, 0x03, 0x04,
    0x01, 0x03, 0x02, 0x01, 0x0A, 0x00, 0x01, 0x01, 0x01, 0x02, 0x01, 0x03, 0x03, 0x04, 0x03, 0x05,
    0x02, 0x07, 0x01, 0x08, 0x02, 0x09, 0x01, 0x0A, 0x01, 0x0B, 0x06, 0x0C, 0x02, 0x0A, 0x02, 0x0C,
    0x01, 0x0B, 0x01, 0x0A, 0x03, 0x09, 0x06, 0x08, 0x01, 0x07, 0x03, 0x08, 0x05, 0x07, 0x07, 0x08,
    0x04, 0x09, 0x01, 0x0A, 0x01, 0x0B, 0x02, 0x0C, 0x02, 0x0A, 0x01, 0x0B, 0x06, 0x0C, 0x01, 0x0B,
    0x03, 0x09, 0x03, 0x07, 0x03, 0x05, 0x03, 0x04, 0x01, 0x03, 0x01, 0x02, 0x01, 0x01, 0x09, 0x00,
    0x02, 0x01, 0x01, 0x02, 0x01, 0x03, 0x03, 0x04, 0x01, 0x05, 0x01, 0x06, 0x01, 0x05, 0x02, 0x07,
    0x02, 0x09, 0x01, 0x0A, 0x03, 0x0B, 0x04, 0x0C, 0x01, 0x0B, 0x01, 0x09, 0x01, 0x0B, 0x01, 0x0C,
    0x01, 0x0B, 0x01, 0x0A, 0x03, 0x09, 0x06, 0x08, 0x02, 0x07, 0x03, 0x08, 0x04, 0x07, 0x03, 0x08,
    0x02, 0x07, 0x05, 0x08, 0x03, 0x09, 0x02, 0x0A, 0x01, 0x0C, 0x01, 0x0B, 0x02, 0x0A, 0x01, 0x0B,
    0x05, 0x0C, 0x01, 0x0B, 0x01, 0x0A, 0x02, 0x09, 0x02, 0x08, 0x01, 0x07, 0x01, 0x05, 0x01, 0x06,
    0x02, 0x05, 0x02, 0x04, 0x01, 0x03, 0x01, 0x02, 0x02, 0x01, 0x08, 0x00, 0x02, 0x01, 0x02, 0x03,
    0x02, 0x04, 0x04, 0x05, 0x01, 0x07, 0x01, 0x08, 0x02, 0x09, 0x01, 0x0B, 0x02, 0x0C, 0x05, 0x0B,
    0x02, 0x0A, 0x01, 0x0C, 0x01, 0x0B, 0x01, 0x0A, 0x03, 0x09, 0x05, 0x08, 0x04, 0x07, 0x02, 0x08,
    0x03, 0x07, 0x01, 0x06, 0x01, 0x07, 0x02, 0x08, 0x01, 0x07, 0x02, 0x08, 0x01, 0x07, 0x05, 0x08,
    0x04, 0x09, 0x01, 0x0A, 0x01, 0x0C, 0x01, 0x0B, 0x02, 0x0A, 0x06, 0x0B, 0x01, 0x0C, 0x01, 0x0A,
    0x02, 0x09, 0x02, 0x07, 0x01, 0x06, 0x02, 0x05, 0x01, 0x06, 0x01, 0x05, 0x01, 0x04, 0x02, 0x03,
    0x02, 0x01, 0x08, 0x00, 0x02, 0x01, 0x02, 0x03, 0x02, 0x04, 0x03, 0x05, 0x02, 0x07, 0x02, 0x09,
    0x01, 0x0A, 0x03, 0x0C, 0x05, 0x0B, 0x01, 0x0A, 0x02, 0x0B, 0x01, 0x0A, 0x03, 0x09, 0x05, 0x08,
    0x04, 0x07, 0x02, 0x08, 0x01, 0x07, 0x02, 0x06, 0x01, 0x07, 0x01, 0x06, 0x01, 0x07, 0x01, 0x08,
    0x03, 0x07, 0x01, 0x08, 0x03, 0x07, 0x05, 0x08, 0x03, 0x09, 0x01, 0x0A, 0x01, 0x0C, 0x02, 0x0A,
    0x01, 0x0B, 0x01, 0x0C, 0x01, 0x0B, 0x01, 0x0C, 0x02, 0x0B, 0x01, 0x0C, 0x01, 0x0B, 0x02, 0x09,
    0x01, 0x08, 0x02, 0x07, 0x03, 0x05, 0x03, 0x04, 0x01, 0x03, 0x02, 0x01, 0x08, 0x00, 0x02, 0x01,
    0x01, 0x03, 0x03, 0x04, 0x02, 0x05, 0x01, 0x06, 0x01, 0x07, 0x01, 0x08, 0x02, 0x09, 0x01, 0x0B,
    0x02, 0x0C, 0x02, 0x0B, 0x03, 0x0C, 0x02, 0x0A, 0x01, 0x0B, 0x04, 0x09, 0x02, 0x08, 0x08, 0x07,
    0x02, 0x08, 0x01, 0x07, 0x04, 0x06, 0x02, 0x07, 0x01, 0x06, 0x07, 0x07, 0x04, 0x08, 0x03, 0x09,
    0x01, 0x0A, 0x02, 0x0B, 0x01, 0x0A, 0x01, 0x0B, 0x04, 0x0C, 0x02, 0x0B, 0x01, 0x0C, 0x01, 0x0A,
    0x02, 0x09, 0x01, 0x08, 0x01, 0x07, 0x02, 0x06, 0x01, 0x05, 0x03, 0x04, 0x01, 0x03, 0x01, 0x02,
    0x01, 0x01, 0x08, 0x00, 0x01, 0x01, 0x01, 0x02, 0x01, 0x03, 0x03, 0x04, 0x02, 0x05, 0x02, 0x07,
    0x02, 0x09, 0x01, 0x0A, 0x01, 0x0B, 0x02, 0x0C, 0x01, 0x0B, 0x03, 0x0C, 0x01, 0x0B, 0x01, 0x0A,
    0x01, 0x0B, 0x01, 0x0A, 0x03, 0x09, 0x03, 0x08, 0x04, 0x07, 0x03, 0x06, 0x01, 0x07, 0x01, 0x08,
    0x01, 0x07, 0x04, 0x06, 0x01, 0x07, 0x01, 0x08, 0x02, 0x06, 0x01, 0x07, 0x03, 0x06, 0x03, 0x07,
    0x05, 0x08, 0x04, 0x09, 0x01, 0x0B, 0x02, 0x0A, 0x05, 0x0C, 0x01, 0x0B, 0x01, 0x0C, 0x01, 0x0B,
    0x02, 0x09, 0x01, 0x08, 0x02, 0x07, 0x01, 0x06, 0x02, 0x05, 0x02, 0x04, 0x01, 0x03, 0x01, 0x02,
    0x01, 0x01, 0x08, 0x00, 0x01, 0x01, 0x01, 0x02, 0x01, 0x03, 0x03, 0x04, 0x02, 0x05, 0x02, 0x07,
    0x02, 0x09, 0x01, 0x0A, 0x02, 0x0C, 0x02, 0x0B, 0x03, 0x0C, 0x02, 0x0A, 0x01, 0x0B, 0x02, 0x09,
    0x03, 0x08, 0x04, 0x07, 0x05, 0x06, 0x01, 0x08, 0x01, 0x07, 0x05, 0x06, 0x02, 0x07, 0x01, 0x06,
    0x01, 0x07, 0x04, 0x06, 0x03, 0x07, 0x06, 0x08, 0x03, 0x09, 0x01, 0x0A, 0x01, 0x0B, 0x01, 0x0A,
    0x01, 0x0B, 0x04, 0x0C, 0x03, 0x0B, 0x01, 0x0A, 0x01, 0x09, 0x01, 0x08, 0x02, 0x07, 0x01, 0x06,
    0x02, 0x05, 0x02, 0x04, 0x01, 0x03, 0x01, 0x02, 0x02, 0x01, 0x07, 0x00, 0x01, 0x01, 0x01, 0x02,
    0x01, 0x03, 0x03, 0x04, 0x02, 0x05, 0x02, 0x07, 0x01, 0x08, 0x01, 0x09, 0x01, 0x0A, 0x02, 0x0B,
    0x01, 0x0A, 0x04, 0x0C, 0x03, 0x0A, 0x02, 0x09, 0x03, 0x08, 0x04, 0x07, 0x03, 0x06, 0x01, 0x05,
    0x01, 0x07, 0x01, 0x08, 0x05, 0x06, 0x02, 0x07, 0x01, 0x06, 0x01, 0x07, 0x07, 0x06, 0x01, 0x07,
    0x08, 0x08, 0x02, 0x09, 0x02, 0x0A, 0x01, 0x0B, 0x05, 0x0C, 0x01, 0x0A, 0x01, 0x0B, 0x01, 0x0A,
    0x02, 0x09, 0x01, 0x08, 0x01, 0x07, 0x01, 0x06, 0x02, 0x05, 0x02, 0x04, 0x02, 0x03, 0x02, 0x01,
    0x06, 0x00, 0x02, 0x01, 0x01, 0x02, 0x01, 0x03, 0x03, 0x04, 0x02, 0x05, 0x01, 0x07, 0x01, 0x08,
    0x01, 0x09, 0x01, 0x0A, 0x01, 0x0B, 0x01, 0x0C, 0x03, 0x0B, 0x02, 0x0C, 0x01, 0x0B, 0x02, 0x0A,
    0x03, 0x09, 0x02, 0x08, 0x04, 0x07, 0x05, 0x06, 0x02, 0x07, 0x04, 0x06, 0x02, 0x07, 0x0A, 0x06,
    0x01, 0x07, 0x02, 0x08, 0x02, 0x07, 0x05, 0x08, 0x01, 0x09, 0x03, 0x0A, 0x04, 0x0C, 0x02, 0x0B,
    0x01, 0x0C, 0x01, 0x0B, 0x02, 0x09, 0x01, 0x08, 0x01, 0x07, 0x01, 0x06, 0x03, 0x05, 0x02, 0x04,
    0x01, 0x03, 0x02, 0x01, 0x06, 0x00, 0x02, 0x01, 0x01, 0x02, 0x01, 0x03, 0x02, 0x04, 0x02, 0x05,
    0x02, 0x07, 0x02, 0x09, 0x01, 0x0A, 0x03, 0x0C, 0x02, 0x0B, 0x02, 0x0C, 0x03, 0x0A, 0x02, 0x09,
    0x02, 0x08, 0x02, 0x07, 0x06, 0x06, 0x01, 0x05, 0x02, 0x07, 0x01, 0x06, 0x01, 0x05, 0x03, 0x06,
    0x03, 0x05, 0x09, 0x06, 0x01, 0x07, 0x02, 0x08, 0x03, 0x07, 0x04, 0x08, 0x02, 0x09, 0x02, 0x0A,
    0x03, 0x0C, 0x02, 0x0B, 0x02, 0x0C, 0x01, 0x0B, 0x01, 0x0A, 0x02, 0x09, 0x02, 0x07, 0x01, 0x06,
    0x02, 0x05, 0x02, 0x04, 0x01, 0x03, 0x01, 0x02, 0x01, 0x01, 0x06, 0x00, 0x02, 0x01, 0x01, 0x02,
    0x01, 0x03, 0x03, 0x04, 0x01, 0x05, 0x02, 0x07, 0x02, 0x09, 0x01, 0x0B, 0x04, 0x0C, 0x02, 0x0B,
    0x01, 0x0C, 0x03, 0x0A, 0x01, 0x09, 0x02, 0x08, 0x03, 0x07, 0x07, 0x06, 0x01, 0x07, 0x01, 0x06,
    0x06, 0x05, 0x02, 0x04, 0x03, 0x05, 0x07, 0x06, 0x01, 0x08, 0x06, 0x07, 0x03, 0x08, 0x01, 0x09,
    0x02, 0x0A, 0x01, 0x0B, 0x02, 0x0C, 0x02, 0x0B, 0x03, 0x0C, 0x01, 0x0A, 0x02, 0x09, 0x02, 0x07,
    0x01, 0x06, 0x02, 0x05, 0x02, 0x04, 0x01, 0x03, 0x01, 0x02, 0x01, 0x01, 0x06, 0x00, 0x02, 0x01,
    0x02, 0x03, 0x02, 0x04, 0x02, 0x05, 0x02, 0x07, 0x01, 0x09, 0x01, 0x0A, 0x01, 0x0B, 0x05, 0x0C,
    0x02, 0x0B, 0x02, 0x0A, 0x02, 0x09, 0x01, 0x08, 0x03, 0x07, 0x08, 0x06, 0x01, 0x07, 0x01, 0x06,
    0x02, 0x05, 0x09, 0x04, 0x02, 0x05, 0x05, 0x06, 0x01, 0x08, 0x01, 0x07, 0x01, 0x06, 0x04, 0x07,
    0x02, 0x08, 0x01, 0x09, 0x01, 0x08, 0x02, 0x09, 0x01, 0x0B, 0x01, 0x0C, 0x02, 0x0B, 0x04, 0x0C,
    0x01, 0x0A, 0x02, 0x09, 0x02, 0x07, 0x01, 0x06, 0x03, 0x05, 0x01, 0x04, 0x01, 0x03, 0x01, 0x02,
    0x01, 0x01, 0x06, 0x00, 0x02, 0x01, 0x02, 0x03, 0x01, 0x04, 0x02, 0x05, 0x01, 0x06, 0x01, 0x07,
    0x01, 0x08, 0x01, 0x09, 0x01, 0x0A, 0x01, 0x0B, 0x05, 0x0C, 0x02, 0x0B, 0x01, 0x0A, 0x02, 0x09,
    0x02, 0x08, 0x02, 0x07, 0x04, 0x06, 0x03, 0x05, 0x02, 0x06, 0x02, 0x05, 0x04, 0x04, 0x05, 0x03,
    0x04, 0x04, 0x01, 0x05, 0x04, 0x06, 0x01, 0x08, 0x01, 0x07, 0x02, 0x06, 0x03, 0x07, 0x04, 0x08,
    0x02, 0x09, 0x01, 0x0A, 0x03, 0x0B, 0x04, 0x0C, 0x01, 0x0B, 0x02, 0x09, 0x01, 0x08, 0x01, 0x07,
    0x01, 0x06, 0x03, 0x05, 0x01, 0x04, 0x01, 0x03, 0x01, 0x02, 0x01, 0x01, 0x06, 0x00, 0x02, 0x01,
    0x01, 0x02, 0x01, 0x03, 0x02, 0x04, 0x02, 0x05, 0x01, 0x07, 0x01, 0x08, 0x01, 0x09, 0x01, 0x0A,
    0x01, 0x0B, 0x04, 0x0C, 0x03, 0x0B, 0x02, 0x0A, 0x01, 0x09, 0x02, 0x08, 0x02, 0x07, 0x03, 0x06,
    0x03, 0x05, 0x02, 0x06, 0x01, 0x05, 0x03, 0x04, 0x0A, 0x03, 0x03, 0x04, 0x01, 0x05, 0x03, 0x06,
    0x01, 0x08, 0x01, 0x07, 0x02, 0x06, 0x03, 0x07, 0x04, 0x08, 0x02, 0x09, 0x01, 0x0A, 0x02, 0x0C,
    0x02, 0x0B, 0x03, 0x0C, 0x01, 0x0B, 0x02, 0x09, 0x01, 0x08, 0x01, 0x07, 0x01, 0x06, 0x02, 0x05,
    0x02, 0x04, 0x01, 0x03, 0x01, 0x02, 0x01, 0x01, 0x06, 0x00, 0x02, 0x01, 0x01, 0x02, 0x01, 0x03,
    0x02, 0x04, 0x02, 0x05, 0x01, 0x07, 0x01, 0x08, 0x01, 0x09, 0x01, 0x0A, 0x01, 0x0B, 0x04, 0x0C,
    0x01, 0x0B, 0x01, 0x0C, 0x01, 0x0B, 0x01, 0x0A, 0x02, 0x09, 0x01, 0x08, 0x02, 0x07, 0x03, 0x06,
    0x04, 0x05, 0x01, 0x06, 0x02, 0x05, 0x02, 0x04, 0x04, 0x03, 0x05, 0x02, 0x04, 0x03, 0x02, 0x04,
    0x01, 0x05, 0x02, 0x06, 0x02, 0x07, 0x03, 0x06, 0x02, 0x07, 0x04, 0x08, 0x02, 0x09, 0x01, 0x0A,
    0x03, 0x0C, 0x01, 0x0B, 0x03, 0x0C, 0x01, 0x0B, 0x02, 0x09, 0x01, 0x08, 0x02, 0x07, 0x03, 0x05,
    0x01, 0x04, 0x01, 0x03, 0x01, 0x02, 0x01, 0x01, 0x06, 0x00, 0x02, 0x01, 0x01, 0x02, 0x01, 0x03,
    0x02, 0x04, 0x02, 0x05, 0x01, 0x07, 0x01, 0x08, 0x01, 0x09, 0x01, 0x0A, 0x02, 0x0B, 0x02, 0x0C,
    0x02, 0x0B, 0x01, 0x0C, 0x01, 0x0B, 0x01, 0x0A, 0x02, 0x09, 0x03, 0x07, 0x02, 0x06, 0x07, 0x05,
    0x02, 0x04, 0x02, 0x03, 0x02, 0x02, 0x06, 0x01, 0x01, 0x02, 0x03, 0x03, 0x03, 0x04, 0x01, 0x05,
    0x01, 0x06, 0x03, 0x07, 0x02, 0x06, 0x01, 0x07, 0x05, 0x08, 0x02, 0x09, 0x01, 0x0A, 0x01, 0x0B,
    0x02, 0x0C, 0x02, 0x0B, 0x02, 0x0C, 0x01, 0x0B, 0x01, 0x0A, 0x01, 0x09, 0x01, 0x08, 0x02, 0x07,
    0x03, 0x05, 0x01, 0x04, 0x01, 0x03, 0x01, 0x02, 0x01, 0x01, 0x06, 0x00, 0x02, 0x01, 0x01, 0x02,
    0x01, 0x03, 0x02, 0x04, 0x02, 0x05, 0x01, 0x07, 0x02, 0x09, 0x01, 0x0A, 0x05, 0x0B, 0x02, 0x0C,
    0x02, 0x0A, 0x02, 0x09, 0x02, 0x07, 0x04, 0x06, 0x05, 0x05, 0x02, 0x04, 0x02, 0x03, 0x02, 0x02,
    0x09, 0x01, 0x01, 0x02, 0x02, 0x03, 0x02, 0x04, 0x01, 0x05, 0x01, 0x06, 0x02, 0x07, 0x01, 0x06,
    0x02, 0x07, 0x01, 0x08, 0x01, 0x07, 0x04, 0x08, 0x02, 0x09, 0x01, 0x0A, 0x01, 0x0B, 0x03, 0x0C,
    0x01, 0x0A, 0x03, 0x0B, 0x02, 0x09, 0x01, 0x08, 0x01, 0x07, 0x04, 0x05, 0x01, 0x04, 0x01, 0x03,
    0x01, 0x02, 0x01, 0x01, 0x07, 0x00, 0x01, 0x01, 0x01, 0x02, 0x01, 0x03, 0x02, 0x04, 0x02, 0x05,
    0x01, 0x07, 0x02, 0x09, 0x01, 0x0A, 0x06, 0x0B, 0x01, 0x0C, 0x01, 0x0A, 0x02, 0x09, 0x01, 0x08,
    0x02, 0x07, 0x03, 0x06, 0x05, 0x05, 0x02, 0x04, 0x02, 0x03, 0x02, 0x02, 0x02, 0x01, 0x06, 0x00,
    0x03, 0x01, 0x01, 0x02, 0x02, 0x03, 0x02, 0x04, 0x01, 0x05, 0x01, 0x06, 0x01, 0x07, 0x01, 0x06,
    0x05, 0x07, 0x03, 0x08, 0x03, 0x09, 0x01, 0x0B, 0x02, 0x0C, 0x02, 0x0B, 0x02, 0x0C, 0x01, 0x0B,
    0x01, 0x0A, 0x01, 0x09, 0x01, 0x08, 0x02, 0x07, 0x03, 0x05, 0x01, 0x04, 0x01, 0x03, 0x01, 0x02,
    0x01, 0x01, 0x07, 0x00, 0x01, 0x01, 0x01, 0x02, 0x01, 0x03, 0x02, 0x04, 0x02, 0x05, 0x01, 0x07,
    0x01, 0x08, 0x01, 0x09, 0x08, 0x0B, 0x01, 0x0A, 0x02, 0x09, 0x01, 0x08, 0x01, 0x07, 0x03, 0x06,
    0x04, 0x05, 0x03, 0x04, 0x02, 0x03, 0x02, 0x02, 0x02, 0x01, 0x08, 0x00, 0x02, 0x01, 0x01, 0x02,
    0x02, 0x03, 0x02, 0x04, 0x01, 0x05, 0x01, 0x06, 0x01, 0x07, 0x01, 0x06, 0x02, 0x07, 0x02, 0x06,
    0x01, 0x07, 0x04, 0x08, 0x02, 0x09, 0x01, 0x0A, 0x02, 0x0C, 0x01, 0x0B, 0x03, 0x0C, 0x01, 0x0B,
    0x01, 0x0A, 0x01, 0x09, 0x01, 0x08, 0x02, 0x07, 0x03, 0x05, 0x01, 0x04, 0x01, 0x03, 0x01, 0x02,
    0x01, 0x01, 0x07, 0x00, 0x01, 0x01, 0x01, 0x02, 0x01, 0x03, 0x02, 0x04, 0x02, 0x05, 0x02, 0x07,
    0x01, 0x09, 0x01, 0x0A, 0x07, 0x0B, 0x01, 0x0A, 0x02, 0x09, 0x02, 0x07, 0x02, 0x06, 0x03, 0x05,
    0x04, 0x04, 0x02, 0x03, 0x01, 0x02, 0x03, 0x01, 0x09, 0x00, 0x03, 0x01, 0x03, 0x03, 0x01, 0x04,
    0x01, 0x05, 0x02, 0x06, 0x02, 0x07, 0x01, 0x06, 0x03, 0x07, 0x04, 0x08, 0x02, 0x09, 0x01, 0x0A,
    0x01, 0x0C, 0x02, 0x0B, 0x03, 0x0C, 0x01, 0x0B, 0x01, 0x0A, 0x01, 0x09, 0x01, 0x08, 0x02, 0x07,
    0x02, 0x05, 0x02, 0x04, 0x01, 0x03, 0x01, 0x02, 0x01, 0x01, 0x07, 0x00, 0x02, 0x01, 0x02, 0x03,
    0x01, 0x04, 0x02, 0x05, 0x01, 0x07, 0x01, 0x09, 0x02, 0x0A, 0x06, 0x0B, 0x02, 0x0A, 0x02, 0x09,
    0x02, 0x07, 0x01, 0x06, 0x04, 0x05, 0x03, 0x04, 0x02, 0x03, 0x02, 0x02, 0x02, 0x01, 0x0B, 0x00,
    0x02, 0x01, 0x01, 0x02, 0x02, 0x03, 0x02, 0x04, 0x01, 0x06, 0x02, 0x07, 0x02, 0x06, 0x03, 0x07,
    0x04, 0x08, 0x02, 0x09, 0x01, 0x0A, 0x02, 0x0B, 0x04, 0x0C, 0x01, 0x0B, 0x01, 0x0A, 0x02, 0x09,
    0x02, 0x07, 0x01, 0x06, 0x02, 0x05, 0x01, 0x04, 0x01, 0x03, 0x01, 0x02, 0x01, 0x01, 0x07, 0x00,
    0x02, 0x01, 0x02, 0x03, 0x01, 0x04, 0x02, 0x05, 0x02, 0x07, 0x04, 0x0A, 0x04, 0x0B, 0x01, 0x0A,
    0x02, 0x09, 0x01, 0x08, 0x02, 0x07, 0x01, 0x06, 0x01, 0x05, 0x05, 0x04, 0x03, 0x03, 0x01, 0x02,
    0x02, 0x01, 0x0C, 0x00, 0x02, 0x01, 0x01, 0x02, 0x02, 0x03, 0x02, 0x04, 0x01, 0x05, 0x02, 0x07,
    0x02, 0x06, 0x03, 0x07, 0x04, 0x08, 0x02, 0x09, 0x01, 0x0A, 0x02, 0x0B, 0x04, 0x0C, 0x01, 0x0B,
    0x01, 0x0A, 0x02, 0x09, 0x02, 0x07, 0x01, 0x06, 0x02, 0x05, 0x01, 0x04, 0x01, 0x03, 0x01, 0x02,
    0x01, 0x01, 0x07, 0x00, 0x02, 0x01, 0x01, 0x02, 0x01, 0x03, 0x02, 0x04, 0x02, 0x05, 0x01, 0x07,
    0x01, 0x09, 0x06, 0x0A, 0x01, 0x0B, 0x02, 0x0A, 0x01, 0x09, 0x01, 0x08, 0x01, 0x07, 0x03, 0x05,
    0x04, 0x04, 0x03, 0x03, 0x01, 0x02, 0x02, 0x01, 0x0D, 0x00, 0x02, 0x01, 0x01, 0x02, 0x02, 0x03,
    0x01, 0x04, 0x01, 0x05, 0x06, 0x06, 0x02, 0x07, 0x03, 0x08, 0x02, 0x09, 0x01, 0x0A, 0x01, 0x0B,
    0x01, 0x0C, 0x02, 0x0B, 0x03, 0x0C, 0x01, 0x0B, 0x01, 0x0A, 0x01, 0x09, 0x01, 0x08, 0x01, 0x07,
    0x01, 0x06, 0x03, 0x05, 0x01, 0x04, 0x01, 0x03, 0x01, 0x02, 0x01, 0x01, 0x07, 0x00, 0x02, 0x01,
    0x01, 0x02, 0x02, 0x03, 0x01, 0x04, 0x03, 0x05, 0x01, 0x09, 0x09, 0x0A, 0x01, 0x09, 0x01, 0x07,
    0x05, 0x05, 0x03, 0x04, 0x02, 0x03, 0x01, 0x02, 0x03, 0x01, 0x0C, 0x00, 0x03, 0x01, 0x02, 0x03,
    0x02, 0x04, 0x01, 0x05, 0x05, 0x06, 0x03, 0x07, 0x03, 0x08, 0x02, 0x09, 0x01, 0x0A, 0x01, 0x0B,
    0x01, 0x0C, 0x02, 0x0B, 0x03, 0x0C, 0x01, 0x0B, 0x01, 0x0A, 0x01, 0x09, 0x01, 0x08, 0x02, 0x07,
    0x02, 0x05, 0x02, 0x04, 0x01, 0x03, 0x01, 0x02, 0x01, 0x01, 0x08, 0x00, 0x02, 0x01, 0x01, 0x02,
    0x01, 0x03, 0x02, 0x04, 0x02, 0x05, 0x01, 0x09, 0x09, 0x0A, 0x01, 0x09, 0x02, 0x07, 0x03, 0x05,
    0x03, 0x04, 0x02, 0x03, 0x02, 0x02, 0x02, 0x01, 0x0D, 0x00, 0x02, 0x01, 0x01, 0x02, 0x02, 0x03,
    0x02, 0x04, 0x01, 0x05, 0x01, 0x06, 0x02, 0x07, 0x02, 0x06, 0x03, 0x07, 0x03, 0x08, 0x02, 0x09,
    0x01, 0x0A, 0x03, 0x0C, 0x02, 0x0B, 0x02, 0x0C, 0x01, 0x0B, 0x01, 0x0A, 0x01, 0x09, 0x01, 0x08,
    0x02, 0x07, 0x02, 0x05, 0x02, 0x04, 0x01, 0x03, 0x01, 0x02, 0x01, 0x01, 0x08, 0x00, 0x02, 0x01,
    0x01, 0x02, 0x02, 0x03, 0x02, 0x04, 0x02, 0x05, 0x08, 0x0A, 0x01, 0x09, 0x01, 0x07, 0x03, 0x05,
    0x04, 0x04, 0x03, 0x03, 0x01, 0x02, 0x02, 0x01, 0x0D, 0x00, 0x02, 0x01, 0x02, 0x02, 0x02, 0x03,
    0x01, 0x04, 0x02, 0x05, 0x01, 0x06, 0x02, 0x07, 0x01, 0x06, 0x03, 0x07, 0x03, 0x08, 0x03, 0x09,
    0x01, 0x0B, 0x04, 0x0C, 0x03, 0x0B, 0x01, 0x0A, 0x02, 0x09, 0x01, 0x08, 0x01, 0x07, 0x03, 0x05,
    0x02, 0x04, 0x01, 0x03, 0x01, 0x02, 0x01, 0x01, 0x08, 0x00, 0x02, 0x01, 0x01, 0x02, 0x03, 0x03,
    0x01, 0x04, 0x01, 0x05, 0x01, 0x04, 0x02, 0x0A, 0x01, 0x05, 0x01, 0x09, 0x04, 0x0A, 0x01, 0x07,
    0x03, 0x05, 0x03, 0x04, 0x04, 0x03, 0x02, 0x02, 0x02, 0x01, 0x0D, 0x00, 0x02, 0x01, 0x01, 0x02,
    0x02, 0x03, 0x02, 0x04, 0x01, 0x05, 0x01, 0x06, 0x07, 0x07, 0x03, 0x08, 0x02, 0x09, 0x01, 0x0A,
    0x01, 0x0B, 0x03, 0x0C, 0x02, 0x0B, 0x02, 0x0C, 0x01, 0x0A, 0x02, 0x09, 0x01, 0x08, 0x01, 0x07,
    0x03, 0x05, 0x02, 0x04, 0x01, 0x03, 0x01, 0x02, 0x01, 0x01, 0x09, 0x00, 0x02, 0x01, 0x01, 0x02,
    0x03, 0x03, 0x02, 0x04, 0x01, 0x05, 0x02, 0x0A, 0x01, 0x09, 0x01, 0x05, 0x02, 0x0A, 0x01, 0x09,
    0x02, 0x05, 0x04, 0x04, 0x03, 0x03, 0x02, 0x02, 0x03, 0x01, 0x0D, 0x00, 0x02, 0x01, 0x01, 0x02,
    0x02, 0x03, 0x03, 0x04, 0x01, 0x05, 0x01, 0x06, 0x02, 0x07, 0x02, 0x06, 0x03, 0x07, 0x03, 0x08,
    0x02, 0x09, 0x01, 0x0A, 0x04, 0x0C, 0x01, 0x0B, 0x03, 0x0C, 0x01, 0x0A, 0x02, 0x09, 0x01, 0x08,
    0x01, 0x07, 0x01, 0x06, 0x02, 0x05, 0x02, 0x04, 0x01, 0x03, 0x01, 0x02, 0x01, 0x01, 0x09, 0x00,
    0x02, 0x01, 0x03, 0x02, 0x02, 0x03, 0x01, 0x04, 0x01, 0x02, 0x01, 0x07, 0x02, 0x0A, 0x01, 0x05,
    0x01, 0x09, 0x03, 0x05, 0x04, 0x04, 0x03, 0x03, 0x03, 0x02, 0x03, 0x01, 0x0C, 0x00, 0x02, 0x01,
    0x01, 0x02, 0x03, 0x03, 0x02, 0x04, 0x01, 0x05, 0x02, 0x06, 0x02, 0x07, 0x02, 0x06, 0x03, 0x07,
    0x03, 0x08, 0x01, 0x09, 0x01, 0x0A, 0x01, 0x0B, 0x03, 0x0C, 0x02, 0x0B, 0x03, 0x0C, 0x01, 0x0A,
    0x02, 0x09, 0x01, 0x08, 0x01, 0x07, 0x01, 0x06, 0x01, 0x05, 0x03, 0x04, 0x01, 0x03, 0x01, 0x02,
    0x01, 0x01, 0x0A, 0x00, 0x02, 0x01, 0x03, 0x02, 0x02, 0x03, 0x03, 0x02, 0x02, 0x05, 0x01, 0x02,
    0x04, 0x04, 0x05, 0x03, 0x03, 0x02, 0x03, 0x01, 0x0B, 0x00, 0x03, 0x01, 0x01, 0x02, 0x03, 0x03,
    0x02, 0x04, 0x01, 0x05, 0x03, 0x06, 0x01, 0x08, 0x04, 0x07, 0x03, 0x08, 0x03, 0x09, 0x01, 0x0A,
    0x01, 0x0B, 0x02, 0x0C, 0x02, 0x0B, 0x03, 0x0C, 0x01, 0x0B, 0x01, 0x0A, 0x02, 0x09, 0x02, 0x07,
    0x01, 0x06, 0x02, 0x05, 0x02, 0x04, 0x01, 0x03, 0x02, 0x01, 0x0A, 0x00, 0x03, 0x01, 0x0B, 0x02,
    0x07, 0x03, 0x03, 0x02, 0x04, 0x01, 0x09, 0x00, 0x04, 0x01, 0x01, 0x02, 0x03, 0x03, 0x02, 0x04,
    0x02, 0x05, 0x02, 0x06, 0x01, 0x07, 0x01, 0x08, 0x04, 0x07, 0x03, 0x08, 0x03, 0x09, 0x01, 0x0A,
    0x05, 0x0B, 0x03, 0x0C, 0x01, 0x0B, 0x02, 0x09, 0x01, 0x08, 0x02, 0x07, 0x02, 0x06, 0x01, 0x05,
    0x01, 0x04, 0x02, 0x03, 0x02, 0x01, 0x0B, 0x00, 0x03, 0x01, 0x0A, 0x02, 0x01, 0x03, 0x08, 0x02,
    0x04, 0x01, 0x08, 0x00, 0x04, 0x01, 0x02, 0x02, 0x03, 0x03, 0x02, 0x04, 0x02, 0x05, 0x04, 0x06,
    0x01, 0x08, 0x04, 0x07, 0x02, 0x08, 0x03, 0x09, 0x01, 0x0A, 0x05, 0x0C, 0x01, 0x0B, 0x03, 0x0C,
    0x01, 0x0A, 0x02, 0x09, 0x01, 0x08, 0x02, 0x07, 0x01, 0x06, 0x01, 0x05, 0x02, 0x04, 0x02, 0x03,
    0x02, 0x01, 0x0C, 0x00, 0x04, 0x01, 0x0F, 0x02, 0x05, 0x01, 0x07, 0x00, 0x05, 0x01, 0x02, 0x02,
    0x02, 0x03, 0x03, 0x04, 0x02, 0x05, 0x01, 0x06, 0x02, 0x07, 0x02, 0x06, 0x02, 0x08, 0x02, 0x07,
    0x02, 0x08, 0x04, 0x09, 0x01, 0x0B, 0x05, 0x0C, 0x02, 0x0B, 0x01, 0x0C, 0x01, 0x0B, 0x01, 0x0A,
    0x02, 0x09, 0x02, 0x07, 0x01, 0x06, 0x02, 0x05, 0x02, 0x04, 0x01, 0x03, 0x01, 0x02, 0x02, 0x01,
    0x0D, 0x00, 0x05, 0x01, 0x0A, 0x02, 0x02, 0x01, 0x01, 0x02, 0x06, 0x01, 0x04, 0x00, 0x04, 0x01,
    0x04, 0x02, 0x02, 0x03, 0x02, 0x04, 0x03, 0x05, 0x02, 0x07, 0x02, 0x08, 0x02, 0x07, 0x02, 0x08,
    0x01, 0x07, 0x02, 0x08, 0x04, 0x09, 0x01, 0x0B, 0x07, 0x0C, 0x01, 0x0B, 0x01, 0x0C, 0x01, 0x0B,
    0x02, 0x09, 0x01, 0x08, 0x02, 0x07, 0x01, 0x06, 0x01, 0x05, 0x03, 0x04, 0x01, 0x03, 0x01, 0x02,
    0x01, 0x01, 0x10, 0x00, 0x1C, 0x01, 0x03, 0x02, 0x04, 0x03, 0x03, 0x04, 0x01, 0x05, 0x02, 0x06,
    0x02, 0x07, 0x09, 0x08, 0x03, 0x09, 0x01, 0x0A, 0x08, 0x0C, 0x02, 0x0B, 0x01, 0x0A, 0x02, 0x09,
    0x02, 0x07, 0x01, 0x06, 0x02, 0x05, 0x03, 0x04, 0x01, 0x03, 0x01, 0x02, 0x01, 0x01, 0x12, 0x00,
    0x19, 0x01, 0x02, 0x02, 0x04, 0x03, 0x03, 0x04, 0x02, 0x05, 0x06, 0x06, 0x02, 0x07, 0x04, 0x08,
    0x04, 0x09, 0x01, 0x0A, 0x01, 0x0B, 0x09, 0x0C, 0x01, 0x0A, 0x02, 0x09, 0x02, 0x08, 0x01, 0x07,
    0x01, 0x06, 0x01, 0x05, 0x04, 0x04, 0x01, 0x03, 0x02, 0x01, 0x16, 0x00, 0x13, 0x01, 0x03, 0x02,
    0x04, 0x03, 0x03, 0x04, 0x02, 0x05, 0x06, 0x06, 0x03, 0x07, 0x03, 0x08, 0x03, 0x09, 0x02, 0x0A,
    0x01, 0x0C, 0x02, 0x0B, 0x07, 0x0C, 0x01, 0x0B, 0x01, 0x0A, 0x03, 0x09, 0x01, 0x07, 0x02, 0x06,
    0x01, 0x05, 0x03, 0x04, 0x02, 0x03, 0x02, 0x01, 0x1C, 0x00, 0x0C, 0x01, 0x01, 0x02, 0x05, 0x03,
    0x03, 0x04, 0x03, 0x05, 0x04, 0x06, 0x01, 0x07, 0x01, 0x06, 0x03, 0x07, 0x04, 0x08, 0x02, 0x09,
    0x02, 0x0A, 0x03, 0x0C, 0x01, 0x0B, 0x06, 0x0C, 0x01, 0x0B, 0x02, 0x0A, 0x01, 0x09, 0x02, 0x08,
    0x01, 0x07, 0x03, 0x05, 0x03, 0x04, 0x01, 0x03, 0x01, 0x02, 0x02, 0x01, 0x1D, 0x00, 0x08, 0x01,
    0x02, 0x02, 0x05, 0x03, 0x04, 0x04, 0x03, 0x05, 0x03, 0x06, 0x01, 0x07, 0x01, 0x06, 0x03, 0x07,
    0x05, 0x08, 0x03, 0x09, 0x01, 0x0A, 0x04, 0x0C, 0x02, 0x0B, 0x05, 0x0C, 0x02, 0x0A, 0x02, 0x09,
    0x01, 0x08, 0x02, 0x07, 0x04, 0x05, 0x02, 0x04, 0x01, 0x03, 0x01, 0x02, 0x02, 0x01, 0x1D, 0x00,
    0x06, 0x01, 0x03, 0x02, 0x04, 0x03, 0x04, 0x04, 0x02, 0x05, 0x01, 0x06, 0x01, 0x05, 0x04, 0x06,
    0x04, 0x07, 0x05, 0x08, 0x02, 0x09, 0x01, 0x0A, 0x01, 0x0B, 0x06, 0x0C, 0x01, 0x0A, 0x05, 0x0B,
    0x01, 0x0A, 0x02, 0x09, 0x01, 0x08, 0x03, 0x07, 0x01, 0x05, 0x01, 0x04, 0x02, 0x05, 0x02, 0x04,
    0x01, 0x03, 0x02, 0x01, 0x1D, 0x00, 0x05, 0x01, 0x03, 0x02, 0x05, 0x03, 0x03, 0x04, 0x03, 0x05,
    0x02, 0x06, 0x01, 0x05, 0x03, 0x06, 0x04, 0x07, 0x03, 0x08, 0x04, 0x09, 0x01, 0x0A, 0x01, 0x0B,
    0x06, 0x0C, 0x02, 0x0B, 0x04, 0x0C, 0x01, 0x0A, 0x03, 0x09, 0x01, 0x08, 0x02, 0x07, 0x01, 0x06,
    0x03, 0x05, 0x02, 0x04, 0x01, 0x03, 0x01, 0x02, 0x02, 0x01, 0x1C, 0x00, 0x05, 0x01, 0x02, 0x02,
    0x05, 0x03, 0x04, 0x04, 0x04, 0x05, 0x06, 0x06, 0x02, 0x07, 0x04, 0x08, 0x03, 0x09, 0x01, 0x0A,
    0x01, 0x09, 0x01, 0x0B, 0x07, 0x0C, 0x01, 0x0B, 0x04, 0x0C, 0x01, 0x0B, 0x01, 0x0A, 0x01, 0x09,
    0x02, 0x08, 0x03, 0x07, 0x04, 0x05, 0x02, 0x04, 0x01, 0x03, 0x01, 0x02, 0x02, 0x01, 0x1B, 0x00,
    0x05, 0x01, 0x01, 0x02, 0x05, 0x03, 0x04, 0x04, 0x03, 0x05, 0x04, 0x06, 0x06, 0x07, 0x03, 0x08,
    0x04, 0x09, 0x03, 0x0A, 0x01, 0x09, 0x01, 0x0A, 0x05, 0x0C, 0x02, 0x0B, 0x03, 0x0C, 0x01, 0x0B,
    0x01, 0x0A, 0x02, 0x09, 0x01, 0x08, 0x02, 0x07, 0x02, 0x06, 0x03, 0x05, 0x02, 0x04, 0x02, 0x03,
    0x02, 0x01, 0x1B, 0x00, 0x04, 0x01, 0x02, 0x02, 0x04, 0x03, 0x04, 0x04, 0x04, 0x05, 0x05, 0x06,
    0x04, 0x07, 0x04, 0x08, 0x03, 0x09, 0x02, 0x0A, 0x03, 0x0C, 0x01, 0x0B, 0x01, 0x0A, 0x01, 0x09,
    0x01, 0x0B, 0x02, 0x0C, 0x02, 0x0B, 0x03, 0x0C, 0x01, 0x0B, 0x01, 0x0A, 0x02, 0x09, 0x01, 0x08,
    0x02, 0x07, 0x03, 0x06, 0x02, 0x05, 0x03, 0x04, 0x01, 0x03, 0x01, 0x02, 0x02, 0x01, 0x1A, 0x00,
    0x04, 0x01, 0x02, 0x02, 0x04, 0x03, 0x03, 0x04, 0x03, 0x05, 0x07, 0x06, 0x02, 0x07, 0x01, 0x08,
    0x01, 0x07, 0x04, 0x08, 0x03, 0x09, 0x01, 0x0A, 0x01, 0x0B, 0x05, 0x0C, 0x02, 0x0B, 0x01, 0x0A,
    0x01, 0x09, 0x03, 0x0B, 0x02, 0x0C, 0x01, 0x0B, 0x01, 0x0A, 0x03, 0x09, 0x01, 0x08, 0x02, 0x07,
    0x01, 0x06, 0x01, 0x05, 0x01, 0x06, 0x01, 0x05, 0x03, 0x04, 0x02, 0x03, 0x01, 0x02, 0x01, 0x01,
    0x1A, 0x00, 0x03, 0x01, 0x03, 0x02, 0x03, 0x03, 0x04, 0x04, 0x02, 0x05, 0x07, 0x06, 0x03, 0x07,
    0x04, 0x08, 0x04, 0x09, 0x01, 0x0A, 0x02, 0x0B, 0x05, 0x0C, 0x02, 0x0B, 0x02, 0x0C, 0x01, 0x0B,
    0x01, 0x0A, 0x03, 0x0B, 0x01, 0x0A, 0x04, 0x09, 0x01, 0x08, 0x02, 0x07, 0x01, 0x06, 0x04, 0x05,
    0x02, 0x04, 0x03, 0x03, 0x02, 0x01, 0x19, 0x00, 0x03, 0x01, 0x02, 0x02, 0x04, 0x03, 0x03, 0x04,
    0x04, 0x05, 0x05, 0x06, 0x04, 0x07, 0x03, 0x08, 0x04, 0x09, 0x03, 0x0A, 0x06, 0x0C, 0x02, 0x0B,
    0x04, 0x0C, 0x01, 0x0B, 0x03, 0x0A, 0x03, 0x09, 0x03, 0x08, 0x02, 0x07, 0x04, 0x05, 0x03, 0x04,
    0x02, 0x03, 0x01, 0x02, 0x01, 0x01, 0x19, 0x00, 0x03, 0x01, 0x02, 0x02, 0x03, 0x03, 0x03, 0x04,
    0x04, 0x05, 0x04, 0x06, 0x05, 0x07, 0x04, 0x08, 0x04, 0x09, 0x01, 0x0A, 0x01, 0x0B, 0x01, 0x0C,
    0x02, 0x0B, 0x05, 0x0C, 0x02, 0x0B, 0x05, 0x0C, 0x01, 0x0B, 0x01, 0x0A, 0x03, 0x09, 0x01, 0x08,
    0x02, 0x07, 0x01, 0x08, 0x01, 0x07, 0x01, 0x06, 0x01, 0x05, 0x02, 0x04, 0x01, 0x05, 0x02, 0x04,
    0x02, 0x03, 0x01, 0x02, 0x02, 0x01, 0x18, 0x00, 0x03, 0x01, 0x02, 0x02, 0x03, 0x03, 0x03, 0x04,
    0x04, 0x05, 0x04, 0x06, 0x04, 0x07, 0x05, 0x08, 0x03, 0x09, 0x01, 0x0A, 0x01, 0x0B, 0x04, 0x0C,
    0x01, 0x0A, 0x06, 0x0B, 0x04, 0x0C, 0x01, 0x0B, 0x02, 0x0A, 0x02, 0x09, 0x03, 0x08, 0x04, 0x07,
    0x01, 0x06, 0x01, 0x05, 0x04, 0x04, 0x02, 0x03, 0x01, 0x02, 0x03, 0x01, 0x17, 0x00, 0x02, 0x01,
    0x03, 0x02, 0x02, 0x03, 0x03, 0x04, 0x02, 0x05, 0x06, 0x06, 0x03, 0x07, 0x05, 0x08, 0x04, 0x09,
    0x01, 0x0A, 0x01, 0x0B, 0x06, 0x0C, 0x07, 0x0B, 0x03, 0x0C, 0x01, 0x0B, 0x01, 0x0A, 0x03, 0x09,
    0x03, 0x08, 0x02, 0x07, 0x02, 0x06, 0x01, 0x07, 0x01, 0x06, 0x01, 0x05, 0x03, 0x04, 0x03, 0x03,
    0x01, 0x02, 0x02, 0x01, 0x17, 0x00, 0x02, 0x01, 0x03, 0x02, 0x02, 0x03, 0x03, 0x04, 0x03, 0x05,
    0x01, 0x06, 0x03, 0x07, 0x01, 0x06, 0x03, 0x07, 0x03, 0x08, 0x04, 0x09, 0x03, 0x0A, 0x07, 0x0C,
    0x02, 0x0B, 0x05, 0x0C, 0x02, 0x0B, 0x01, 0x0C, 0x02, 0x0A, 0x03, 0x09, 0x03, 0x08, 0x01, 0x07,
    0x02, 0x06, 0x02, 0x05, 0x02, 0x06, 0x01, 0x05, 0x02, 0x04, 0x03, 0x03, 0x01, 0x02, 0x02, 0x01,
    0x17, 0x00, 0x02, 0x01, 0x01, 0x02, 0x04, 0x03, 0x03, 0x04, 0x04, 0x05, 0x01, 0x06, 0x04, 0x07,
    0x05, 0x08, 0x04, 0x09, 0x01, 0x0A, 0x03, 0x0B, 0x06, 0x0C, 0x02, 0x0B, 0x07, 0x0C, 0x02, 0x0A,
    0x04, 0x09, 0x02, 0x08, 0x02, 0x07, 0x01, 0x06, 0x06, 0x05, 0x03, 0x04, 0x02, 0x03, 0x01, 0x02,
    0x02, 0x01, 0x16, 0x00, 0x03, 0x01, 0x01, 0x02, 0x03, 0x03, 0x03, 0x04, 0x03, 0x05, 0x04, 0x06,
    0x02, 0x07, 0x03, 0x08, 0x06, 0x09, 0x01, 0x0A, 0x01, 0x0B, 0x03, 0x0C, 0x02, 0x0B, 0x05, 0x0C,
    0x01, 0x0B, 0x06, 0x0C, 0x01, 0x0B, 0x01, 0x0A, 0x04, 0x09, 0x02, 0x08, 0x04, 0x07, 0x01, 0x06,
    0x03, 0x05, 0x05, 0x04, 0x02, 0x03, 0x01, 0x02, 0x03, 0x01, 0x15, 0x00, 0x03, 0x01, 0x01, 0x02,
    0x03, 0x03, 0x03, 0x04, 0x04, 0x05, 0x03, 0x06, 0x02, 0x07, 0x04, 0x08, 0x03, 0x09, 0x02, 0x0A,
    0x01, 0x0B, 0x06, 0x0C, 0x07, 0x0B, 0x04, 0x0C, 0x01, 0x0B, 0x02, 0x0A, 0x02, 0x09, 0x03, 0x08,
    0x05, 0x07, 0x05, 0x05, 0x04, 0x04, 0x02, 0x03, 0x01, 0x02, 0x03, 0x01, 0x15, 0x00, 0x03, 0x01,
    0x01, 0x02, 0x03, 0x03, 0x02, 0x04, 0x05, 0x05, 0x02, 0x06, 0x04, 0x07, 0x01, 0x08, 0x06, 0x09,
    0x01, 0x0B, 0x07, 0x0C, 0x02, 0x0B, 0x05, 0x0C, 0x01, 0x0B, 0x03, 0x0C, 0x01, 0x0B, 0x01, 0x0A,
    0x04, 0x09, 0x02, 0x08, 0x05, 0x07, 0x01, 0x06, 0x03, 0x05, 0x05, 0x04, 0x01, 0x03, 0x03, 0x02,
    0x02, 0x01, 0x15, 0x00, 0x03, 0x01, 0x01, 0x02, 0x03, 0x03, 0x02, 0x04, 0x03, 0x05, 0x04, 0x06,
    0x02, 0x07, 0x03, 0x08, 0x04, 0x09, 0x01, 0x0A, 0x03, 0x0B, 0x07, 0x0C, 0x01, 0x0B, 0x07, 0x0C,
    0x02, 0x0B, 0x01, 0x0A, 0x05, 0x09, 0x02, 0x08, 0x03, 0x07, 0x02, 0x06, 0x01, 0x07, 0x01, 0x06,
    0x02, 0x05, 0x05, 0x04, 0x02, 0x03, 0x02, 0x02, 0x02, 0x01, 0x16, 0x00, 0x02, 0x01, 0x01, 0x02,
    0x02, 0x03, 0x03, 0x04, 0x04, 0x05, 0x03, 0x06, 0x02, 0x07, 0x01, 0x08, 0x01, 0x09, 0x01, 0x08,
    0x03, 0x09, 0x01, 0x0A, 0x01, 0x0B, 0x03, 0x0C, 0x02, 0x0B, 0x05, 0x0C, 0x02, 0x0B, 0x06, 0x0C,
    0x01, 0x0B, 0x01, 0x0A, 0x04, 0x09, 0x04, 0x08, 0x02, 0x07, 0x04, 0x06, 0x03, 0x05, 0x04, 0x04,
    0x03, 0x03, 0x02, 0x02, 0x02, 0x01, 0x16, 0x00, 0x02, 0x01, 0x01, 0x02, 0x02, 0x03, 0x03, 0x04,
    0x05, 0x05, 0x01, 0x06, 0x02, 0x07, 0x03, 0x08, 0x03, 0x09, 0x01, 0x0A, 0x01, 0x0B, 0x06, 0x0C,
    0x07, 0x0B, 0x05, 0x0C, 0x01, 0x0B, 0x02, 0x0A, 0x03, 0x09, 0x03, 0x08, 0x01, 0x07, 0x01, 0x08,
    0x01, 0x07, 0x03, 0x06, 0x01, 0x05, 0x02, 0x06, 0x03, 0x05, 0x03, 0x04, 0x03, 0x03, 0x01, 0x02,
    0x03, 0x01, 0x17, 0x00, 0x01, 0x01, 0x01, 0x02, 0x02, 0x03, 0x03, 0x04, 0x01, 0x05, 0x02, 0x06,
    0x01, 0x05, 0x01, 0x06, 0x01, 0x05, 0x02, 0x07, 0x02, 0x08, 0x04, 0x09, 0x01, 0x0B, 0x08, 0x0C,
    0x07, 0x0B, 0x03, 0x0C, 0x01, 0x0B, 0x02, 0x0A, 0x03, 0x09, 0x03, 0x08, 0x03, 0x07, 0x01, 0x08,
    0x01, 0x07, 0x02, 0x06, 0x02, 0x05, 0x01, 0x06, 0x02, 0x05, 0x04, 0x04, 0x03, 0x03, 0x01, 0x02,
    0x03, 0x01, 0x17, 0x00, 0x02, 0x01, 0x02, 0x03, 0x03, 0x04, 0x02, 0x05, 0x01, 0x07, 0x01, 0x06,
    0x01, 0x05, 0x01, 0x06, 0x02, 0x07, 0x02, 0x08, 0x03, 0x09, 0x02, 0x0A, 0x01, 0x0B, 0x07, 0x0C,
    0x02, 0x0B, 0x05, 0x0C, 0x03, 0x0B, 0x02, 0x0A, 0x04, 0x09, 0x03, 0x08, 0x06, 0x07, 0x01, 0x06,
    0x02, 0x05, 0x01, 0x06, 0x01, 0x05, 0x04, 0x04, 0x03, 0x03, 0x02, 0x02, 0x03, 0x01, 0x17, 0x00,
    0x02, 0x01, 0x01, 0x02, 0x01, 0x03, 0x03, 0x04, 0x01, 0x05, 0x01, 0x06, 0x01, 0x05, 0x01, 0x08,
    0x01, 0x07, 0x01, 0x06, 0x02, 0x07, 0x02, 0x08, 0x03, 0x09, 0x01, 0x0A, 0x01, 0x0B, 0x01, 0x0C,
    0x01, 0x0B, 0x07, 0x0C, 0x01, 0x0B, 0x06, 0x0C, 0x01, 0x0B, 0x06, 0x09, 0x03, 0x08, 0x04, 0x07,
    0x02, 0x06, 0x02, 0x07, 0x05, 0x05, 0x03, 0x04, 0x03, 0x03, 0x01, 0x02, 0x03, 0x01, 0x19, 0x00,
    0x02, 0x01, 0x02, 0x03, 0x03, 0x04, 0x01, 0x05, 0x01, 0x06, 0x05, 0x07, 0x02, 0x08, 0x02, 0x09,
    0x01, 0x0A, 0x01, 0x0B, 0x03, 0x0C, 0x02, 0x0B, 0x05, 0x0C, 0x02, 0x0B, 0x03, 0x0C, 0x02, 0x0B,
    0x02, 0x0A, 0x04, 0x09, 0x03, 0x08, 0x04, 0x07, 0x04, 0x06, 0x01, 0x07, 0x01, 0x06, 0x03, 0x05,
    0x03, 0x04, 0x03, 0x03, 0x02, 0x02, 0x03, 0x01, 0x1A, 0x00, 0x01, 0x01, 0x01, 0x02, 0x01, 0x03,
    0x04, 0x04, 0x01, 0x05, 0x01, 0x06, 0x02, 0x08, 0x02, 0x07, 0x02, 0x08, 0x02, 0x09, 0x01, 0x0A,
    0x01, 0x0B, 0x05, 0x0C, 0x07, 0x0B, 0x02, 0x0C, 0x02, 0x0B, 0x01, 0x0A, 0x04, 0x09, 0x08, 0x08,
    0x04, 0x07, 0x01, 0x06, 0x01, 0x07, 0x01, 0x06, 0x02, 0x05, 0x03, 0x04, 0x04, 0x03, 0x02, 0x02,
    0x03, 0x01, 0x1A, 0x00, 0x02, 0x01, 0x01, 0x02, 0x01, 0x03, 0x04, 0x04, 0x01, 0x05, 0x01, 0x06,
    0x01, 0x07, 0x04, 0x08, 0x02, 0x09, 0x01, 0x0A, 0x01, 0x0B, 0x06, 0x0C, 0x09, 0x0B, 0x01, 0x0A,
    0x06, 0x09, 0x08, 0x08, 0x03, 0x07, 0x02, 0x06, 0x03, 0x05, 0x03, 0x04, 0x03, 0x03, 0x02, 0x02,
    0x03, 0x01, 0x1C, 0x00, 0x02, 0x01, 0x02, 0x03, 0x03, 0x04, 0x01, 0x05, 0x02, 0x06, 0x01, 0x07,
    0x03, 0x08, 0x03, 0x09, 0x01, 0x0B, 0x06, 0x0C, 0x02, 0x0B, 0x05, 0x0C, 0x01, 0x0B, 0x02, 0x0A,
    0x04, 0x09, 0x05, 0x08, 0x04, 0x07, 0x05, 0x06, 0x02, 0x05, 0x04, 0x04, 0x03, 0x03, 0x02, 0x02,
    0x03, 0x01, 0x1E, 0x00, 0x01, 0x01, 0x01, 0x02, 0x01, 0x03, 0x03, 0x04, 0x02, 0x05, 0x01, 0x06,
    0x01, 0x07, 0x03, 0x08, 0x02, 0x09, 0x02, 0x0A, 0x01, 0x0B, 0x05, 0x0C, 0x02, 0x0B, 0x05, 0x0C,
    0x01, 0x0B, 0x01, 0x0A, 0x04, 0x09, 0x05, 0x08, 0x03, 0x07, 0x06, 0x06, 0x03, 0x05, 0x03, 0x04,
    0x04, 0x03, 0x01, 0x02, 0x04, 0x01, 0x1E, 0x00, 0x02, 0x01, 0x01, 0x02, 0x01, 0x03, 0x03, 0x04,
    0x01, 0x05, 0x02, 0x06, 0x01, 0x07, 0x02, 0x08, 0x03, 0x09, 0x01, 0x0A, 0x02, 0x0B, 0x05, 0x0C,
    0x02, 0x0B, 0x03, 0x0C, 0x01, 0x0B, 0x01, 0x0A, 0x03, 0x09, 0x05, 0x08, 0x01, 0x07, 0x01, 0x08,
    0x03, 0x07, 0x06, 0x06, 0x02, 0x05, 0x03, 0x04, 0x04, 0x03, 0x02, 0x02, 0x03, 0x01, 0x20, 0x00,
    0x02, 0x01, 0x02, 0x03, 0x01, 0x04, 0x02, 0x05, 0x03, 0x06, 0x01, 0x07, 0x01, 0x08, 0x03, 0x09,
    0x01, 0x0A, 0x01, 0x0B, 0x01, 0x0C, 0x07, 0x0B, 0x03, 0x0C, 0x01, 0x0B, 0x01, 0x0A, 0x03, 0x09,
    0x06, 0x08, 0x01, 0x07, 0x01, 0x08, 0x02, 0x07, 0x05, 0x06, 0x02, 0x05, 0x04, 0x04, 0x03, 0x03,
    0x02, 0x02, 0x03, 0x01, 0x22, 0x00, 0x01, 0x01, 0x01, 0x02, 0x01, 0x03, 0x02, 0x04, 0x02, 0x05,
    0x02, 0x06, 0x02, 0x07, 0x03, 0x09, 0x02, 0x0A, 0x02, 0x0C, 0x01, 0x0B, 0x05, 0x0C, 0x02, 0x0B,
    0x01, 0x0C, 0x01, 0x0A, 0x04, 0x09, 0x06, 0x08, 0x04, 0x07, 0x05, 0x06, 0x02, 0x05, 0x03, 0x04,
    0x04, 0x03, 0x02, 0x02, 0x03, 0x01, 0x23, 0x00, 0x01, 0x01, 0x01, 0x02, 0x01, 0x03, 0x02, 0x04,
    0x03, 0x05, 0x02, 0x07, 0x01, 0x08, 0x02, 0x09, 0x03, 0x0A, 0x01, 0x0C, 0x02, 0x0B, 0x06, 0x0C,
    0x02, 0x0A, 0x03, 0x09, 0x06, 0x08, 0x03, 0x07, 0x01, 0x06, 0x02, 0x07, 0x03, 0x06, 0x02, 0x05,
    0x04, 0x04, 0x04, 0x03, 0x01, 0x02, 0x04, 0x01, 0x23, 0x00, 0x02, 0x01, 0x01, 0x02, 0x01, 0x03,
    0x01, 0x04, 0x04, 0x05, 0x02, 0x07, 0x01, 0x08, 0x02, 0x09, 0x03, 0x0A, 0x02, 0x0B, 0x07, 0x0C,
    0x01, 0x0A, 0x04, 0x09, 0x05, 0x08, 0x03, 0x07, 0x02, 0x06, 0x02, 0x07, 0x02, 0x06, 0x02, 0x05,
    0x03, 0x04, 0x04, 0x03, 0x02, 0x02, 0x04, 0x01, 0x24, 0x00, 0x02, 0x01, 0x02, 0x03, 0x01, 0x04,
    0x03, 0x05, 0x02, 0x07, 0x02, 0x08, 0x02, 0x09, 0x01, 0x0B, 0x02, 0x0A, 0x01, 0x0B, 0x07, 0x0C,
    0x01, 0x0A, 0x03, 0x09, 0x06, 0x08, 0x04, 0x07, 0x05, 0x06, 0x02, 0x05, 0x03, 0x04, 0x04, 0x03,
    0x02, 0x02, 0x04, 0x01, 0x25, 0x00, 0x02, 0x01, 0x01, 0x03, 0x02, 0x04, 0x02, 0x05, 0x01, 0x06,
    0x02, 0x07, 0x01, 0x08, 0x02, 0x09, 0x01, 0x0A, 0x01, 0x0B, 0x03, 0x0A, 0x06, 0x0C, 0x01, 0x0B,
    0x02, 0x09, 0x07, 0x08, 0x05, 0x07, 0x04, 0x06, 0x02, 0x05, 0x03, 0x04, 0x04, 0x03, 0x02, 0x02,
    0x04, 0x01, 0x26, 0x00, 0x02, 0x01, 0x01, 0x03, 0x01, 0x04, 0x03, 0x05, 0x01, 0x06, 0x01, 0x07,
    0x02, 0x08, 0x01, 0x09, 0x01, 0x0A, 0x01, 0x0B, 0x01, 0x0C, 0x01, 0x0B, 0x01, 0x0A, 0x02, 0x0B,
    0x04, 0x0C, 0x01, 0x0B, 0x01, 0x0A, 0x02, 0x09, 0x07, 0x08, 0x04, 0x07, 0x04, 0x06, 0x02, 0x05,
    0x03, 0x04, 0x05, 0x03, 0x01, 0x02, 0x04, 0x01, 0x27, 0x00, 0x01, 0x01, 0x01, 0x02, 0x01, 0x03,
    0x01, 0x04, 0x03, 0x05, 0x02, 0x07, 0x01, 0x08, 0x02, 0x09, 0x01, 0x0A, 0x02, 0x0C, 0x01, 0x0B,
    0x01, 0x0A, 0x03, 0x0B, 0x02, 0x0C, 0x01, 0x0B, 0x01, 0x0A, 0x02, 0x09, 0x06, 0x08, 0x04, 0x07,
    0x06, 0x06, 0x01, 0x05, 0x04, 0x04, 0x04, 0x03, 0x02, 0x02, 0x05, 0x01, 0x26, 0x00, 0x01, 0x01,
    0x01, 0x02, 0x01, 0x03, 0x01, 0x04, 0x02, 0x05, 0x01, 0x06, 0x01, 0x07, 0x02, 0x08, 0x01, 0x09,
    0x01, 0x0A, 0x01, 0x0B, 0x03, 0x0C, 0x01, 0x0A, 0x03, 0x0B, 0x02, 0x0C, 0x01, 0x0A, 0x03, 0x09,
    0x05, 0x08, 0x05, 0x07, 0x05, 0x06, 0x02, 0x05, 0x03, 0x04, 0x05, 0x03, 0x03, 0x02, 0x05, 0x01,
    0x25, 0x00, 0x01, 0x01, 0x01, 0x02, 0x01, 0x03, 0x01, 0x04, 0x01, 0x05, 0x01, 0x06, 0x03, 0x07,
    0x01, 0x08, 0x01, 0x09, 0x01, 0x0A, 0x04, 0x0C, 0x02, 0x0A, 0x01, 0x0C, 0x02, 0x0B, 0x01, 0x0A,
    0x03, 0x09, 0x06, 0x08, 0x08, 0x07, 0x02, 0x06, 0x02, 0x05, 0x03, 0x04, 0x06, 0x03, 0x03, 0x02,
    0x07, 0x01, 0x22, 0x00, 0x01, 0x01, 0x02, 0x03, 0x01, 0x04, 0x02, 0x05, 0x02, 0x07, 0x02, 0x08,
    0x01, 0x09, 0x01, 0x0B, 0x04, 0x0C, 0x01, 0x0B, 0x01, 0x0A, 0x03, 0x0B, 0x01, 0x0A, 0x02, 0x09,
    0x07, 0x08, 0x06, 0x07, 0x04, 0x06, 0x02, 0x05, 0x04, 0x04, 0x06, 0x03, 0x05, 0x02, 0x07, 0x01,
    0x1F, 0x00, 0x01, 0x01, 0x02, 0x03, 0x01, 0x04, 0x01, 0x05, 0x01, 0x06, 0x01, 0x07, 0x01, 0x08,
    0x03, 0x09, 0x01, 0x0B, 0x05, 0x0C, 0x02, 0x0A, 0x01, 0x0B, 0x01, 0x0A, 0x03, 0x09, 0x07, 0x08,
    0x05, 0x07, 0x05, 0x06, 0x02, 0x05, 0x05, 0x04, 0x08, 0x03, 0x05, 0x02, 0x07, 0x01, 0x1C, 0x00,
    0x01, 0x01, 0x02, 0x03, 0x01, 0x04, 0x01, 0x05, 0x01, 0x06, 0x01, 0x07, 0x01, 0x08, 0x03, 0x09,
    0x01, 0x0B, 0x05, 0x0C, 0x02, 0x0A, 0x01, 0x0B, 0x01, 0x0A, 0x02, 0x09, 0x07, 0x08, 0x06, 0x07,
    0x06, 0x06, 0x02, 0x05, 0x07, 0x04, 0x0A, 0x03, 0x04, 0x02, 0x07, 0x01, 0x18, 0x00, 0x01, 0x01,
    0x01, 0x03, 0x01, 0x04, 0x02, 0x05, 0x01, 0x06, 0x01, 0x07, 0x01, 0x08, 0x02, 0x09, 0x01, 0x0A,
    0x01, 0x0B, 0x05, 0x0C, 0x01, 0x0B, 0x02, 0x0A, 0x03, 0x09, 0x08, 0x08, 0x05, 0x07, 0x07, 0x06,
    0x03, 0x05, 0x08, 0x04, 0x01, 0x03, 0x01, 0x04, 0x0A, 0x03, 0x02, 0x02, 0x06, 0x01, 0x16, 0x00,
    0x01, 0x01, 0x01, 0x03, 0x01, 0x04, 0x02, 0x05, 0x02, 0x07, 0x01, 0x08, 0x02, 0x09, 0x08, 0x0B,
    0x02, 0x0A, 0x02, 0x09, 0x09, 0x08, 0x01, 0x07, 0x02, 0x08, 0x02, 0x06, 0x01, 0x07, 0x08, 0x06,
    0x05, 0x05, 0x0C, 0x04, 0x07, 0x03, 0x03, 0x02, 0x01, 0x01, 0x01, 0x02, 0x03, 0x01, 0x13, 0x00,
    0x01, 0x01, 0x01, 0x03, 0x01, 0x04, 0x02, 0x05, 0x02, 0x07, 0x01, 0x08, 0x01, 0x09, 0x01, 0x0A,
    0x02, 0x0B, 0x05, 0x0C, 0x01, 0x0B, 0x02, 0x0A, 0x02, 0x09, 0x08, 0x08, 0x05, 0x07, 0x01, 0x06,
    0x01, 0x07, 0x08, 0x06, 0x02, 0x05, 0x01, 0x06, 0x04, 0x05, 0x01, 0x04, 0x01, 0x05, 0x03, 0x04,
    0x01, 0x05, 0x08, 0x04, 0x05, 0x03, 0x03, 0x02, 0x04, 0x01, 0x12, 0x00, 0x01, 0x01, 0x01, 0x03,
    0x01, 0x04, 0x01, 0x05, 0x01, 0x06, 0x02, 0x07, 0x02, 0x09, 0x02, 0x0A, 0x07, 0x0C, 0x01, 0x0A,
    0x02, 0x09, 0x08, 0x08, 0x08, 0x07, 0x04, 0x06, 0x01, 0x07, 0x03, 0x06, 0x02, 0x05, 0x04, 0x06,
    0x01, 0x05, 0x01, 0x04, 0x01, 0x05, 0x03, 0x04, 0x02, 0x05, 0x0A, 0x04, 0x06, 0x03, 0x01, 0x02,
    0x04, 0x01, 0x10, 0x00, 0x01, 0x01, 0x01, 0x03, 0x01, 0x04, 0x01, 0x05, 0x01, 0x06, 0x02, 0x07,
    0x02, 0x09, 0x01, 0x0A, 0x01, 0x0B, 0x07, 0x0C, 0x01, 0x0A, 0x02, 0x09, 0x08, 0x08, 0x08, 0x07,
    0x04, 0x06, 0x01, 0x07, 0x04, 0x06, 0x01, 0x05, 0x04, 0x06, 0x04, 0x05, 0x01, 0x04, 0x01, 0x05,
    0x01, 0x06, 0x01, 0x05, 0x08, 0x04, 0x01, 0x05, 0x04, 0x04, 0x04, 0x03, 0x02, 0x02, 0x03, 0x01,
    0x0F, 0x00, 0x01, 0x01, 0x01, 0x03, 0x01, 0x04, 0x01, 0x05, 0x01, 0x06, 0x01, 0x07, 0x01, 0x08,
    0x02, 0x09, 0x01, 0x0A, 0x07, 0x0C, 0x01, 0x0B, 0x01, 0x0A, 0x01, 0x09, 0x07, 0x08, 0x02, 0x07,
    0x01, 0x08, 0x0A, 0x07, 0x01, 0x06, 0x01, 0x07, 0x08, 0x06, 0x01, 0x05, 0x01, 0x06, 0x05, 0x05,
    0x02, 0x06, 0x08, 0x04, 0x01, 0x05, 0x05, 0x04, 0x05, 0x03, 0x02, 0x02, 0x02, 0x01, 0x0E, 0x00,
    0x01, 0x01, 0x01, 0x03, 0x01, 0x04, 0x01, 0x05, 0x01, 0x06, 0x01, 0x07, 0x01, 0x08, 0x02, 0x09,
    0x01, 0x0A, 0x07, 0x0C, 0x01, 0x0B, 0x03, 0x09, 0x06, 0x08, 0x02, 0x07, 0x01, 0x08, 0x05, 0x07,
    0x01, 0x08, 0x02, 0x07, 0x03, 0x06, 0x01, 0x07, 0x0B, 0x06, 0x04, 0x05, 0x01, 0x07, 0x01, 0x06,
    0x07, 0x04, 0x01, 0x05, 0x02, 0x04, 0x02, 0x05, 0x02, 0x04, 0x06, 0x03, 0x01, 0x02, 0x03, 0x01,
    0x0D, 0x00, 0x01, 0x01, 0x01, 0x03, 0x01, 0x04, 0x01, 0x05, 0x01, 0x06, 0x01, 0x07, 0x01, 0x08,
    0x02, 0x09, 0x01, 0x0A, 0x01, 0x0B, 0x06, 0x0C, 0x01, 0x0A, 0x04, 0x09, 0x08, 0x08, 0x04, 0x07,
    0x01, 0x08, 0x04, 0x07, 0x02, 0x06, 0x02, 0x07, 0x04, 0x06, 0x01, 0x07, 0x04, 0x06, 0x05, 0x05,
    0x01, 0x07, 0x01, 0x06, 0x03, 0x05, 0x02, 0x04, 0x03, 0x05, 0x01, 0x04, 0x01, 0x05, 0x01, 0x07,
    0x01, 0x05, 0x05, 0x04, 0x04, 0x03, 0x01, 0x02, 0x03, 0x01, 0x0C, 0x00, 0x01, 0x01, 0x01, 0x03,
    0x01, 0x04, 0x01, 0x05, 0x01, 0x06, 0x01, 0x07, 0x01, 0x08, 0x02, 0x09, 0x03, 0x0B, 0x05, 0x0C,
    0x01, 0x0A, 0x02, 0x09, 0x0B, 0x08, 0x02, 0x07, 0x03, 0x08, 0x0D, 0x07, 0x04, 0x06, 0x04, 0x05,
    0x02, 0x07, 0x01, 0x06, 0x08, 0x05, 0x01, 0x07, 0x01, 0x05, 0x06, 0x04, 0x04, 0x03, 0x02, 0x02,
    0x03, 0x01, 0x0B, 0x00, 0x01, 0x01, 0x01, 0x03, 0x01, 0x04, 0x02, 0x05, 0x01, 0x07, 0x01, 0x08,
    0x02, 0x09, 0x01, 0x0B, 0x01, 0x0C, 0x01, 0x0B, 0x04, 0x0C, 0x01, 0x0B, 0x04, 0x09, 0x0F, 0x08,
    0x12, 0x07, 0x03, 0x06, 0x02, 0x07, 0x01, 0x06, 0x02, 0x05, 0x02, 0x07, 0x02, 0x06, 0x03, 0x07,
    0x01, 0x05, 0x01, 0x04, 0x01, 0x05, 0x06, 0x04, 0x03, 0x03, 0x01, 0x02, 0x03, 0x01, 0x0B, 0x00,
    0x01, 0x01, 0x01, 0x03, 0x01, 0x04, 0x02, 0x05, 0x01, 0x07, 0x01, 0x08, 0x02, 0x09, 0x01, 0x0B,
    0x01, 0x0C, 0x05, 0x0B, 0x01, 0x0A, 0x04, 0x09, 0x17, 0x08, 0x01, 0x07, 0x02, 0x08, 0x01, 0x07,
    0x01, 0x08, 0x08, 0x07, 0x02, 0x08, 0x07, 0x07, 0x01, 0x08, 0x02, 0x07, 0x08, 0x05, 0x02, 0x04,
    0x02, 0x03, 0x02, 0x02, 0x02, 0x01, 0x0B, 0x00, 0x01, 0x01, 0x01, 0x03, 0x01, 0x04, 0x02, 0x05,
    0x02, 0x07, 0x02, 0x09, 0x01, 0x0B, 0x01, 0x0C, 0x01, 0x0B, 0x04, 0x0C, 0x01, 0x0B, 0x07, 0x09,
    0x01, 0x08, 0x02, 0x09, 0x04, 0x08, 0x01, 0x09, 0x03, 0x08, 0x01, 0x09, 0x09, 0x08, 0x01, 0x09,
    0x0B, 0x08, 0x01, 0x09, 0x01, 0x08, 0x01, 0x07, 0x03, 0x08, 0x01, 0x07, 0x01, 0x09, 0x02, 0x08,
    0x08, 0x07, 0x03, 0x05, 0x02, 0x04, 0x02, 0x03, 0x02, 0x02, 0x02, 0x01, 0x0A, 0x00, 0x01, 0x01,
    0x02, 0x03, 0x01, 0x04, 0x01, 0x05, 0x01, 0x07, 0x01, 0x08, 0x02, 0x09, 0x03, 0x0B, 0x04, 0x0C,
    0x01, 0x0B, 0x01, 0x0A, 0x10, 0x09, 0x01, 0x08, 0x0F, 0x09, 0x01, 0x08, 0x0F, 0x09, 0x01, 0x08,
    0x07, 0x09, 0x02, 0x07, 0x03, 0x05, 0x01, 0x04, 0x02, 0x03, 0x02, 0x02, 0x02, 0x01, 0x0A, 0x00,
    0x01, 0x01, 0x01, 0x02, 0x01, 0x03, 0x01, 0x04, 0x01, 0x05, 0x02, 0x07, 0x01, 0x09, 0x02, 0x0A,
    0x01, 0x0B, 0x05, 0x0C, 0x01, 0x0B, 0x01, 0x0A, 0x02, 0x09, 0x02, 0x0A, 0x0A, 0x09, 0x02, 0x0A,
    0x02, 0x09, 0x01, 0x0A, 0x02, 0x09, 0x02, 0x0A, 0x0B, 0x09, 0x01, 0x0A, 0x01, 0x09, 0x01, 0x0A,
    0x03, 0x09, 0x06, 0x0A, 0x01, 0x09, 0x01, 0x0A, 0x02, 0x09, 0x05, 0x0A, 0x02, 0x09, 0x01, 0x0A,
    0x02, 0x09, 0x01, 0x05, 0x02, 0x04, 0x04, 0x02, 0x01, 0x01, 0x0A, 0x00, 0x01, 0x01, 0x01, 0x02,
    0x01, 0x03, 0x01, 0x04, 0x01, 0x05, 0x01, 0x07, 0x01, 0x08, 0x02, 0x09, 0x01, 0x0A, 0x07, 0x0C,
    0x02, 0x0B, 0x07, 0x0A, 0x04, 0x0B, 0x04, 0x0A, 0x01, 0x0B, 0x07, 0x0A, 0x09, 0x0B, 0x0A, 0x0A,
    0x06, 0x0B, 0x0C, 0x0A, 0x01, 0x05, 0x05, 0x02, 0x01, 0x01, 0x0A, 0x00, 0x01, 0x01, 0x01, 0x02,
    0x01, 0x03, 0x01, 0x04, 0x01, 0x05, 0x02, 0x07, 0x02, 0x09, 0x01, 0x0A, 0x09, 0x0C, 0x07, 0x0B,
    0x05, 0x0C, 0x01, 0x0B, 0x04, 0x0A, 0x01, 0x0B, 0x04, 0x0C, 0x01, 0x0B, 0x09, 0x0C, 0x01, 0x0B,
    0x03, 0x0C, 0x01, 0x0B, 0x04, 0x0A, 0x01, 0x0B, 0x05, 0x0C, 0x07, 0x0B, 0x04, 0x0A, 0x03, 0x09,
    0x01, 0x05, 0x04, 0x02, 0x02, 0x01, 0x09, 0x00, 0x01, 0x01, 0x01, 0x02, 0x01, 0x03, 0x01, 0x04,
    0x01, 0x05, 0x02, 0x07, 0x01, 0x09, 0x02, 0x0A, 0x01, 0x0B, 0x07, 0x0C, 0x02, 0x0B, 0x05, 0x0C,
    0x02, 0x0B, 0x07, 0x0C, 0x04, 0x0A, 0x02, 0x0B, 0x01, 0x0C, 0x02, 0x0B, 0x07, 0x0C, 0x03, 0x0B,
    0x05, 0x0A, 0x01, 0x0B, 0x07, 0x0C, 0x07, 0x0B, 0x04, 0x0A, 0x01, 0x09, 0x01, 0x05, 0x02, 0x09,
    0x04, 0x02, 0x02, 0x01, 0x09, 0x00, 0x01, 0x01, 0x01, 0x02, 0x01, 0x03, 0x01, 0x04, 0x02, 0x05,
    0x01, 0x07, 0x02, 0x09, 0x01, 0x0A, 0x02, 0x0B, 0x06, 0x0C, 0x01, 0x0B, 0x07, 0x0C, 0x02, 0x0B,
    0x06, 0x0C, 0x01, 0x0B, 0x01, 0x0C, 0x01, 0x0B, 0x11, 0x0A, 0x02, 0x0B, 0x02, 0x0C, 0x01, 0x0B,
    0x06, 0x0C, 0x02, 0x0B, 0x01, 0x0C, 0x05, 0x0B, 0x04, 0x0A, 0x01, 0x09, 0x02, 0x05, 0x05, 0x02,
    0x02, 0x01, 0x09, 0x00, 0x02, 0x01, 0x02, 0x03, 0x01, 0x04, 0x01, 0x05, 0x01, 0x07, 0x02, 0x09,
    0x01, 0x0A, 0x02, 0x0B, 0x05, 0x0C, 0x02, 0x0B, 0x07, 0x0C, 0x02, 0x0B, 0x05, 0x0C, 0x02, 0x0B,
    0x05, 0x0C, 0x02, 0x0B, 0x08, 0x0A, 0x02, 0x0B, 0x06, 0x0C, 0x02, 0x0B, 0x04, 0x0C, 0x02, 0x0B,
    0x01, 0x0C, 0x06, 0x0B, 0x05, 0x0A, 0x03, 0x09, 0x04, 0x02, 0x02, 0x01, 0x09, 0x00, 0x02, 0x01,
    0x02, 0x03, 0x01, 0x04, 0x01, 0x05, 0x02, 0x07, 0x01, 0x09, 0x01, 0x0A, 0x07, 0x0B, 0x01, 0x0A,
    0x09, 0x0C, 0x07, 0x0B, 0x09, 0x0C, 0x07, 0x0B, 0x09, 0x0C, 0x07, 0x0B, 0x01, 0x0C, 0x06, 0x0B,
    0x07, 0x0A, 0x01, 0x09, 0x04, 0x02, 0x02, 0x01, 0x0A, 0x00, 0x01, 0x01, 0x01, 0x02, 0x01, 0x03,
    0x01, 0x04, 0x02, 0x05, 0x01, 0x07, 0x01, 0x08, 0x01, 0x09, 0x02, 0x0A, 0x03, 0x0B, 0x02, 0x0C,
    0x02, 0x0B, 0x08, 0x0C, 0x01, 0x0B, 0x05, 0x0C, 0x02, 0x0B, 0x07, 0x0C, 0x02, 0x0B, 0x05, 0x0C,
    0x01, 0x0B, 0x08, 0x0C, 0x02, 0x0B, 0x05, 0x0C, 0x07, 0x0B, 0x04, 0x0A, 0x04, 0x09, 0x01, 0x05,
    0x04, 0x02, 0x02, 0x01, 0x0A, 0x00, 0x01, 0x01, 0x01, 0x02, 0x01, 0x03, 0x02, 0x04, 0x01, 0x05,
    0x02, 0x07, 0x03, 0x09, 0x01, 0x0A, 0x05, 0x0B, 0x01, 0x0A, 0x07, 0x0B, 0x02, 0x0A, 0x05, 0x0B,
    0x02, 0x0A, 0x07, 0x0B, 0x01, 0x0A, 0x06, 0x0B, 0x02, 0x0A, 0x07, 0x0B, 0x01, 0x0A, 0x06, 0x0B,
    0x02, 0x0A, 0x04, 0x0B, 0x07, 0x0A, 0x01, 0x09, 0x01, 0x05, 0x05, 0x02, 0x01, 0x01, 0x0B, 0x00,
    0x02, 0x01, 0x02, 0x03, 0x01, 0x04, 0x02, 0x05, 0x02, 0x07, 0x01, 0x08, 0x26, 0x09, 0x01, 0x0A,
    0x02, 0x09, 0x02, 0x0A, 0x02, 0x09, 0x01, 0x0A, 0x02, 0x09, 0x01, 0x0A, 0x01, 0x09, 0x01, 0x0A,
    0x03, 0x09, 0x01, 0x0A, 0x02, 0x09, 0x05, 0x0A, 0x02, 0x09, 0x01, 0x0A, 0x01, 0x09, 0x01, 0x07,
    0x01, 0x05, 0x02, 0x04, 0x03, 0x02, 0x02, 0x01, 0x0B, 0x00, 0x02, 0x01, 0x01, 0x02, 0x01, 0x03,
    0x02, 0x04, 0x02, 0x05, 0x01, 0x06, 0x02, 0x07, 0x07, 0x09, 0x01, 0x08, 0x0F, 0x09, 0x01, 0x08,
    0x05, 0x09, 0x01, 0x08, 0x09, 0x09, 0x01, 0x08, 0x05, 0x09, 0x01, 0x08, 0x09, 0x09, 0x01, 0x08,
    0x05, 0x09, 0x01, 0x07, 0x01, 0x09, 0x01, 0x07, 0x02, 0x05, 0x02, 0x04, 0x01, 0x03, 0x03, 0x02,
    0x02, 0x01, 0x0B, 0x00, 0x02, 0x01, 0x01, 0x02, 0x02, 0x03, 0x01, 0x04, 0x04, 0x05, 0x05, 0x07,
    0x28, 0x08, 0x03, 0x07, 0x01, 0x08, 0x0E, 0x07, 0x03, 0x05, 0x02, 0x04, 0x02, 0x03, 0x02, 0x02,
    0x03, 0x01, 0x0C, 0x00, 0x02, 0x01, 0x01, 0x02, 0x01, 0x03, 0x03, 0x04, 0x05, 0x05, 0x34, 0x07,
    0x0A, 0x05, 0x02, 0x04, 0x03, 0x03, 0x02, 0x02, 0x02, 0x01, 0x0D, 0x00, 0x02, 0x01, 0x01, 0x02,
    0x02, 0x03, 0x03, 0x04, 0x07, 0x05, 0x03, 0x06, 0x04, 0x05, 0x02, 0x06, 0x09, 0x07, 0x01, 0x06,
    0x04, 0x07, 0x01, 0x06, 0x04, 0x07, 0x07, 0x06, 0x06, 0x05, 0x02, 0x06, 0x09, 0x05, 0x09, 0x04,
    0x03, 0x03, 0x01, 0x02, 0x03, 0x01, 0x0E, 0x00, 0x02, 0x01, 0x01, 0x02, 0x03, 0x03, 0x05, 0x04,
    0x0C, 0x05, 0x02, 0x06, 0x04, 0x05, 0x03, 0x06, 0x07, 0x05, 0x02, 0x06, 0x05, 0x05, 0x01, 0x06,
    0x11, 0x05, 0x09, 0x04, 0x04, 0x03, 0x01, 0x02, 0x03, 0x01, 0x0F, 0x00, 0x03, 0x01, 0x04, 0x03,
    0x06, 0x04, 0x0B, 0x05, 0x02, 0x06, 0x03, 0x05, 0x02, 0x06, 0x09, 0x05, 0x01, 0x06, 0x02, 0x05,
    0x01, 0x06, 0x01, 0x05, 0x01, 0x06, 0x08, 0x05, 0x01, 0x04, 0x07, 0x05, 0x08, 0x04, 0x01, 0x03,
    0x02, 0x04, 0x03, 0x03, 0x01, 0x02, 0x03, 0x01, 0x11, 0x00, 0x02, 0x01, 0x02, 0x02, 0x03, 0x03,
    0x06, 0x04, 0x02, 0x05, 0x05, 0x04, 0x1F, 0x05, 0x03, 0x04, 0x02, 0x05, 0x0A, 0x04, 0x08, 0x03,
    0x02, 0x02, 0x02, 0x01, 0x13, 0x00, 0x03, 0x01, 0x02, 0x02, 0x04, 0x03, 0x0C, 0x04, 0x01, 0x05,
    0x06, 0x04, 0x03, 0x05, 0x05, 0x04, 0x03, 0x05, 0x06, 0x04, 0x01, 0x05, 0x12, 0x04, 0x07, 0x03,
    0x04, 0x02, 0x01, 0x01, 0x15, 0x00, 0x05, 0x01, 0x02, 0x02, 0x07, 0x03, 0x16, 0x04, 0x01, 0x05,
    0x15, 0x04, 0x01, 0x03, 0x02, 0x04, 0x07, 0x03, 0x03, 0x02, 0x03, 0x01, 0x19, 0x00, 0x06, 0x01,
    0x02, 0x02, 0x0F, 0x03, 0x19, 0x04, 0x0C, 0x03, 0x03, 0x02, 0x06, 0x01, 0x1E, 0x00, 0x0A, 0x01,
    0x07, 0x02, 0x1F, 0x03, 0x06, 0x02, 0x09, 0x01, 0x25, 0x00, 0x15, 0x01, 0x11, 0x02, 0x11, 0x01,
    0x31, 0x00, 0x27, 0x01, 0xFF, 0x00, 0x40, 0x00,
};

constexpr uint8_t NIXIE_PALETTE_3_SIZE = 13;
static constexpr uint16_t NIXIE_PALETTE_3[] = {
    0x0000, 0x0800, 0x2000, 0x4000, 0x6020, 0x6800, 0x7820, 0x78C0,
    0x9020, 0xB960, 0xD3C0, 0xE661, 0xEF80,
};
static constexpr uint8_t NIXIE_RLE_3[] = {
    0x85, 0x00, 0x16, 0x01, 0x3B, 0x00, 0x0F, 0x01, 0x17, 0x02, 0x10, 0x01, 0x25, 0x00, 0x09, 0x01,
    0x2F, 0x02, 0x07, 0x01, 0x1F, 0x00, 0x05, 0x01, 0x0A, 0x02, 0x26, 0x03, 0x0B, 0x02, 0x05, 0x01,
    0x19, 0x00, 0x05, 0x01, 0x06, 0x02, 0x12, 0x03, 0x02, 0x04, 0x04, 0x03, 0x03, 0x04, 0x01, 0x03,
    0x07, 0x04, 0x02, 0x03, 0x01, 0x04, 0x0D, 0x03, 0x07, 0x02, 0x03, 0x01, 0x17, 0x00, 0x04, 0x01,
    0x04, 0x02, 0x15, 0x03, 0x1E, 0x04, 0x08, 0x03, 0x05, 0x02, 0x04, 0x01, 0x13, 0x00, 0x03, 0x01,
    0x04, 0x02, 0x0F, 0x03, 0x01, 0x04, 0x02, 0x03, 0x15, 0x04, 0x08, 0x05, 0x0B, 0x04, 0x06, 0x03,
    0x04, 0x02, 0x03, 0x01, 0x11, 0x00, 0x03, 0x01, 0x03, 0x02, 0x0E, 0x03, 0x01, 0x04, 0x01, 0x03,
    0x10, 0x04, 0x02, 0x05, 0x06, 0x04, 0x01, 0x05, 0x02, 0x06, 0x08, 0x05, 0x0B, 0x04, 0x06, 0x03,
    0x03, 0x02, 0x02, 0x01, 0x10, 0x00, 0x02, 0x01, 0x04, 0x02, 0x0B, 0x03, 0x17, 0x04, 0x02, 0x06,
    0x01, 0x05, 0x11, 0x06, 0x04, 0x05, 0x08, 0x04, 0x04, 0x03, 0x03, 0x02, 0x02, 0x01, 0x0E, 0x00,
    0x03, 0x01, 0x03, 0x02, 0x09, 0x03, 0x0F, 0x04, 0x01, 0x05, 0x24, 0x06, 0x07, 0x04, 0x04, 0x03,
    0x03, 0x02, 0x01, 0x01, 0x0E, 0x00, 0x02, 0x01, 0x03, 0x02, 0x05, 0x03, 0x08, 0x04, 0x17, 0x07,
    0x17, 0x08, 0x01, 0x06, 0x03, 0x07, 0x03, 0x06, 0x04, 0x04, 0x04, 0x03, 0x02, 0x02, 0x01, 0x01,
    0x0E, 0x00, 0x02, 0x01, 0x03, 0x02, 0x03, 0x03, 0x02, 0x04, 0x1F, 0x07, 0x18, 0x08, 0x07, 0x07,
    0x04, 0x04, 0x03, 0x03, 0x02, 0x02, 0x02, 0x01, 0x0D, 0x00, 0x01, 0x01, 0x03, 0x02, 0x03, 0x03,
    0x02, 0x04, 0x0D, 0x07, 0x02, 0x09, 0x01, 0x07, 0x02, 0x09, 0x01, 0x07, 0x2A, 0x09, 0x04, 0x07,
    0x02, 0x04, 0x04, 0x03, 0x02, 0x02, 0x01, 0x01, 0x0C, 0x00, 0x02, 0x01, 0x03, 0x02, 0x03, 0x03,
    0x04, 0x07, 0x3D, 0x09, 0x03, 0x07, 0x02, 0x04, 0x03, 0x03, 0x02, 0x02, 0x02, 0x01, 0x0B, 0x00,
    0x02, 0x01, 0x03, 0x02, 0x03, 0x03, 0x02, 0x07, 0x07, 0x0A, 0x02, 0x0B, 0x02, 0x0A, 0x05, 0x0B,
    0x02, 0x0A, 0x05, 0x0B, 0x04, 0x0A, 0x01, 0x0B, 0x02, 0x0A, 0x01, 0x0B, 0x0E, 0x0A, 0x01, 0x0B,
    0x10, 0x0A, 0x02, 0x09, 0x03, 0x07, 0x02, 0x04, 0x02, 0x03, 0x02, 0x02, 0x02, 0x01, 0x0B, 0x00,
    0x02, 0x01, 0x02, 0x02, 0x03, 0x03, 0x01, 0x07, 0x06, 0x0A, 0x04, 0x0B, 0x02, 0x0C, 0x07, 0x0B,
    0x08, 0x0C, 0x06, 0x0B, 0x01, 0x0A, 0x09, 0x0C, 0x01, 0x0A, 0x04, 0x0B, 0x01, 0x0A, 0x01, 0x0B,
    0x08, 0x0C, 0x06, 0x0B, 0x02, 0x0A, 0x01, 0x09, 0x02, 0x07, 0x02, 0x04, 0x03, 0x03, 0x01, 0x02,
    0x02, 0x01, 0x0B, 0x00, 0x01, 0x01, 0x03, 0x02, 0x03, 0x03, 0x01, 0x07, 0x06, 0x0A, 0x04, 0x0B,
    0x02, 0x0C, 0x01, 0x0A, 0x05, 0x0B, 0x01, 0x0A, 0x05, 0x0C, 0x03, 0x0B, 0x07, 0x0A, 0x02, 0x0B,
    0x05, 0x0C, 0x02, 0x0A, 0x01, 0x0B, 0x04, 0x0C, 0x02, 0x0B, 0x08, 0x0C, 0x01, 0x0A, 0x01, 0x0B,
    0x03, 0x0C, 0x01, 0x0B, 0x01, 0x0A, 0x01, 0x0B, 0x01, 0x0A, 0x01, 0x09, 0x02, 0x07, 0x02, 0x04,
    0x02, 0x03, 0x02, 0x02, 0x01, 0x01, 0x0B, 0x00, 0x02, 0x01, 0x02, 0x02, 0x03, 0x03, 0x01, 0x0A,
    0x02, 0x07, 0x04, 0x0A, 0x04, 0x0B, 0x01, 0x0C, 0x02, 0x0B, 0x05, 0x0C, 0x04, 0x0B, 0x02, 0x0A,
    0x0C, 0x09, 0x02, 0x0A, 0x01, 0x0B, 0x01, 0x0C, 0x01, 0x0A, 0x01, 0x09, 0x01, 0x0A, 0x06, 0x0C,
    0x02, 0x0B, 0x06, 0x0C, 0x02, 0x0B, 0x05, 0x0C, 0x01, 0x0B, 0x01, 0x0A, 0x01, 0x0B, 0x01, 0x09,
    0x02, 0x07, 0x02, 0x04, 0x02, 0x03, 0x02, 0x02, 0x01, 0x01, 0x0B, 0x00, 0x02, 0x01, 0x02, 0x02,
    0x03, 0x03, 0x03, 0x07, 0x04, 0x0A, 0x03, 0x0B, 0x02, 0x0C, 0x01, 0x0A, 0x06, 0x0C, 0x01, 0x0B,
    0x01, 0x0A, 0x04, 0x09, 0x03, 0x0A, 0x04, 0x0B, 0x01, 0x09, 0x03, 0x0A, 0x04, 0x09, 0x01, 0x0A,
    0x02, 0x09, 0x01, 0x0A, 0x06, 0x0C, 0x01, 0x0B, 0x01, 0x0A, 0x06, 0x0C, 0x01, 0x0A, 0x07, 0x0C,
    0x01, 0x0B, 0x01, 0x0A, 0x01, 0x09, 0x02, 0x07, 0x02, 0x04, 0x02, 0x03, 0x02, 0x02, 0x01, 0x01,
    0x0B, 0x00, 0x02, 0x01, 0x02, 0x02, 0x03, 0x03, 0x03, 0x07, 0x04, 0x0A, 0x03, 0x0B, 0x01, 0x0C,
    0x02, 0x0B, 0x04, 0x0C, 0x01, 0x0B, 0x01, 0x0A, 0x04, 0x09, 0x01, 0x0A, 0x01, 0x0B, 0x01, 0x0C,
    0x02, 0x0B, 0x03, 0x0C, 0x01, 0x0A, 0x01, 0x09, 0x03, 0x0C, 0x01, 0x0A, 0x01, 0x0B, 0x02, 0x0A,
    0x03, 0x09, 0x01, 0x0A, 0x01, 0x0B, 0x06, 0x0C, 0x02, 0x0B, 0x01, 0x0C, 0x02, 0x0B, 0x01, 0x0C,
    0x02, 0x0B, 0x07, 0x0C, 0x01, 0x0B, 0x01, 0x0A, 0x01, 0x09, 0x02, 0x07, 0x03, 0x04, 0x01, 0x03,
    0x02, 0x02, 0x01, 0x01, 0x0B, 0x00, 0x02, 0x01, 0x02, 0x02, 0x03, 0x03, 0x02, 0x07, 0x05, 0x0A,
    0x04, 0x0B, 0x01, 0x0A, 0x03, 0x0C, 0x01, 0x0B, 0x01, 0x0A, 0x03, 0x09, 0x02, 0x0A, 0x04, 0x0B,
    0x01, 0x0A, 0x01, 0x0B, 0x02, 0x0C, 0x01, 0x0B, 0x01, 0x09, 0x01, 0x0A, 0x03, 0x0C, 0x03, 0x0B,
    0x01, 0x0A, 0x01, 0x09, 0x01, 0x0A, 0x03, 0x09, 0x01, 0x0A, 0x05, 0x0C, 0x01, 0x0B, 0x01, 0x0A,
    0x04, 0x0B, 0x01, 0x0A, 0x01, 0x0B, 0x07, 0x0C, 0x01, 0x0B, 0x01, 0x0A, 0x01, 0x09, 0x02, 0x07,
    0x03, 0x04, 0x01, 0x03, 0x02, 0x02, 0x01, 0x01, 0x0C, 0x00, 0x01, 0x01, 0x03, 0x02, 0x03, 0x03,
    0x01, 0x07, 0x0B, 0x0A, 0x01, 0x0B, 0x04, 0x0A, 0x01, 0x09, 0x03, 0x0A, 0x01, 0x0B, 0x08, 0x0A,
    0x01, 0x09, 0x0A, 0x0A, 0x04, 0x09, 0x0A, 0x0A, 0x03, 0x0B, 0x07, 0x0C, 0x01, 0x0B, 0x02, 0x09,
    0x02, 0x07, 0x02, 0x04, 0x02, 0x03, 0x02, 0x02, 0x01, 0x01, 0x0C, 0x00, 0x01, 0x01, 0x03, 0x02,
    0x03, 0x03, 0x04, 0x07, 0x32, 0x09, 0x01, 0x0A, 0x01, 0x0B, 0x01, 0x0C, 0x02, 0x0B, 0x05, 0x0C,
    0x01, 0x0B, 0x01, 0x0A, 0x02, 0x09, 0x02, 0x07, 0x02, 0x04, 0x02, 0x03, 0x02, 0x02, 0x01, 0x01,
    0x0C, 0x00, 0x01, 0x01, 0x03, 0x02, 0x03, 0x03, 0x01, 0x04, 0x08, 0x07, 0x01, 0x09, 0x04, 0x07,
    0x04, 0x09, 0x01, 0x08, 0x23, 0x09, 0x01, 0x0B, 0x02, 0x0C, 0x02, 0x0B, 0x05, 0x0C, 0x01, 0x0A,
    0x02, 0x09, 0x02, 0x07, 0x01, 0x06, 0x02, 0x04, 0x02, 0x03, 0x02, 0x02, 0x01, 0x01, 0x0C, 0x00,
    0x02, 0x01, 0x03, 0x02, 0x03, 0x03, 0x02, 0x04, 0x14, 0x07, 0x11, 0x08, 0x03, 0x09, 0x01, 0x08,
    0x09, 0x09, 0x01, 0x0A, 0x04, 0x0C, 0x06, 0x0B, 0x03, 0x09, 0x02, 0x07, 0x01, 0x05, 0x02, 0x04,
    0x02, 0x03, 0x02, 0x02, 0x01, 0x01, 0x0C, 0x00, 0x02, 0x01, 0x03, 0x02, 0x04, 0x03, 0x06, 0x04,
    0x02, 0x07, 0x02, 0x04, 0x06, 0x07, 0x01, 0x06, 0x04, 0x07, 0x17, 0x08, 0x06, 0x09, 0x01, 0x0A,
    0x05, 0x0C, 0x05, 0x0B, 0x01, 0x0A, 0x02, 0x09, 0x03, 0x07, 0x03, 0x04, 0x02, 0x03, 0x02, 0x02,
    0x01, 0x01, 0x0D, 0x00, 0x02, 0x01, 0x03, 0x02, 0x08, 0x03, 0x0A, 0x04, 0x09, 0x06, 0x14, 0x08,
    0x06, 0x09, 0x01, 0x0B, 0x04, 0x0C, 0x02, 0x0B, 0x03, 0x0C, 0x01, 0x0B, 0x02, 0x09, 0x01, 0x08,
    0x02, 0x07, 0x01, 0x06, 0x03, 0x04, 0x02, 0x03, 0x02, 0x02, 0x01, 0x01, 0x0D, 0x00, 0x02, 0x01,
    0x04, 0x02, 0x07, 0x03, 0x01, 0x04, 0x02, 0x03, 0x09, 0x04, 0x01, 0x05, 0x01, 0x06, 0x01, 0x05,
    0x0A, 0x06, 0x0F, 0x08, 0x04, 0x09, 0x02, 0x0A, 0x04, 0x0C, 0x01, 0x0A, 0x03, 0x0C, 0x01, 0x0B,
    0x01, 0x0A, 0x02, 0x09, 0x01, 0x08, 0x01, 0x07, 0x01, 0x06, 0x01, 0x05, 0x03, 0x04, 0x02, 0x03,
    0x02, 0x02, 0x01, 0x01, 0x0E, 0x00, 0x02, 0x01, 0x04, 0x02, 0x08, 0x03, 0x01, 0x04, 0x02, 0x03,
    0x07, 0x04, 0x02, 0x05, 0x01, 0x04, 0x03, 0x05, 0x07, 0x06, 0x0E, 0x08, 0x05, 0x09, 0x03, 0x0A,
    0x02, 0x0C, 0x02, 0x0B, 0x03, 0x0C, 0x01, 0x0A, 0x03, 0x09, 0x01, 0x08, 0x02, 0x06, 0x01, 0x05,
    0x03, 0x04, 0x02, 0x03, 0x02, 0x02, 0x01, 0x01, 0x0E, 0x00, 0x03, 0x01, 0x04, 0x02, 0x06, 0x03,
    0x02, 0x04, 0x06, 0x03, 0x04, 0x04, 0x05, 0x05, 0x07, 0x06, 0x0E, 0x08, 0x06, 0x09, 0x01, 0x0A,
    0x01, 0x09, 0x01, 0x0A, 0x01, 0x0B, 0x01, 0x0A, 0x03, 0x0C, 0x01, 0x0B, 0x03, 0x09, 0x03, 0x08,
    0x02, 0x06, 0x01, 0x05, 0x02, 0x04, 0x02, 0x03, 0x01, 0x02, 0x02, 0x01, 0x0F, 0x00, 0x03, 0x01,
    0x04, 0x02, 0x0D, 0x03, 0x04, 0x04, 0x01, 0x05, 0x01, 0x04, 0x03, 0x05, 0x07, 0x06, 0x0D, 0x08,
    0x04, 0x09, 0x02, 0x0A, 0x01, 0x09, 0x01, 0x0A, 0x01, 0x0B, 0x01, 0x09, 0x01, 0x0C, 0x02, 0x0B,
    0x01, 0x0C, 0x01, 0x0B, 0x01, 0x0A, 0x02, 0x09, 0x03, 0x08, 0x02, 0x06, 0x01, 0x05, 0x03, 0x04,
    0x02, 0x03, 0x01, 0x02, 0x02, 0x01, 0x10, 0x00, 0x03, 0x01, 0x04, 0x02, 0x0E, 0x03, 0x06, 0x04,
    0x02, 0x05, 0x07, 0x06, 0x0C, 0x08, 0x03, 0x09, 0x01, 0x0A, 0x01, 0x0B, 0x02, 0x0A, 0x01, 0x09,
    0x01, 0x0B, 0x02, 0x0A, 0x01, 0x0C, 0x01, 0x0A, 0x01, 0x0B, 0x01, 0x0A, 0x03, 0x09, 0x02, 0x08,
    0x02, 0x06, 0x01, 0x05, 0x03, 0x04, 0x02, 0x03, 0x02, 0x02, 0x01, 0x01, 0x12, 0x00, 0x04, 0x01,
    0x04, 0x02, 0x0C, 0x03, 0x07, 0x04, 0x01, 0x05, 0x07, 0x06, 0x0B, 0x08, 0x04, 0x09, 0x01, 0x0B,
    0x01, 0x0A, 0x01, 0x0C, 0x04, 0x0A, 0x01, 0x09, 0x02, 0x0B, 0x01, 0x0A, 0x03, 0x09, 0x02, 0x08,
    0x03, 0x06, 0x01, 0x05, 0x02, 0x04, 0x03, 0x03, 0x02, 0x02, 0x01, 0x01, 0x14, 0x00, 0x03, 0x01,
    0x05, 0x02, 0x0A, 0x03, 0x07, 0x04, 0x01, 0x05, 0x06, 0x06, 0x0C, 0x08, 0x03, 0x09, 0x01, 0x0A,
    0x02, 0x0B, 0x01, 0x0C, 0x01, 0x0B, 0x05, 0x0A, 0x01, 0x0B, 0x03, 0x09, 0x03, 0x08, 0x02, 0x06,
    0x02, 0x05, 0x02, 0x04, 0x03, 0x03, 0x02, 0x02, 0x01, 0x01, 0x16, 0x00, 0x03, 0x01, 0x06, 0x02,
    0x09, 0x03, 0x05, 0x04, 0x01, 0x05, 0x06, 0x06, 0x0B, 0x08, 0x04, 0x09, 0x03, 0x0B, 0x01, 0x0C,
    0x01, 0x0B, 0x01, 0x09, 0x01, 0x0B, 0x04, 0x0A, 0x03, 0x09, 0x03, 0x08, 0x02, 0x06, 0x02, 0x05,
    0x02, 0x04, 0x03, 0x03, 0x01, 0x02, 0x02, 0x01, 0x17, 0x00, 0x04, 0x01, 0x07, 0x02, 0x07, 0x03,
    0x05, 0x04, 0x01, 0x05, 0x06, 0x06, 0x0A, 0x08, 0x03, 0x09, 0x01, 0x0B, 0x02, 0x0C, 0x01, 0x0A,
    0x01, 0x0B, 0x01, 0x0C, 0x01, 0x0A, 0x01, 0x0B, 0x03, 0x0A, 0x03, 0x09, 0x03, 0x08, 0x03, 0x06,
    0x02, 0x05, 0x02, 0x04, 0x03, 0x03, 0x01, 0x02, 0x01, 0x01, 0x1A, 0x00, 0x05, 0x01, 0x07, 0x02,
    0x05, 0x03, 0x04, 0x04, 0x01, 0x05, 0x06, 0x06, 0x09, 0x08, 0x03, 0x09, 0x01, 0x0A, 0x03, 0x0C,
    0x02, 0x0B, 0x01, 0x0C, 0x02, 0x0A, 0x01, 0x0C, 0x05, 0x09, 0x02, 0x08, 0x04, 0x06, 0x01, 0x05,
    0x02, 0x04, 0x03, 0x03, 0x02, 0x02, 0x01, 0x01, 0x1D, 0x00, 0x04, 0x01, 0x07, 0x02, 0x05, 0x03,
    0x02, 0x04, 0x01, 0x05, 0x01, 0x06, 0x02, 0x05, 0x03, 0x06, 0x08, 0x08, 0x03, 0x09, 0x01, 0x0A,
    0x01, 0x0B, 0x04, 0x0C, 0x01, 0x0A, 0x01, 0x0C, 0x01, 0x0B, 0x01, 0x09, 0x01, 0x0B, 0x01, 0x0A,
    0x03, 0x09, 0x03, 0x08, 0x03, 0x06, 0x02, 0x05, 0x02, 0x04, 0x03, 0x03, 0x02, 0x02, 0x01, 0x01,
    0x21, 0x00, 0x04, 0x01, 0x05, 0x02, 0x04, 0x03, 0x01, 0x04, 0x03, 0x05, 0x04, 0x06, 0x08, 0x08,
    0x03, 0x09, 0x01, 0x0B, 0x05, 0x0C, 0x01, 0x0B, 0x02, 0x0A, 0x01, 0x09, 0x01, 0x0A, 0x03, 0x09,
    0x03, 0x08, 0x03, 0x06, 0x03, 0x05, 0x02, 0x04, 0x02, 0x03, 0x02, 0x02, 0x01, 0x01, 0x25, 0x00,
    0x03, 0x01, 0x04, 0x02, 0x04, 0x03, 0x01, 0x04, 0x03, 0x05, 0x03, 0x06, 0x07, 0x08, 0x03, 0x09,
    0x01, 0x0A, 0x06, 0x0C, 0x03, 0x0B, 0x04, 0x09, 0x04, 0x08, 0x03, 0x06, 0x03, 0x05, 0x01, 0x04,
    0x03, 0x03, 0x02, 0x02, 0x01, 0x01, 0x27, 0x00, 0x02, 0x01, 0x04, 0x02, 0x03, 0x03, 0x01, 0x04,
    0x03, 0x05, 0x03, 0x06, 0x06, 0x08, 0x04, 0x09, 0x01, 0x0B, 0x05, 0x0C, 0x01, 0x0B, 0x01, 0x0A,
    0x01, 0x0C, 0x01, 0x0B, 0x01, 0x0A, 0x03, 0x09, 0x04, 0x08, 0x03, 0x06, 0x02, 0x05, 0x02, 0x04,
    0x02, 0x03, 0x02, 0x02, 0x02, 0x01, 0x28, 0x00, 0x02, 0x01, 0x03, 0x02, 0x03, 0x03, 0x01, 0x04,
    0x03, 0x05, 0x03, 0x06, 0x05, 0x08, 0x04, 0x09, 0x01, 0x0A, 0x01, 0x0B, 0x05, 0x0C, 0x02, 0x0B,
    0x01, 0x0C, 0x01, 0x0A, 0x03, 0x09, 0x05, 0x08, 0x03, 0x06, 0x02, 0x05, 0x02, 0x04, 0x02, 0x03,
    0x02, 0x02, 0x01, 0x01, 0x2A, 0x00, 0x02, 0x01, 0x03, 0x02, 0x02, 0x03, 0x01, 0x04, 0x03, 0x05,
    0x03, 0x06, 0x05, 0x08, 0x04, 0x09, 0x01, 0x0A, 0x04, 0x0B, 0x01, 0x0C, 0x02, 0x0B, 0x01, 0x0C,
    0x01, 0x0B, 0x04, 0x09, 0x05, 0x08, 0x03, 0x06, 0x02, 0x05, 0x01, 0x04, 0x02, 0x03, 0x03, 0x02,
    0x01, 0x01, 0x2B, 0x00, 0x01, 0x01, 0x03, 0x02, 0x02, 0x03, 0x01, 0x04, 0x03, 0x05, 0x03, 0x06,
    0x04, 0x08, 0x03, 0x09, 0x04, 0x0A, 0x04, 0x0B, 0x01, 0x0A, 0x01, 0x0B, 0x01, 0x0C, 0x01, 0x0A,
    0x03, 0x09, 0x06, 0x08, 0x02, 0x06, 0x02, 0x05, 0x02, 0x04, 0x02, 0x03, 0x02, 0x02, 0x01, 0x01,
    0x2C, 0x00, 0x01, 0x01, 0x03, 0x02, 0x02, 0x03, 0x01, 0x04, 0x03, 0x05, 0x03, 0x06, 0x04, 0x08,
    0x03, 0x09, 0x01, 0x0B, 0x02, 0x0A, 0x01, 0x0B, 0x05, 0x0C, 0x01, 0x0B, 0x01, 0x0A, 0x03, 0x09,
    0x06, 0x08, 0x02, 0x06, 0x03, 0x05, 0x01, 0x04, 0x02, 0x03, 0x03, 0x02, 0x01, 0x01, 0x2C, 0x00,
    0x01, 0x01, 0x03, 0x02, 0x02, 0x03, 0x01, 0x04, 0x01, 0x06, 0x02, 0x05, 0x02, 0x06, 0x04, 0x08,
    0x03, 0x09, 0x01, 0x0A, 0x01, 0x0C, 0x02, 0x0A, 0x06, 0x0C, 0x01, 0x0B, 0x04, 0x09, 0x05, 0x08,
    0x03, 0x06, 0x03, 0x05, 0x01, 0x04, 0x02, 0x03, 0x02, 0x02, 0x02, 0x01, 0x2C, 0x00, 0x01, 0x01,
    0x03, 0x02, 0x02, 0x03, 0x01, 0x04, 0x01, 0x06, 0x02, 0x05, 0x02, 0x06, 0x03, 0x08, 0x03, 0x09,
    0x01, 0x0A, 0x02, 0x0C, 0x02, 0x0A, 0x06, 0x0C, 0x01, 0x0A, 0x03, 0x09, 0x06, 0x08, 0x03, 0x06,
    0x02, 0x05, 0x02, 0x04, 0x02, 0x03, 0x02, 0x02, 0x01, 0x01, 0x2D, 0x00, 0x01, 0x01, 0x02, 0x02,
    0x03, 0x03, 0x01, 0x05, 0x01, 0x06, 0x02, 0x05, 0x02, 0x06, 0x03, 0x08, 0x03, 0x09, 0x01, 0x0A,
    0x02, 0x0B, 0x01, 0x09, 0x01, 0x0A, 0x05, 0x0C, 0x01, 0x0A, 0x03, 0x09, 0x07, 0x08, 0x03, 0x06,
    0x02, 0x05, 0x01, 0x04, 0x02, 0x03, 0x03, 0x02, 0x01, 0x01, 0x2D, 0x00, 0x01, 0x01, 0x02, 0x02,
    0x02, 0x03, 0x01, 0x04, 0x01, 0x05, 0x01, 0x06, 0x01, 0x05, 0x03, 0x06, 0x02, 0x08, 0x03, 0x09,
    0x01, 0x0A, 0x03, 0x0B, 0x02, 0x0A, 0x04, 0x0C, 0x01, 0x0B, 0x04, 0x09, 0x06, 0x08, 0x04, 0x06,
    0x02, 0x05, 0x01, 0x04, 0x02, 0x03, 0x02, 0x02, 0x02, 0x01, 0x2D, 0x00, 0x01, 0x01, 0x02, 0x02,
    0x02, 0x03, 0x01, 0x04, 0x01, 0x05, 0x01, 0x06, 0x01, 0x05, 0x02, 0x06, 0x02, 0x08, 0x03, 0x09,
    0x01, 0x0A, 0x04, 0x0C, 0x02, 0x0A, 0x04, 0x0C, 0x01, 0x0A, 0x04, 0x09, 0x06, 0x08, 0x04, 0x06,
    0x02, 0x05, 0x01, 0x04, 0x02, 0x03, 0x02, 0x02, 0x02, 0x01, 0x2C, 0x00, 0x02, 0x01, 0x02, 0x02,
    0x02, 0x03, 0x02, 0x04, 0x01, 0x06, 0x01, 0x05, 0x02, 0x06, 0x02, 0x08, 0x03, 0x09, 0x01, 0x0B,
    0x04, 0x0C, 0x02, 0x0A, 0x03, 0x0C, 0x01, 0x0A, 0x03, 0x09, 0x09, 0x08, 0x03, 0x06, 0x02, 0x05,
    0x01, 0x04, 0x02, 0x03, 0x02, 0x02, 0x01, 0x01, 0x2D, 0x00, 0x01, 0x01, 0x02, 0x02, 0x04, 0x03,
    0x01, 0x04, 0x04, 0x06, 0x01, 0x08, 0x03, 0x09, 0x01, 0x0A, 0x05, 0x0C, 0x02, 0x0A, 0x01, 0x0B,
    0x01, 0x0C, 0x01, 0x0B, 0x04, 0x09, 0x09, 0x08, 0x03, 0x06, 0x02, 0x05, 0x01, 0x04, 0x02, 0x03,
    0x02, 0x02, 0x01, 0x01, 0x2D, 0x00, 0x01, 0x01, 0x02, 0x02, 0x03, 0x03, 0x02, 0x04, 0x03, 0x06,
    0x02, 0x08, 0x02, 0x09, 0x01, 0x0A, 0x01, 0x0B, 0x05, 0x0C, 0x03, 0x0A, 0x01, 0x0B, 0x01, 0x0A,
    0x04, 0x09, 0x09, 0x08, 0x03, 0x06, 0x02, 0x05, 0x01, 0x04, 0x02, 0x03, 0x02, 0x02, 0x01, 0x01,
    0x2D, 0x00, 0x01, 0x01, 0x02, 0x02, 0x03, 0x03, 0x02, 0x04, 0x03, 0x06, 0x01, 0x08, 0x03, 0x09,
    0x01, 0x0A, 0x06, 0x0C, 0x02, 0x0A, 0x01, 0x0B, 0x01, 0x0A, 0x04, 0x09, 0x0A, 0x08, 0x03, 0x06,
    0x02, 0x05, 0x01, 0x04, 0x02, 0x03, 0x02, 0x02, 0x02, 0x01, 0x2C, 0x00, 0x01, 0x01, 0x02, 0x02,
    0x03, 0x03, 0x02, 0x04, 0x02, 0x06, 0x02, 0x07, 0x02, 0x09, 0x02, 0x0A, 0x06, 0x0C, 0x02, 0x0A,
    0x01, 0x0B, 0x01, 0x0A, 0x04, 0x09, 0x09, 0x08, 0x04, 0x06, 0x02, 0x05, 0x01, 0x04, 0x02, 0x03,
    0x03, 0x02, 0x01, 0x01, 0x2C, 0x00, 0x03, 0x02, 0x03, 0x03, 0x01, 0x04, 0x01, 0x05, 0x02, 0x06,
    0x02, 0x07, 0x02, 0x09, 0x03, 0x0B, 0x05, 0x0C, 0x03, 0x0A, 0x05, 0x09, 0x09, 0x08, 0x04, 0x06,
    0x02, 0x05, 0x01, 0x04, 0x03, 0x03, 0x02, 0x02, 0x01, 0x01, 0x2C, 0x00, 0x01, 0x01, 0x02, 0x02,
    0x03, 0x03, 0x01, 0x04, 0x01, 0x05, 0x02, 0x06, 0x01, 0x07, 0x02, 0x09, 0x01, 0x0A, 0x02, 0x0C,
    0x01, 0x0A, 0x05, 0x0B, 0x02, 0x0A, 0x08, 0x09, 0x07, 0x08, 0x04, 0x06, 0x03, 0x05, 0x01, 0x04,
    0x02, 0x03, 0x02, 0x02, 0x02, 0x01, 0x2B, 0x00, 0x01, 0x01, 0x02, 0x02, 0x02, 0x03, 0x02, 0x04,
    0x02, 0x06, 0x02, 0x07, 0x01, 0x09, 0x01, 0x0A, 0x01, 0x0B, 0x02, 0x0C, 0x01, 0x0A, 0x05, 0x0B,
    0x04, 0x0A, 0x07, 0x09, 0x06, 0x08, 0x04, 0x06, 0x02, 0x05, 0x02, 0x04, 0x02, 0x03, 0x03, 0x02,
    0x01, 0x01, 0x2B, 0x00, 0x01, 0x01, 0x02, 0x02, 0x02, 0x03, 0x02, 0x04, 0x02, 0x06, 0x01, 0x07,
    0x01, 0x08, 0x01, 0x09, 0x01, 0x0A, 0x02, 0x0C, 0x02, 0x0B, 0x05, 0x0C, 0x02, 0x0A, 0x02, 0x0C,
    0x01, 0x0B, 0x01, 0x0A, 0x06, 0x09, 0x07, 0x08, 0x02, 0x06, 0x03, 0x05, 0x02, 0x04, 0x02, 0x03,
    0x02, 0x02, 0x01, 0x01, 0x2B, 0x00, 0x01, 0x01, 0x02, 0x02, 0x02, 0x03, 0x02, 0x04, 0x01, 0x05,
    0x01, 0x06, 0x02, 0x07, 0x01, 0x09, 0x04, 0x0A, 0x02, 0x0B, 0x04, 0x0C, 0x02, 0x0A, 0x02, 0x0C,
    0x02, 0x0A, 0x01, 0x0B, 0x01, 0x0A, 0x05, 0x09, 0x07, 0x08, 0x01, 0x06, 0x03, 0x05, 0x02, 0x04,
    0x02, 0x03, 0x02, 0x02, 0x02, 0x01, 0x2A, 0x00, 0x01, 0x01, 0x02, 0x02, 0x03, 0x03, 0x02, 0x04,
    0x01, 0x06, 0x02, 0x07, 0x02, 0x09, 0x04, 0x0A, 0x01, 0x09, 0x02, 0x0A, 0x01, 0x0B, 0x01, 0x0C,
    0x02, 0x0A, 0x01, 0x0B, 0x02, 0x0A, 0x01, 0x0B, 0x02, 0x0C, 0x02, 0x0A, 0x04, 0x09, 0x06, 0x08,
    0x02, 0x06, 0x02, 0x05, 0x03, 0x04, 0x02, 0x03, 0x02, 0x02, 0x01, 0x01, 0x2A, 0x00, 0x01, 0x01,
    0x02, 0x02, 0x04, 0x03, 0x01, 0x04, 0x02, 0x06, 0x02, 0x07, 0x01, 0x09, 0x01, 0x0B, 0x01, 0x0A,
    0x02, 0x0C, 0x02, 0x0B, 0x01, 0x0A, 0x01, 0x09, 0x01, 0x0A, 0x01, 0x09, 0x03, 0x0A, 0x03, 0x0B,
    0x01, 0x0A, 0x01, 0x0B, 0x01, 0x0C, 0x01, 0x0B, 0x01, 0x0A, 0x04, 0x09, 0x04, 0x08, 0x04, 0x06,
    0x01, 0x05, 0x02, 0x04, 0x02, 0x03, 0x03, 0x02, 0x01, 0x01, 0x29, 0x00, 0x01, 0x01, 0x02, 0x02,
    0x04, 0x03, 0x01, 0x04, 0x02, 0x06, 0x02, 0x07, 0x01, 0x09, 0x02, 0x0A, 0x01, 0x0B, 0x05, 0x0C,
    0x01, 0x0A, 0x03, 0x09, 0x01, 0x0B, 0x03, 0x0C, 0x02, 0x0B, 0x02, 0x0C, 0x01, 0x0B, 0x01, 0x0A,
    0x03, 0x09, 0x04, 0x08, 0x03, 0x06, 0x02, 0x05, 0x02, 0x04, 0x03, 0x03, 0x02, 0x02, 0x01, 0x01,
    0x29, 0x00, 0x02, 0x01, 0x02, 0x02, 0x03, 0x03, 0x03, 0x04, 0x01, 0x06, 0x02, 0x07, 0x02, 0x09,
    0x01, 0x0A, 0x04, 0x0B, 0x02, 0x0A, 0x01, 0x09, 0x02, 0x0A, 0x01, 0x09, 0x01, 0x0A, 0x01, 0x0B,
    0x02, 0x0C, 0x02, 0x0B, 0x01, 0x0C, 0x02, 0x0A, 0x01, 0x0B, 0x04, 0x09, 0x02, 0x08, 0x03, 0x06,
    0x03, 0x05, 0x02, 0x04, 0x03, 0x03, 0x01, 0x02, 0x02, 0x01, 0x28, 0x00, 0x02, 0x01, 0x02, 0x02,
    0x03, 0x03, 0x04, 0x04, 0x03, 0x07, 0x03, 0x09, 0x02, 0x0A, 0x01, 0x09, 0x01, 0x0A, 0x01, 0x0B,
    0x02, 0x0A, 0x01, 0x0C, 0x01, 0x0B, 0x01, 0x0A, 0x01, 0x09, 0x01, 0x0A, 0x02, 0x0C, 0x02, 0x0B,
    0x01, 0x09, 0x02, 0x0C, 0x01, 0x0B, 0x03, 0x09, 0x03, 0x08, 0x03, 0x06, 0x02, 0x05, 0x02, 0x04,
    0x03, 0x03, 0x02, 0x02, 0x01, 0x01, 0x29, 0x00, 0x01, 0x01, 0x02, 0x02, 0x03, 0x03, 0x05, 0x04,
    0x03, 0x07, 0x05, 0x09, 0x02, 0x0A, 0x01, 0x09, 0x01, 0x0A, 0x03, 0x0C, 0x01, 0x0B, 0x02, 0x0A,
    0x01, 0x0C, 0x01, 0x0B, 0x01, 0x09, 0x04, 0x0B, 0x01, 0x0A, 0x03, 0x09, 0x03, 0x08, 0x02, 0x06,
    0x02, 0x05, 0x03, 0x04, 0x02, 0x03, 0x02, 0x02, 0x01, 0x01, 0x29, 0x00, 0x01, 0x01, 0x03, 0x02,
    0x04, 0x03, 0x03, 0x04, 0x01, 0x06, 0x03, 0x07, 0x02, 0x08, 0x05, 0x09, 0x01, 0x0A, 0x02, 0x0B,
    0x03, 0x0C, 0x02, 0x0A, 0x01, 0x09, 0x01, 0x0A, 0x04, 0x0B, 0x02, 0x0A, 0x03, 0x09, 0x02, 0x08,
    0x02, 0x06, 0x01, 0x05, 0x01, 0x06, 0x01, 0x05, 0x02, 0x04, 0x03, 0x03, 0x02, 0x02, 0x01, 0x01,
    0x28, 0x00, 0x02, 0x01, 0x02, 0x02, 0x03, 0x03, 0x05, 0x04, 0x02, 0x06, 0x04, 0x08, 0x06, 0x09,
    0x01, 0x0A, 0x01, 0x0B, 0x02, 0x0C, 0x01, 0x0B, 0x02, 0x09, 0x01, 0x0B, 0x04, 0x0C, 0x02, 0x0B,
    0x01, 0x0A, 0x03, 0x09, 0x01, 0x08, 0x03, 0x06, 0x01, 0x05, 0x03, 0x04, 0x03, 0x03, 0x02, 0x02,
    0x01, 0x01, 0x29, 0x00, 0x01, 0x01, 0x03, 0x02, 0x02, 0x03, 0x06, 0x04, 0x03, 0x06, 0x05, 0x08,
    0x05, 0x09, 0x02, 0x0A, 0x01, 0x09, 0x02, 0x0A, 0x01, 0x09, 0x01, 0x0B, 0x04, 0x0C, 0x02, 0x0B,
    0x01, 0x0A, 0x02, 0x09, 0x02, 0x08, 0x02, 0x06, 0x01, 0x05, 0x03, 0x04, 0x04, 0x03, 0x01, 0x02,
    0x02, 0x01, 0x28, 0x00, 0x02, 0x01, 0x02, 0x02, 0x05, 0x03, 0x03, 0x04, 0x05, 0x06, 0x05, 0x08,
    0x05, 0x09, 0x01, 0x0A, 0x01, 0x0B, 0x01, 0x0C, 0x01, 0x0B, 0x01, 0x09, 0x01, 0x0B, 0x03, 0x0C,
    0x03, 0x0B, 0x03, 0x09, 0x02, 0x08, 0x02, 0x06, 0x01, 0x05, 0x03, 0x04, 0x03, 0x03, 0x02, 0x02,
    0x01, 0x01, 0x28, 0x00, 0x02, 0x01, 0x03, 0x02, 0x04, 0x03, 0x03, 0x04, 0x01, 0x06, 0x01, 0x05,
    0x01, 0x04, 0x04, 0x06, 0x04, 0x08, 0x05, 0x09, 0x01, 0x0A, 0x02, 0x0C, 0x01, 0x0A, 0x01, 0x09,
    0x01, 0x0B, 0x03, 0x0C, 0x02, 0x0B, 0x01, 0x0A, 0x02, 0x09, 0x02, 0x08, 0x02, 0x06, 0x01, 0x05,
    0x03, 0x04, 0x03, 0x03, 0x02, 0x02, 0x01, 0x01, 0x29, 0x00, 0x02, 0x01, 0x02, 0x02, 0x05, 0x03,
    0x02, 0x04, 0x01, 0x06, 0x01, 0x05, 0x01, 0x04, 0x01, 0x05, 0x04, 0x06, 0x05, 0x08, 0x04, 0x09,
    0x01, 0x0B, 0x02, 0x0C, 0x02, 0x0A, 0x03, 0x0C, 0x03, 0x0B, 0x01, 0x0A, 0x02, 0x09, 0x01, 0x08,
    0x02, 0x06, 0x01, 0x05, 0x03, 0x04, 0x03, 0x03, 0x02, 0x02, 0x01, 0x01, 0x2A, 0x00, 0x02, 0x01,
    0x02, 0x02, 0x05, 0x03, 0x01, 0x04, 0x02, 0x05, 0x01, 0x04, 0x02, 0x05, 0x04, 0x06, 0x04, 0x08,
    0x05, 0x09, 0x01, 0x0B, 0x02, 0x0C, 0x02, 0x0A, 0x01, 0x0C, 0x02, 0x0B, 0x02, 0x0C, 0x01, 0x0A,
    0x02, 0x09, 0x02, 0x08, 0x01, 0x06, 0x01, 0x05, 0x04, 0x04, 0x03, 0x03, 0x01, 0x02, 0x02, 0x01,
    0x2A, 0x00, 0x01, 0x01, 0x03, 0x02, 0x04, 0x03, 0x01, 0x04, 0x01, 0x05, 0x02, 0x04, 0x03, 0x05,
    0x04, 0x06, 0x05, 0x08, 0x03, 0x09, 0x01, 0x0A, 0x01, 0x0B, 0x01, 0x0C, 0x01, 0x0B, 0x01, 0x09,
    0x02, 0x0B, 0x03, 0x0C, 0x01, 0x0A, 0x03, 0x09, 0x01, 0x08, 0x02, 0x06, 0x01, 0x05, 0x03, 0x04,
    0x03, 0x03, 0x02, 0x02, 0x01, 0x01, 0x2A, 0x00, 0x02, 0x01, 0x03, 0x02, 0x03, 0x03, 0x04, 0x04,
    0x03, 0x05, 0x05, 0x06, 0x05, 0x08, 0x03, 0x09, 0x01, 0x0A, 0x01, 0x0B, 0x01, 0x0C, 0x01, 0x0B,
    0x01, 0x09, 0x01, 0x0B, 0x03, 0x0C, 0x01, 0x0A, 0x03, 0x09, 0x02, 0x08, 0x02, 0x06, 0x01, 0x05,
    0x03, 0x04, 0x02, 0x03, 0x02, 0x02, 0x01, 0x01, 0x2B, 0x00, 0x02, 0x01, 0x03, 0x02, 0x03, 0x03,
    0x03, 0x04, 0x03, 0x05, 0x05, 0x06, 0x05, 0x08, 0x04, 0x09, 0x01, 0x0A, 0x02, 0x0B, 0x02, 0x0A,
    0x03, 0x0C, 0x03, 0x0A, 0x02, 0x09, 0x01, 0x08, 0x02, 0x06, 0x01, 0x05, 0x03, 0x04, 0x02, 0x03,
    0x02, 0x02, 0x01, 0x01, 0x2C, 0x00, 0x02, 0x01, 0x03, 0x02, 0x03, 0x03, 0x05, 0x04, 0x02, 0x05,
    0x03, 0x06, 0x06, 0x08, 0x03, 0x09, 0x01, 0x0A, 0x01, 0x0B, 0x01, 0x0C, 0x01, 0x0B, 0x01, 0x09,
    0x01, 0x0B, 0x02, 0x0C, 0x03, 0x0A, 0x02, 0x09, 0x01, 0x08, 0x01, 0x07, 0x01, 0x06, 0x04, 0x04,
    0x02, 0x03, 0x02, 0x02, 0x01, 0x01, 0x2D, 0x00, 0x02, 0x01, 0x03, 0x02, 0x03, 0x03, 0x04, 0x04,
    0x02, 0x05, 0x04, 0x06, 0x06, 0x08, 0x03, 0x09, 0x01, 0x0A, 0x02, 0x0C, 0x02, 0x0A, 0x02, 0x0C,
    0x02, 0x0A, 0x01, 0x0B, 0x02, 0x09, 0x01, 0x08, 0x01, 0x07, 0x01, 0x06, 0x01, 0x05, 0x03, 0x04,
    0x03, 0x03, 0x01, 0x02, 0x01, 0x01, 0x2E, 0x00, 0x02, 0x01, 0x03, 0x02, 0x03, 0x03, 0x04, 0x04,
    0x02, 0x05, 0x06, 0x06, 0x03, 0x08, 0x04, 0x09, 0x01, 0x0B, 0x01, 0x0C, 0x01, 0x0B, 0x01, 0x09,
    0x01, 0x0B, 0x01, 0x0C, 0x02, 0x0A, 0x01, 0x0B, 0x03, 0x09, 0x01, 0x07, 0x01, 0x06, 0x01, 0x05,
    0x04, 0x04, 0x02, 0x03, 0x01, 0x02, 0x02, 0x01, 0x2F, 0x00, 0x01, 0x01, 0x03, 0x02, 0x03, 0x03,
    0x03, 0x04, 0x02, 0x05, 0x06, 0x06, 0x04, 0x08, 0x03, 0x09, 0x01, 0x0A, 0x02, 0x0C, 0x02, 0x0A,
    0x01, 0x0B, 0x01, 0x09, 0x01, 0x0A, 0x01, 0x0B, 0x03, 0x09, 0x01, 0x07, 0x01, 0x06, 0x02, 0x05,
    0x01, 0x04, 0x01, 0x03, 0x01, 0x04, 0x02, 0x03, 0x02, 0x02, 0x01, 0x01, 0x30, 0x00, 0x01, 0x01,
    0x03, 0x02, 0x03, 0x03, 0x02, 0x04, 0x01, 0x05, 0x01, 0x04, 0x01, 0x05, 0x02, 0x06, 0x01, 0x05,
    0x02, 0x06, 0x05, 0x08, 0x02, 0x09, 0x01, 0x0A, 0x01, 0x0B, 0x01, 0x0C, 0x01, 0x0A, 0x01, 0x09,
    0x01, 0x0B, 0x01, 0x09, 0x01, 0x0A, 0x01, 0x0B, 0x01, 0x0A, 0x01, 0x09, 0x03, 0x07, 0x02, 0x05,
    0x03, 0x04, 0x02, 0x03, 0x02, 0x02, 0x01, 0x01, 0x31, 0x00, 0x02, 0x01, 0x02, 0x02, 0x03, 0x03,
    0x03, 0x04, 0x01, 0x05, 0x05, 0x06, 0x05, 0x08, 0x03, 0x09, 0x02, 0x0B, 0x02, 0x0A, 0x01, 0x0B,
    0x01, 0x0A, 0x01, 0x0B, 0x01, 0x0C, 0x01, 0x0A, 0x02, 0x09, 0x02, 0x07, 0x01, 0x06, 0x01, 0x05,
    0x03, 0x04, 0x02, 0x03, 0x02, 0x02, 0x01, 0x01, 0x31, 0x00, 0x03, 0x01, 0x02, 0x02, 0x02, 0x03,
    0x02, 0x04, 0x02, 0x05, 0x01, 0x06, 0x02, 0x05, 0x02, 0x06, 0x06, 0x08, 0x02, 0x09, 0x02, 0x0A,
    0x01, 0x0C, 0x02, 0x0A, 0x01, 0x09, 0x01, 0x0B, 0x01, 0x0C, 0x01, 0x0B, 0x02, 0x09, 0x02, 0x07,
    0x01, 0x06, 0x01, 0x05, 0x03, 0x04, 0x02, 0x03, 0x02, 0x02, 0x01, 0x01, 0x33, 0x00, 0x01, 0x01,
    0x03, 0x02, 0x02, 0x03, 0x01, 0x04, 0x06, 0x05, 0x03, 0x06, 0x04, 0x08, 0x03, 0x09, 0x01, 0x0A,
    0x01, 0x0C, 0x01, 0x0B, 0x02, 0x09, 0x01, 0x0B, 0x01, 0x0C, 0x01, 0x0B, 0x02, 0x09, 0x01, 0x08,
    0x01, 0x07, 0x01, 0x06, 0x04, 0x04, 0x02, 0x03, 0x02, 0x02, 0x01, 0x01, 0x34, 0x00, 0x01, 0x01,
    0x02, 0x02, 0x03, 0x03, 0x02, 0x04, 0x03, 0x05, 0x05, 0x06, 0x03, 0x08, 0x03, 0x09, 0x01, 0x0A,
    0x01, 0x0C, 0x01, 0x0B, 0x01, 0x09, 0x01, 0x0A, 0x02, 0x0C, 0x01, 0x0B, 0x01, 0x0A, 0x01, 0x09,
    0x02, 0x08, 0x02, 0x06, 0x01, 0x05, 0x01, 0x04, 0x03, 0x03, 0x02, 0x02, 0x01, 0x01, 0x34, 0x00,
    0x02, 0x01, 0x02, 0x02, 0x02, 0x03, 0x02, 0x04, 0x03, 0x05, 0x05, 0x06, 0x04, 0x08, 0x03, 0x09,
    0x02, 0x0C, 0x02, 0x0A, 0x03, 0x0C, 0x01, 0x0A, 0x02, 0x09, 0x01, 0x07, 0x02, 0x06, 0x01, 0x05,
    0x02, 0x04, 0x02, 0x03, 0x02, 0x02, 0x01, 0x01, 0x35, 0x00, 0x01, 0x01, 0x02, 0x02, 0x02, 0x03,
    0x02, 0x04, 0x03, 0x05, 0x06, 0x06, 0x03, 0x08, 0x03, 0x09, 0x01, 0x0B, 0x01, 0x0C, 0x02, 0x0A,
    0x03, 0x0C, 0x01, 0x0A, 0x02, 0x09, 0x01, 0x07, 0x02, 0x06, 0x03, 0x04, 0x03, 0x03, 0x01, 0x02,
    0x01, 0x01, 0x35, 0x00, 0x02, 0x01, 0x02, 0x02, 0x02, 0x03, 0x01, 0x04, 0x01, 0x05, 0x01, 0x04,
    0x02, 0x06, 0x01, 0x05, 0x04, 0x06, 0x03, 0x08, 0x03, 0x09, 0x01, 0x0A, 0x01, 0x0C, 0x02, 0x0A,
    0x02, 0x0C, 0x01, 0x0B, 0x01, 0x0A, 0x02, 0x09, 0x02, 0x07, 0x04, 0x04, 0x03, 0x03, 0x01, 0x02,
    0x01, 0x01, 0x36, 0x00, 0x01, 0x01, 0x02, 0x02, 0x02, 0x03, 0x02, 0x04, 0x01, 0x05, 0x07, 0x06,
    0x03, 0x08, 0x03, 0x09, 0x01, 0x0A, 0x01, 0x0B, 0x01, 0x0A, 0x01, 0x09, 0x02, 0x0B, 0x02, 0x0A,
    0x02, 0x09, 0x01, 0x07, 0x01, 0x06, 0x01, 0x05, 0x03, 0x04, 0x03, 0x03, 0x01, 0x02, 0x01, 0x01,
    0x36, 0x00, 0x01, 0x01, 0x02, 0x02, 0x02, 0x03, 0x01, 0x04, 0x04, 0x05, 0x05, 0x06, 0x03, 0x08,
    0x07, 0x09, 0x02, 0x0B, 0x02, 0x0A, 0x02, 0x09, 0x02, 0x07, 0x01, 0x06, 0x01, 0x05, 0x02, 0x04,
    0x03, 0x03, 0x01, 0x02, 0x01, 0x01, 0x0E, 0x00, 0x0D, 0x01, 0x1B, 0x00, 0x01, 0x01, 0x02, 0x02,
    0x02, 0x03, 0x01, 0x04, 0x05, 0x05, 0x04, 0x06, 0x03, 0x08, 0x04, 0x09, 0x01, 0x0A, 0x02, 0x09,
    0x01, 0x0B, 0x01, 0x0C, 0x01, 0x0B, 0x01, 0x0A, 0x02, 0x09, 0x02, 0x07, 0x01, 0x05, 0x03, 0x04,
    0x03, 0x03, 0x01, 0x02, 0x01, 0x01, 0x0C, 0x00, 0x12, 0x01, 0x18, 0x00, 0x01, 0x01, 0x02, 0x02,
    0x02, 0x03, 0x01, 0x04, 0x05, 0x05, 0x04, 0x06, 0x03, 0x08, 0x03, 0x09, 0x01, 0x0A, 0x01, 0x09,
    0x01, 0x0A, 0x01, 0x09, 0x01, 0x0B, 0x02, 0x0C, 0x01, 0x0A, 0x02, 0x09, 0x02, 0x07, 0x01, 0x05,
    0x03, 0x04, 0x03, 0x03, 0x01, 0x02, 0x01, 0x01, 0x0A, 0x00, 0x04, 0x01, 0x0E, 0x02, 0x04, 0x01,
    0x16, 0x00, 0x01, 0x01, 0x02, 0x02, 0x02, 0x03, 0x01, 0x04, 0x05, 0x05, 0x04, 0x06, 0x03, 0x08,
    0x03, 0x09, 0x01, 0x0A, 0x01, 0x09, 0x01, 0x0A, 0x01, 0x09, 0x01, 0x0B, 0x02, 0x0C, 0x01, 0x0A,
    0x02, 0x09, 0x01, 0x07, 0x02, 0x06, 0x03, 0x04, 0x03, 0x03, 0x01, 0x02, 0x01, 0x01, 0x09, 0x00,
    0x03, 0x01, 0x05, 0x02, 0x04, 0x03, 0x01, 0x02, 0x03, 0x03, 0x05, 0x02, 0x04, 0x01, 0x14, 0x00,
    0x01, 0x01, 0x02, 0x02, 0x02, 0x03, 0x06, 0x05, 0x03, 0x06, 0x04, 0x08, 0x03, 0x09, 0x01, 0x0A,
    0x01, 0x09, 0x01, 0x0B, 0x01, 0x09, 0x01, 0x0B, 0x02, 0x0C, 0x01, 0x0A, 0x02, 0x09, 0x01, 0x07,
    0x02, 0x06, 0x03, 0x04, 0x03, 0x03, 0x01, 0x02, 0x01, 0x01, 0x08, 0x00, 0x03, 0x01, 0x04, 0x02,
    0x0B, 0x03, 0x07, 0x02, 0x03, 0x01, 0x11, 0x00, 0x01, 0x01, 0x02, 0x02, 0x02, 0x03, 0x01, 0x04,
    0x06, 0x05, 0x04, 0x06, 0x03, 0x08, 0x02, 0x09, 0x03, 0x0A, 0x01, 0x0B, 0x01, 0x09, 0x01, 0x0B,
    0x02, 0x0C, 0x01, 0x0A, 0x02, 0x09, 0x01, 0x07, 0x02, 0x06, 0x03, 0x04, 0x03, 0x03, 0x01, 0x02,
    0x01, 0x01, 0x07, 0x00, 0x02, 0x01, 0x03, 0x02, 0x07, 0x03, 0x01, 0x02, 0x04, 0x03, 0x01, 0x02,
    0x05, 0x03, 0x05, 0x02, 0x02, 0x01, 0x10, 0x00, 0x01, 0x01, 0x02, 0x02, 0x02, 0x03, 0x01, 0x04,
    0x05, 0x05, 0x05, 0x06, 0x03, 0x08, 0x04, 0x09, 0x01, 0x0A, 0x01, 0x0B, 0x01, 0x09, 0x01, 0x0B,
    0x02, 0x0C, 0x01, 0x0A, 0x02, 0x09, 0x01, 0x07, 0x01, 0x06, 0x01, 0x05, 0x03, 0x04, 0x03, 0x03,
    0x01, 0x02, 0x01, 0x01, 0x07, 0x00, 0x02, 0x01, 0x02, 0x02, 0x06, 0x03, 0x01, 0x02, 0x0E, 0x03,
    0x05, 0x02, 0x02, 0x01, 0x0D, 0x00, 0x02, 0x01, 0x02, 0x02, 0x02, 0x03, 0x02, 0x04, 0x04, 0x05,
    0x05, 0x06, 0x03, 0x08, 0x02, 0x09, 0x01, 0x0A, 0x01, 0x09, 0x02, 0x0B, 0x01, 0x0A, 0x02, 0x0C,
    0x01, 0x0B, 0x02, 0x09, 0x02, 0x07, 0x01, 0x06, 0x01, 0x05, 0x03, 0x04, 0x02, 0x03, 0x02, 0x02,
    0x01, 0x01, 0x06, 0x00, 0x02, 0x01, 0x02, 0x02, 0x18, 0x03, 0x04, 0x02, 0x03, 0x01, 0x0A, 0x00,
    0x02, 0x01, 0x02, 0x02, 0x02, 0x03, 0x03, 0x04, 0x04, 0x05, 0x05, 0x06, 0x03, 0x08, 0x02, 0x09,
    0x01, 0x0A, 0x01, 0x09, 0x01, 0x0B, 0x02, 0x0A, 0x02, 0x0C, 0x02, 0x0A, 0x01, 0x09, 0x02, 0x07,
    0x01, 0x06, 0x05, 0x04, 0x01, 0x03, 0x02, 0x02, 0x01, 0x01, 0x06, 0x00, 0x02, 0x01, 0x02, 0x02,
    0x1A, 0x03, 0x04, 0x02, 0x03, 0x01, 0x06, 0x00, 0x03, 0x01, 0x02, 0x02, 0x03, 0x03, 0x02, 0x04,
    0x05, 0x05, 0x05, 0x06, 0x02, 0x08, 0x03, 0x09, 0x01, 0x0A, 0x01, 0x09, 0x01, 0x0B, 0x02, 0x0A,
    0x02, 0x0B, 0x02, 0x0A, 0x01, 0x09, 0x02, 0x07, 0x01, 0x06, 0x05, 0x04, 0x01, 0x03, 0x02, 0x02,
    0x01, 0x01, 0x05, 0x00, 0x02, 0x01, 0x02, 0x02, 0x03, 0x03, 0x01, 0x02, 0x07, 0x03, 0x01, 0x04,
    0x11, 0x03, 0x05, 0x02, 0x07, 0x01, 0x03, 0x02, 0x03, 0x03, 0x01, 0x04, 0x01, 0x05, 0x01, 0x04,
    0x05, 0x05, 0x04, 0x06, 0x03, 0x08, 0x02, 0x09, 0x01, 0x0A, 0x01, 0x09, 0x01, 0x0A, 0x01, 0x0B,
    0x01, 0x0A, 0x01, 0x0B, 0x02, 0x0C, 0x01, 0x0A, 0x02, 0x09, 0x02, 0x07, 0x01, 0x06, 0x04, 0x04,
    0x02, 0x03, 0x02, 0x02, 0x01, 0x01, 0x05, 0x00, 0x02, 0x01, 0x02, 0x02, 0x02, 0x03, 0x01, 0x02,
    0x04, 0x03, 0x07, 0x04, 0x11, 0x03, 0x06, 0x02, 0x01, 0x01, 0x05, 0x02, 0x03, 0x03, 0x01, 0x04,
    0x02, 0x05, 0x01, 0x04, 0x01, 0x05, 0x01, 0x06, 0x03, 0x05, 0x03, 0x06, 0x04, 0x08, 0x02, 0x09,
    0x01, 0x0A, 0x01, 0x09, 0x01, 0x0A, 0x01, 0x0B, 0x01, 0x09, 0x01, 0x0B, 0x02, 0x0C, 0x01, 0x0B,
    0x02, 0x09, 0x02, 0x07, 0x01, 0x06, 0x04, 0x04, 0x02, 0x03, 0x02, 0x02, 0x01, 0x01, 0x05, 0x00,
    0x02, 0x01, 0x01, 0x02, 0x07, 0x03, 0x01, 0x04, 0x07, 0x07, 0x03, 0x04, 0x11, 0x03, 0x07, 0x02,
    0x04, 0x03, 0x01, 0x04, 0x02, 0x05, 0x01, 0x04, 0x04, 0x05, 0x05, 0x06, 0x03, 0x08, 0x03, 0x09,
    0x01, 0x0A, 0x01, 0x09, 0x01, 0x0A, 0x01, 0x0B, 0x01, 0x0A, 0x03, 0x0C, 0x01, 0x0A, 0x02, 0x09,
    0x01, 0x08, 0x01, 0x07, 0x01, 0x06, 0x01, 0x05, 0x03, 0x04, 0x02, 0x03, 0x02, 0x02, 0x01, 0x01,
    0x04, 0x00, 0x02, 0x01, 0x02, 0x02, 0x05, 0x03, 0x01, 0x04, 0x04, 0x07, 0x02, 0x09, 0x04, 0x07,
    0x05, 0x04, 0x17, 0x03, 0x02, 0x04, 0x01, 0x05, 0x01, 0x06, 0x06, 0x05, 0x04, 0x06, 0x04, 0x08,
    0x05, 0x09, 0x01, 0x0B, 0x02, 0x0A, 0x03, 0x0C, 0x01, 0x0A, 0x01, 0x09, 0x01, 0x08, 0x01, 0x07,
    0x02, 0x06, 0x03, 0x04, 0x03, 0x03, 0x02, 0x02, 0x01, 0x01, 0x04, 0x00, 0x02, 0x01, 0x02, 0x02,
    0x04, 0x03, 0x02, 0x04, 0x02, 0x07, 0x01, 0x09, 0x01, 0x0A, 0x02, 0x09, 0x01, 0x0A, 0x01, 0x09,
    0x04, 0x07, 0x05, 0x04, 0x05, 0x03, 0x02, 0x04, 0x0C, 0x03, 0x02, 0x04, 0x01, 0x05, 0x01, 0x04,
    0x01, 0x05, 0x01, 0x06, 0x02, 0x05, 0x01, 0x06, 0x01, 0x05, 0x06, 0x06, 0x03, 0x08, 0x05, 0x09,
    0x01, 0x0A, 0x01, 0x0B, 0x01, 0x0A, 0x01, 0x0B, 0x02, 0x0C, 0x01, 0x0B, 0x01, 0x0A, 0x01, 0x09,
    0x01, 0x08, 0x01, 0x07, 0x01, 0x06, 0x01, 0x05, 0x03, 0x04, 0x03, 0x03, 0x01, 0x02, 0x02, 0x01,
    0x04, 0x00, 0x02, 0x01, 0x02, 0x02, 0x04, 0x03, 0x01, 0x04, 0x02, 0x07, 0x01, 0x09, 0x01, 0x0B,
    0x05, 0x0A, 0x02, 0x09, 0x02, 0x07, 0x19, 0x04, 0x01, 0x05, 0x01, 0x06, 0x01, 0x04, 0x01, 0x06,
    0x01, 0x05, 0x01, 0x04, 0x02, 0x05, 0x07, 0x06, 0x03, 0x08, 0x02, 0x09, 0x06, 0x0A, 0x03, 0x0C,
    0x01, 0x0B, 0x02, 0x09, 0x02, 0x07, 0x01, 0x06, 0x04, 0x04, 0x03, 0x03, 0x01, 0x02, 0x01, 0x01,
    0x05, 0x00, 0x02, 0x01, 0x01, 0x02, 0x05, 0x03, 0x01, 0x04, 0x01, 0x07, 0x01, 0x09, 0x01, 0x0A,
    0x01, 0x0C, 0x02, 0x0A, 0x01, 0x0B, 0x03, 0x0A, 0x02, 0x09, 0x03, 0x07, 0x01, 0x05, 0x0F, 0x04,
    0x01, 0x05, 0x05, 0x04, 0x02, 0x06, 0x07, 0x05, 0x06, 0x06, 0x03, 0x08, 0x03, 0x09, 0x05, 0x0A,
    0x01, 0x0B, 0x03, 0x0C, 0x01, 0x0A, 0x02, 0x09, 0x02, 0x07, 0x01, 0x06, 0x04, 0x04, 0x03, 0x03,
    0x01, 0x02, 0x01, 0x01, 0x05, 0x00, 0x02, 0x01, 0x01, 0x02, 0x04, 0x03, 0x01, 0x04, 0x02, 0x07,
    0x01, 0x0A, 0x01, 0x0C, 0x01, 0x0B, 0x02, 0x09, 0x01, 0x0A, 0x01, 0x09, 0x01, 0x0B, 0x02, 0x0A,
    0x01, 0x09, 0x03, 0x07, 0x02, 0x06, 0x01, 0x05, 0x04, 0x04, 0x01, 0x05, 0x08, 0x04, 0x01, 0x06,
    0x04, 0x04, 0x01, 0x05, 0x02, 0x06, 0x01, 0x05, 0x01, 0x06, 0x04, 0x05, 0x06, 0x06, 0x04, 0x08,
    0x02, 0x09, 0x05, 0x0A, 0x01, 0x09, 0x04, 0x0C, 0x01, 0x0A, 0x02, 0x09, 0x01, 0x07, 0x01, 0x06,
    0x01, 0x05, 0x03, 0x04, 0x01, 0x03, 0x01, 0x04, 0x01, 0x03, 0x02, 0x02, 0x01, 0x01, 0x05, 0x00,
    0x01, 0x01, 0x02, 0x02, 0x04, 0x03, 0x01, 0x04, 0x02, 0x07, 0x01, 0x09, 0x01, 0x0B, 0x01, 0x0A,
    0x01, 0x09, 0x04, 0x0A, 0x01, 0x0B, 0x02, 0x0A, 0x01, 0x09, 0x03, 0x07, 0x02, 0x06, 0x03, 0x05,
    0x01, 0x04, 0x02, 0x05, 0x06, 0x04, 0x01, 0x05, 0x01, 0x06, 0x01, 0x04, 0x03, 0x05, 0x05, 0x06,
    0x02, 0x05, 0x08, 0x06, 0x03, 0x08, 0x04, 0x09, 0x05, 0x0A, 0x03, 0x0B, 0x01, 0x0A, 0x02, 0x09,
    0x01, 0x08, 0x01, 0x07, 0x01, 0x06, 0x04, 0x04, 0x03, 0x03, 0x02, 0x02, 0x01, 0x01, 0x05, 0x00,
    0x01, 0x01, 0x02, 0x02, 0x04, 0x03, 0x01, 0x04, 0x02, 0x07, 0x01, 0x09, 0x01, 0x0B, 0x02, 0x0A,
    0x01, 0x0B, 0x03, 0x0A, 0x01, 0x0B, 0x02, 0x0A, 0x02, 0x09, 0x03, 0x07, 0x02, 0x06, 0x05, 0x05,
    0x01, 0x04, 0x02, 0x05, 0x01, 0x04, 0x03, 0x05, 0x01, 0x06, 0x05, 0x05, 0x04, 0x06, 0x02, 0x05,
    0x04, 0x06, 0x02, 0x08, 0x01, 0x06, 0x04, 0x08, 0x02, 0x09, 0x02, 0x0A, 0x01, 0x0B, 0x03, 0x0A,
    0x01, 0x0B, 0x03, 0x0C, 0x01, 0x0A, 0x02, 0x09, 0x02, 0x07, 0x01, 0x06, 0x03, 0x04, 0x04, 0x03,
    0x02, 0x02, 0x01, 0x01, 0x05, 0x00, 0x01, 0x01, 0x02, 0x02, 0x04, 0x03, 0x01, 0x04, 0x02, 0x07,
    0x01, 0x09, 0x01, 0x0B, 0x01, 0x0A, 0x01, 0x0B, 0x01, 0x0C, 0x01, 0x0B, 0x03, 0x0A, 0x01, 0x0B,
    0x02, 0x0A, 0x02, 0x09, 0x02, 0x08, 0x01, 0x07, 0x02, 0x06, 0x02, 0x05, 0x01, 0x06, 0x07, 0x05,
    0x02, 0x06, 0x04, 0x05, 0x05, 0x06, 0x01, 0x05, 0x05, 0x06, 0x06, 0x08, 0x02, 0x09, 0x01, 0x0A,
    0x01, 0x09, 0x02, 0x0B, 0x01, 0x09, 0x02, 0x0A, 0x01, 0x0B, 0x03, 0x0C, 0x01, 0x0A, 0x02, 0x09,
    0x01, 0x08, 0x01, 0x07, 0x04, 0x04, 0x04, 0x03, 0x01, 0x02, 0x02, 0x01, 0x05, 0x00, 0x01, 0x01,
    0x02, 0x02, 0x04, 0x03, 0x01, 0x04, 0x02, 0x07, 0x01, 0x09, 0x01, 0x0A, 0x01, 0x09, 0x01, 0x0B,
    0x02, 0x0C, 0x03, 0x0A, 0x02, 0x0B, 0x02, 0x0A, 0x02, 0x09, 0x01, 0x08, 0x02, 0x07, 0x05, 0x06,
    0x06, 0x05, 0x02, 0x06, 0x04, 0x05, 0x09, 0x06, 0x07, 0x08, 0x03, 0x09, 0x02, 0x0A, 0x01, 0x0B,
    0x01, 0x0A, 0x01, 0x09, 0x01, 0x0A, 0x01, 0x0B, 0x03, 0x0C, 0x01, 0x0B, 0x02, 0x09, 0x01, 0x08,
    0x01, 0x07, 0x01, 0x06, 0x05, 0x04, 0x03, 0x03, 0x01, 0x02, 0x01, 0x01, 0x06, 0x00, 0x01, 0x01,
    0x02, 0x02, 0x04, 0x03, 0x01, 0x04, 0x02, 0x07, 0x01, 0x09, 0x02, 0x0A, 0x03, 0x0C, 0x01, 0x0B,
    0x02, 0x0A, 0x01, 0x09, 0x01, 0x0B, 0x02, 0x0A, 0x03, 0x09, 0x01, 0x08, 0x02, 0x07, 0x07, 0x06,
    0x02, 0x05, 0x05, 0x06, 0x01, 0x05, 0x0A, 0x06, 0x06, 0x08, 0x03, 0x09, 0x01, 0x0A, 0x01, 0x09,
    0x01, 0x0B, 0x01, 0x0A, 0x01, 0x09, 0x01, 0x0A, 0x02, 0x0B, 0x02, 0x0C, 0x01, 0x0B, 0x01, 0x0A,
    0x02, 0x09, 0x02, 0x07, 0x01, 0x06, 0x01, 0x05, 0x03, 0x04, 0x03, 0x03, 0x02, 0x02, 0x01, 0x01,
    0x06, 0x00, 0x01, 0x01, 0x02, 0x02, 0x04, 0x03, 0x02, 0x04, 0x02, 0x07, 0x01, 0x09, 0x01, 0x0A,
    0x04, 0x0C, 0x01, 0x0B, 0x01, 0x09, 0x02, 0x0A, 0x01, 0x0B, 0x01, 0x0A, 0x04, 0x09, 0x01, 0x08,
    0x02, 0x07, 0x0F, 0x06, 0x02, 0x08, 0x05, 0x06, 0x07, 0x08, 0x03, 0x09, 0x01, 0x0A, 0x01, 0x09,
    0x02, 0x0A, 0x01, 0x09, 0x01, 0x0A, 0x01, 0x0B, 0x01, 0x0A, 0x01, 0x0B, 0x02, 0x0C, 0x01, 0x0A,
    0x02, 0x09, 0x02, 0x07, 0x02, 0x06, 0x01, 0x05, 0x03, 0x04, 0x03, 0x03, 0x02, 0x02, 0x01, 0x01,
    0x06, 0x00, 0x01, 0x01, 0x02, 0x02, 0x04, 0x03, 0x02, 0x04, 0x02, 0x07, 0x01, 0x09, 0x01, 0x0A,
    0x01, 0x0B, 0x03, 0x0C, 0x01, 0x0B, 0x01, 0x0A, 0x02, 0x09, 0x02, 0x0B, 0x01, 0x09, 0x02, 0x0A,
    0x03, 0x09, 0x05, 0x08, 0x05, 0x06, 0x01, 0x08, 0x05, 0x06, 0x02, 0x08, 0x05, 0x06, 0x05, 0x08,
    0x04, 0x09, 0x01, 0x0A, 0x01, 0x09, 0x01, 0x0A, 0x01, 0x0B, 0x02, 0x09, 0x01, 0x0B, 0x01, 0x0C,
    0x01, 0x0B, 0x01, 0x0A, 0x01, 0x0C, 0x01, 0x0B, 0x01, 0x0A, 0x02, 0x09, 0x02, 0x07, 0x01, 0x06,
    0x01, 0x05, 0x03, 0x04, 0x04, 0x03, 0x01, 0x02, 0x02, 0x01, 0x06, 0x00, 0x02, 0x01, 0x01, 0x02,
    0x05, 0x03, 0x02, 0x04, 0x02, 0x07, 0x01, 0x09, 0x01, 0x0A, 0x02, 0x0C, 0x02, 0x0B, 0x01, 0x0C,
    0x01, 0x0A, 0x02, 0x09, 0x02, 0x0B, 0x01, 0x09, 0x02, 0x0A, 0x03, 0x09, 0x05, 0x08, 0x04, 0x06,
    0x02, 0x08, 0x03, 0x06, 0x0C, 0x08, 0x04, 0x09, 0x01, 0x0A, 0x01, 0x09, 0x01, 0x0A, 0x01, 0x0B,
    0x01, 0x0A, 0x01, 0x09, 0x01, 0x0B, 0x03, 0x0C, 0x02, 0x0B, 0x01, 0x0A, 0x02, 0x09, 0x01, 0x08,
    0x01, 0x07, 0x02, 0x06, 0x03, 0x04, 0x05, 0x03, 0x01, 0x02, 0x01, 0x01, 0x07, 0x00, 0x02, 0x01,
    0x01, 0x02, 0x05, 0x03, 0x02, 0x04, 0x02, 0x07, 0x02, 0x09, 0x01, 0x0B, 0x01, 0x0C, 0x01, 0x0A,
    0x03, 0x0C, 0x01, 0x0A, 0x02, 0x09, 0x01, 0x0B, 0x01, 0x0A, 0x01, 0x09, 0x01, 0x0B, 0x01, 0x0A,
    0x04, 0x09, 0x16, 0x08, 0x05, 0x09, 0x05, 0x0A, 0x01, 0x09, 0x01, 0x0A, 0x04, 0x0C, 0x01, 0x0B,
    0x02, 0x0A, 0x02, 0x09, 0x02, 0x07, 0x01, 0x06, 0x01, 0x05, 0x03, 0x04, 0x04, 0x03, 0x02, 0x02,
    0x01, 0x01, 0x08, 0x00, 0x01, 0x01, 0x01, 0x02, 0x05, 0x03, 0x02, 0x04, 0x03, 0x07, 0x01, 0x09,
    0x02, 0x0A, 0x01, 0x0B, 0x04, 0x0C, 0x01, 0x0A, 0x02, 0x09, 0x01, 0x0B, 0x01, 0x0A, 0x01, 0x09,
    0x01, 0x0B, 0x01, 0x0A, 0x06, 0x09, 0x10, 0x08, 0x07, 0x09, 0x03, 0x0A, 0x01, 0x0B, 0x01, 0x0A,
    0x01, 0x09, 0x01, 0x0A, 0x05, 0x0C, 0x01, 0x0B, 0x03, 0x09, 0x01, 0x08, 0x01, 0x07, 0x02, 0x06,
    0x03, 0x04, 0x05, 0x03, 0x01, 0x02, 0x02, 0x01, 0x08, 0x00, 0x01, 0x01, 0x02, 0x02, 0x04, 0x03,
    0x02, 0x04, 0x01, 0x05, 0x03, 0x07, 0x02, 0x09, 0x01, 0x0B, 0x05, 0x0C, 0x01, 0x0A, 0x02, 0x09,
    0x02, 0x0A, 0x01, 0x09, 0x01, 0x0A, 0x01, 0x0B, 0x01, 0x0A, 0x06, 0x09, 0x0B, 0x08, 0x08, 0x09,
    0x01, 0x0A, 0x01, 0x0B, 0x02, 0x0A, 0x01, 0x0C, 0x01, 0x0A, 0x01, 0x09, 0x01, 0x0B, 0x06, 0x0C,
    0x01, 0x0A, 0x02, 0x09, 0x01, 0x07, 0x01, 0x08, 0x02, 0x06, 0x01, 0x05, 0x03, 0x04, 0x04, 0x03,
    0x02, 0x02, 0x01, 0x01, 0x09, 0x00, 0x01, 0x01, 0x02, 0x02, 0x05, 0x03, 0x03, 0x04, 0x02, 0x07,
    0x02, 0x09, 0x01, 0x0A, 0x06, 0x0C, 0x01, 0x0B, 0x02, 0x09, 0x01, 0x0A, 0x01, 0x0B, 0x02, 0x0A,
    0x01, 0x0C, 0x01, 0x0A, 0x01, 0x09, 0x01, 0x0A, 0x13, 0x09, 0x01, 0x0A, 0x01, 0x09, 0x01, 0x0A,
    0x01, 0x0B, 0x02, 0x0A, 0x01, 0x0B, 0x03, 0x0A, 0x01, 0x0B, 0x05, 0x0C, 0x01, 0x0A, 0x03, 0x09,
    0x02, 0x07, 0x01, 0x06, 0x01, 0x05, 0x03, 0x04, 0x05, 0x03, 0x02, 0x02, 0x01, 0x01, 0x09, 0x00,
    0x01, 0x01, 0x02, 0x02, 0x05, 0x03, 0x03, 0x04, 0x03, 0x07, 0x02, 0x09, 0x01, 0x0A, 0x06, 0x0C,
    0x02, 0x0A, 0x01, 0x09, 0x04, 0x0A, 0x01, 0x0B, 0x01, 0x0A, 0x01, 0x0B, 0x02, 0x0A, 0x0D, 0x09,
    0x03, 0x0A, 0x01, 0x0B, 0x01, 0x0C, 0x01, 0x0A, 0x01, 0x09, 0x03, 0x0A, 0x01, 0x09, 0x01, 0x0A,
    0x02, 0x0C, 0x01, 0x0A, 0x04, 0x0C, 0x01, 0x0A, 0x03, 0x09, 0x02, 0x07, 0x01, 0x06, 0x05, 0x04,
    0x04, 0x03, 0x02, 0x02, 0x02, 0x01, 0x09, 0x00, 0x02, 0x01, 0x01, 0x02, 0x07, 0x03, 0x02, 0x04,
    0x03, 0x07, 0x02, 0x09, 0x01, 0x0A, 0x01, 0x0B, 0x03, 0x0C, 0x02, 0x0B, 0x01, 0x0C, 0x01, 0x0B,
    0x02, 0x09, 0x04, 0x0A, 0x01, 0x0B, 0x01, 0x0C, 0x03, 0x0B, 0x01, 0x0A, 0x01, 0x09, 0x01, 0x0A,
    0x04, 0x09, 0x04, 0x0A, 0x01, 0x0B, 0x03, 0x0C, 0x01, 0x0B, 0x02, 0x09, 0x02, 0x0A, 0x01, 0x09,
    0x01, 0x0B, 0x03, 0x0C, 0x02, 0x0B, 0x02, 0x0C, 0x01, 0x0A, 0x02, 0x09, 0x01, 0x08, 0x02, 0x07,
    0x01, 0x06, 0x01, 0x05, 0x04, 0x04, 0x05, 0x03, 0x02, 0x02, 0x01, 0x01, 0x0B, 0x00, 0x01, 0x01,
    0x02, 0x02, 0x06, 0x03, 0x03, 0x04, 0x03, 0x07, 0x02, 0x09, 0x02, 0x0A, 0x02, 0x0B, 0x01, 0x0A,
    0x04, 0x0C, 0x01, 0x0A, 0x04, 0x09, 0x02, 0x0A, 0x03, 0x0B, 0x01, 0x0A, 0x07, 0x0B, 0x02, 0x0C,
    0x03, 0x0B, 0x02, 0x0A, 0x04, 0x09, 0x01, 0x0A, 0x01, 0x0B, 0x04, 0x0C, 0x01, 0x0B, 0x01, 0x0A,
    0x01, 0x0B, 0x01, 0x0A, 0x02, 0x09, 0x01, 0x08, 0x02, 0x07, 0x01, 0x06, 0x01, 0x05, 0x04, 0x04,
    0x05, 0x03, 0x02, 0x02, 0x02, 0x01, 0x0B, 0x00, 0x01, 0x01, 0x02, 0x02, 0x06, 0x03, 0x04, 0x04,
    0x03, 0x07, 0x02, 0x09, 0x02, 0x0A, 0x01, 0x0C, 0x02, 0x0B, 0x05, 0x0C, 0x02, 0x0A, 0x03, 0x09,
    0x02, 0x0A, 0x03, 0x0B, 0x07, 0x0C, 0x01, 0x0B, 0x03, 0x0A, 0x04, 0x09, 0x01, 0x0A, 0x01, 0x0B,
    0x06, 0x0C, 0x02, 0x0B, 0x01, 0x0A, 0x03, 0x09, 0x02, 0x07, 0x02, 0x06, 0x04, 0x04, 0x05, 0x03,
    0x03, 0x02, 0x01, 0x01, 0x0C, 0x00, 0x02, 0x01, 0x01, 0x02, 0x07, 0x03, 0x03, 0x04, 0x01, 0x06,
    0x03, 0x07, 0x03, 0x09, 0x01, 0x0A, 0x01, 0x0B, 0x01, 0x0A, 0x04, 0x0B, 0x02, 0x0C, 0x01, 0x0B,
    0x02, 0x0A, 0x04, 0x09, 0x04, 0x0A, 0x02, 0x0B, 0x04, 0x0A, 0x04, 0x09, 0x04, 0x0A, 0x01, 0x0C,
    0x06, 0x0B, 0x02, 0x0A, 0x03, 0x09, 0x02, 0x07, 0x02, 0x06, 0x05, 0x04, 0x05, 0x03, 0x02, 0x02,
    0x02, 0x01, 0x0D, 0x00, 0x01, 0x01, 0x02, 0x02, 0x07, 0x03, 0x03, 0x04, 0x01, 0x06, 0x04, 0x07,
    0x2D, 0x09, 0x03, 0x07, 0x01, 0x06, 0x02, 0x05, 0x04, 0x04, 0x05, 0x03, 0x02, 0x02, 0x02, 0x01,
    0x0E, 0x00, 0x01, 0x01, 0x02, 0x02, 0x07, 0x03, 0x05, 0x04, 0x01, 0x06, 0x03, 0x07, 0x04, 0x09,
    0x03, 0x0A, 0x01, 0x0B, 0x02, 0x0A, 0x08, 0x0B, 0x07, 0x0A, 0x07, 0x0B, 0x06, 0x0A, 0x04, 0x09,
    0x04, 0x07, 0x01, 0x06, 0x06, 0x04, 0x05, 0x03, 0x03, 0x02, 0x02, 0x01, 0x0F, 0x00, 0x01, 0x01,
    0x02, 0x02, 0x07, 0x03, 0x05, 0x04, 0x05, 0x07, 0x04, 0x09, 0x03, 0x0A, 0x01, 0x0B, 0x08, 0x0C,
    0x06, 0x0B, 0x01, 0x0A, 0x01, 0x0B, 0x06, 0x0C, 0x02, 0x0B, 0x02, 0x0A, 0x05, 0x09, 0x03, 0x07,
    0x02, 0x06, 0x01, 0x05, 0x05, 0x04, 0x05, 0x03, 0x03, 0x02, 0x01, 0x01, 0x11, 0x00, 0x02, 0x01,
    0x01, 0x02, 0x08, 0x03, 0x05, 0x04, 0x01, 0x06, 0x05, 0x07, 0x04, 0x09, 0x01, 0x0A, 0x01, 0x09,
    0x01, 0x0A, 0x03, 0x0B, 0x04, 0x0C, 0x01, 0x0A, 0x05, 0x0C, 0x01, 0x0B, 0x01, 0x0A, 0x02, 0x0C,
    0x02, 0x0B, 0x03, 0x0A, 0x06, 0x09, 0x01, 0x08, 0x03, 0x07, 0x02, 0x06, 0x01, 0x05, 0x05, 0x04,
    0x05, 0x03, 0x03, 0x02, 0x02, 0x01, 0x11, 0x00, 0x02, 0x01, 0x02, 0x02, 0x08, 0x03, 0x06, 0x04,
    0x01, 0x06, 0x05, 0x07, 0x07, 0x09, 0x0F, 0x0A, 0x08, 0x09, 0x04, 0x07, 0x03, 0x06, 0x02, 0x05,
    0x05, 0x04, 0x06, 0x03, 0x02, 0x02, 0x02, 0x01, 0x13, 0x00, 0x02, 0x01, 0x02, 0x02, 0x08, 0x03,
    0x06, 0x04, 0x03, 0x06, 0x05, 0x07, 0x17, 0x09, 0x02, 0x08, 0x05, 0x07, 0x03, 0x06, 0x01, 0x05,
    0x06, 0x04, 0x06, 0x03, 0x02, 0x02, 0x02, 0x01, 0x15, 0x00, 0x02, 0x01, 0x02, 0x02, 0x07, 0x03,
    0x06, 0x04, 0x02, 0x05, 0x03, 0x06, 0x04, 0x07, 0x04, 0x08, 0x01, 0x07, 0x01, 0x09, 0x01, 0x07,
    0x0A, 0x09, 0x05, 0x08, 0x03, 0x07, 0x04, 0x06, 0x04, 0x05, 0x06, 0x04, 0x05, 0x03, 0x03, 0x02,
    0x01, 0x01, 0x17, 0x00, 0x02, 0x01, 0x02, 0x02, 0x07, 0x03, 0x06, 0x04, 0x01, 0x05, 0x02, 0x04,
    0x01, 0x05, 0x03, 0x06, 0x02, 0x07, 0x01, 0x08, 0x06, 0x07, 0x0B, 0x08, 0x03, 0x07, 0x05, 0x06,
    0x02, 0x05, 0x09, 0x04, 0x05, 0x03, 0x03, 0x02, 0x01, 0x01, 0x19, 0x00, 0x02, 0x01, 0x02, 0x02,
    0x09, 0x03, 0x07, 0x04, 0x02, 0x05, 0x0B, 0x06, 0x01, 0x07, 0x0F, 0x06, 0x02, 0x05, 0x09, 0x04,
    0x06, 0x03, 0x03, 0x02, 0x01, 0x01, 0x1B, 0x00, 0x02, 0x01, 0x03, 0x02, 0x08, 0x03, 0x08, 0x04,
    0x01, 0x05, 0x02, 0x06, 0x01, 0x05, 0x13, 0x06, 0x05, 0x05, 0x07, 0x04, 0x08, 0x03, 0x02, 0x02,
    0x02, 0x01, 0x1D, 0x00, 0x02, 0x01, 0x03, 0x02, 0x09, 0x03, 0x07, 0x04, 0x02, 0x05, 0x01, 0x04,
    0x05, 0x05, 0x03, 0x06, 0x04, 0x05, 0x04, 0x06, 0x03, 0x05, 0x01, 0x04, 0x02, 0x05, 0x08, 0x04,
    0x07, 0x03, 0x03, 0x02, 0x02, 0x01, 0x1F, 0x00, 0x02, 0x01, 0x03, 0x02, 0x09, 0x03, 0x0E, 0x04,
    0x02, 0x05, 0x06, 0x06, 0x02, 0x05, 0x01, 0x04, 0x06, 0x05, 0x07, 0x04, 0x07, 0x03, 0x03, 0x02,
    0x02, 0x01, 0x22, 0x00, 0x02, 0x01, 0x03, 0x02, 0x07, 0x03, 0x0F, 0x04, 0x09, 0x05, 0x0E, 0x04,
    0x05, 0x03, 0x04, 0x02, 0x02, 0x01, 0x24, 0x00, 0x02, 0x01, 0x04, 0x02, 0x06, 0x03, 0x02, 0x04,
    0x01, 0x03, 0x11, 0x04, 0x02, 0x05, 0x0D, 0x04, 0x06, 0x03, 0x03, 0x02, 0x02, 0x01, 0x28, 0x00,
    0x03, 0x01, 0x04, 0x02, 0x07, 0x03, 0x1C, 0x04, 0x06, 0x03, 0x04, 0x02, 0x03, 0x01, 0x2B, 0x00,
    0x03, 0x01, 0x06, 0x02, 0x08, 0x03, 0x11, 0x04, 0x08, 0x03, 0x06, 0x02, 0x03, 0x01, 0x30, 0x00,
    0x03, 0x01, 0x08, 0x02, 0x16, 0x03, 0x09, 0x02, 0x03, 0x01, 0x35, 0x00, 0x06, 0x01, 0x1D, 0x02,
    0x06, 0x01, 0x3B, 0x00, 0x0B, 0x01, 0x0B, 0x02, 0x0C, 0x01, 0x47, 0x00, 0x0F, 0x01, 0xEB, 0x00,
};

constexpr uint8_t NIXIE_PALETTE_4_SIZE = 14;
static constexpr uint16_t NIXIE_PALETTE_4[] = {
    0x0000, 0x1000, 0x3800, 0x5820, 0x6000, 0x7820, 0x9820, 0xA100,
    0xD280, 0xE581, 0xC920, 0xEF40, 0xEF80, 0xA840,
};
static constexpr uint8_t NIXIE_RLE_4[] = {
    0xFF, 0x00, 0xB9, 0x00, 0x03, 0x01, 0x58, 0x00, 0x10, 0x01, 0x4D, 0x00, 0x16, 0x01, 0x48, 0x00,
    0x0D, 0x01, 0x02, 0x02, 0x0B, 0x01, 0x44, 0x00, 0x08, 0x01, 0x0E, 0x02, 0x07, 0x01, 0x42, 0x00,
    0x06, 0x01, 0x07, 0x02, 0x03, 0x03, 0x0A, 0x02, 0x06, 0x01, 0x3F, 0x00, 0x05, 0x01, 0x06, 0x02,
    0x0B, 0x03, 0x06, 0x02, 0x06, 0x01, 0x3D, 0x00, 0x05, 0x01, 0x05, 0x02, 0x08, 0x03, 0x03, 0x04,
    0x05, 0x03, 0x05, 0x02, 0x04, 0x01, 0x3C, 0x00, 0x05, 0x01, 0x04, 0x02, 0x02, 0x03, 0x08, 0x04,
    0x02, 0x05, 0x01, 0x04, 0x07, 0x03, 0x03, 0x02, 0x05, 0x01, 0x3A, 0x00, 0x04, 0x01, 0x04, 0x02,
    0x03, 0x03, 0x03, 0x04, 0x0B, 0x05, 0x01, 0x04, 0x05, 0x03, 0x04, 0x02, 0x03, 0x01, 0x39, 0x00,
    0x04, 0x01, 0x04, 0x02, 0x02, 0x03, 0x05, 0x04, 0x05, 0x05, 0x02, 0x06, 0x02, 0x07, 0x03, 0x05,
    0x02, 0x04, 0x04, 0x03, 0x03, 0x02, 0x04, 0x01, 0x38, 0x00, 0x03, 0x01, 0x04, 0x02, 0x02, 0x03,
    0x05, 0x04, 0x03, 0x05, 0x01, 0x06, 0x08, 0x07, 0x03, 0x05, 0x01, 0x03, 0x02, 0x04, 0x01, 0x03,
    0x04, 0x02, 0x04, 0x01, 0x36, 0x00, 0x04, 0x01, 0x03, 0x02, 0x01, 0x03, 0x06, 0x04, 0x03, 0x05,
    0x04, 0x07, 0x04, 0x08, 0x04, 0x07, 0x02, 0x05, 0x01, 0x04, 0x03, 0x03, 0x04, 0x02, 0x03, 0x01,
    0x35, 0x00, 0x04, 0x01, 0x03, 0x02, 0x02, 0x03, 0x04, 0x04, 0x03, 0x05, 0x01, 0x06, 0x03, 0x07,
    0x01, 0x08, 0x06, 0x09, 0x01, 0x08, 0x03, 0x07, 0x02, 0x05, 0x03, 0x03, 0x04, 0x02, 0x04, 0x01,
    0x34, 0x00, 0x03, 0x01, 0x03, 0x02, 0x02, 0x03, 0x01, 0x04, 0x06, 0x05, 0x01, 0x06, 0x03, 0x07,
    0x01, 0x0A, 0x01, 0x09, 0x04, 0x0B, 0x03, 0x09, 0x01, 0x08, 0x02, 0x07, 0x02, 0x05, 0x04, 0x03,
    0x04, 0x02, 0x03, 0x01, 0x32, 0x00, 0x04, 0x01, 0x03, 0x02, 0x03, 0x03, 0x01, 0x04, 0x05, 0x05,
    0x02, 0x06, 0x02, 0x07, 0x01, 0x08, 0x01, 0x09, 0x01, 0x0B, 0x01, 0x0C, 0x03, 0x0B, 0x02, 0x09,
    0x01, 0x0B, 0x01, 0x09, 0x01, 0x08, 0x01, 0x07, 0x01, 0x06, 0x01, 0x05, 0x05, 0x03, 0x03, 0x02,
    0x03, 0x01, 0x32, 0x00, 0x04, 0x01, 0x03, 0x02, 0x01, 0x03, 0x03, 0x04, 0x04, 0x05, 0x02, 0x06,
    0x02, 0x07, 0x01, 0x0A, 0x01, 0x08, 0x01, 0x09, 0x02, 0x0B, 0x02, 0x0C, 0x02, 0x09, 0x01, 0x0C,
    0x02, 0x0B, 0x01, 0x08, 0x02, 0x07, 0x01, 0x06, 0x03, 0x05, 0x01, 0x04, 0x02, 0x03, 0x02, 0x02,
    0x04, 0x01, 0x30, 0x00, 0x04, 0x01, 0x03, 0x02, 0x02, 0x03, 0x01, 0x04, 0x05, 0x05, 0x02, 0x06,
    0x02, 0x07, 0x02, 0x0A, 0x01, 0x08, 0x01, 0x07, 0x01, 0x0A, 0x01, 0x08, 0x01, 0x09, 0x01, 0x0B,
    0x01, 0x09, 0x04, 0x0B, 0x01, 0x08, 0x02, 0x07, 0x01, 0x06, 0x02, 0x05, 0x02, 0x04, 0x02, 0x03,
    0x03, 0x02, 0x03, 0x01, 0x30, 0x00, 0x03, 0x01, 0x03, 0x02, 0x02, 0x03, 0x02, 0x04, 0x05, 0x05,
    0x01, 0x06, 0x02, 0x07, 0x01, 0x0A, 0x02, 0x08, 0x01, 0x09, 0x02, 0x08, 0x02, 0x0A, 0x02, 0x08,
    0x01, 0x09, 0x02, 0x0C, 0x01, 0x0B, 0x01, 0x08, 0x02, 0x07, 0x01, 0x06, 0x02, 0x05, 0x02, 0x04,
    0x02, 0x03, 0x03, 0x02, 0x03, 0x01, 0x2F, 0x00, 0x04, 0x01, 0x03, 0x02, 0x01, 0x03, 0x01, 0x04,
    0x04, 0x05, 0x01, 0x06, 0x01, 0x05, 0x02, 0x06, 0x01, 0x07, 0x02, 0x0A, 0x01, 0x08, 0x05, 0x09,
    0x01, 0x08, 0x01, 0x0A, 0x03, 0x08, 0x01, 0x0B, 0x01, 0x0C, 0x01, 0x08, 0x01, 0x0A, 0x01, 0x07,
    0x02, 0x06, 0x02, 0x05, 0x03, 0x04, 0x01, 0x03, 0x02, 0x02, 0x03, 0x01, 0x2E, 0x00, 0x04, 0x01,
    0x03, 0x02, 0x01, 0x03, 0x01, 0x04, 0x04, 0x05, 0x03, 0x06, 0x02, 0x07, 0x02, 0x0A, 0x01, 0x08,
    0x03, 0x09, 0x02, 0x0B, 0x02, 0x0C, 0x01, 0x09, 0x04, 0x08, 0x01, 0x09, 0x01, 0x08, 0x01, 0x0A,
    0x02, 0x07, 0x03, 0x05, 0x02, 0x04, 0x02, 0x03, 0x02, 0x02, 0x04, 0x01, 0x2D, 0x00, 0x03, 0x01,
    0x03, 0x02, 0x01, 0x03, 0x03, 0x04, 0x03, 0x05, 0x03, 0x06, 0x02, 0x07, 0x01, 0x0A, 0x01, 0x08,
    0x03, 0x09, 0x01, 0x0C, 0x04, 0x0B, 0x01, 0x0C, 0x01, 0x09, 0x05, 0x08, 0x01, 0x0A, 0x01, 0x07,
    0x01, 0x06, 0x03, 0x05, 0x01, 0x04, 0x03, 0x03, 0x03, 0x02, 0x03, 0x01, 0x2C, 0x00, 0x03, 0x01,
    0x03, 0x02, 0x02, 0x03, 0x02, 0x04, 0x04, 0x05, 0x01, 0x06, 0x02, 0x0D, 0x01, 0x07, 0x02, 0x0A,
    0x01, 0x09, 0x01, 0x0C, 0x01, 0x09, 0x01, 0x0B, 0x01, 0x0C, 0x04, 0x0B, 0x01, 0x0C, 0x01, 0x0B,
    0x02, 0x09, 0x01, 0x08, 0x01, 0x09, 0x01, 0x08, 0x01, 0x0A, 0x01, 0x07, 0x01, 0x06, 0x03, 0x05,
    0x02, 0x04, 0x02, 0x03, 0x03, 0x02, 0x03, 0x01, 0x2B, 0x00, 0x04, 0x01, 0x03, 0x02, 0x01, 0x03,
    0x02, 0x04, 0x04, 0x05, 0x02, 0x06, 0x01, 0x0D, 0x01, 0x07, 0x02, 0x0A, 0x01, 0x08, 0x01, 0x0B,
    0x02, 0x09, 0x01, 0x0C, 0x07, 0x0B, 0x01, 0x09, 0x01, 0x0B, 0x01, 0x09, 0x02, 0x08, 0x01, 0x0A,
    0x01, 0x0D, 0x01, 0x06, 0x03, 0x05, 0x03, 0x04, 0x02, 0x03, 0x02, 0x02, 0x03, 0x01, 0x2B, 0x00,
    0x03, 0x01, 0x03, 0x02, 0x01, 0x03, 0x02, 0x04, 0x04, 0x05, 0x03, 0x06, 0x02, 0x0D, 0x02, 0x0A,
    0x04, 0x09, 0x01, 0x0C, 0x06, 0x0B, 0x01, 0x0C, 0x02, 0x09, 0x01, 0x0B, 0x01, 0x09, 0x02, 0x0A,
    0x01, 0x0D, 0x02, 0x06, 0x03, 0x05, 0x01, 0x04, 0x03, 0x03, 0x02, 0x02, 0x03, 0x01, 0x2A, 0x00,
    0x04, 0x01, 0x02, 0x02, 0x01, 0x03, 0x02, 0x04, 0x04, 0x05, 0x03, 0x06, 0x01, 0x07, 0x01, 0x0D,
    0x02, 0x0A, 0x01, 0x09, 0x02, 0x0C, 0x01, 0x0B, 0x01, 0x09, 0x01, 0x0C, 0x05, 0x0B, 0x01, 0x0C,
    0x01, 0x0B, 0x01, 0x09, 0x01, 0x0B, 0x01, 0x0C, 0x01, 0x0B, 0x01, 0x08, 0x01, 0x0A, 0x01, 0x07,
    0x02, 0x06, 0x03, 0x05, 0x03, 0x04, 0x01, 0x03, 0x02, 0x02, 0x03, 0x01, 0x29, 0x00, 0x04, 0x01,
    0x03, 0x02, 0x01, 0x03, 0x01, 0x04, 0x05, 0x05, 0x02, 0x06, 0x02, 0x0D, 0x01, 0x07, 0x01, 0x0A,
    0x01, 0x08, 0x01, 0x0B, 0x01, 0x0C, 0x01, 0x0B, 0x01, 0x0C, 0x02, 0x09, 0x01, 0x0C, 0x04, 0x0B,
    0x01, 0x0C, 0x02, 0x09, 0x01, 0x0C, 0x02, 0x0B, 0x01, 0x08, 0x02, 0x0A, 0x01, 0x07, 0x01, 0x06,
    0x03, 0x05, 0x03, 0x04, 0x01, 0x03, 0x02, 0x02, 0x03, 0x01, 0x29, 0x00, 0x03, 0x01, 0x03, 0x02,
    0x01, 0x03, 0x02, 0x04, 0x04, 0x05, 0x03, 0x06, 0x01, 0x07, 0x01, 0x0D, 0x02, 0x0A, 0x01, 0x09,
    0x01, 0x0C, 0x02, 0x0B, 0x01, 0x0C, 0x01, 0x0B, 0x01, 0x09, 0x05, 0x0C, 0x01, 0x0B, 0x01, 0x09,
    0x01, 0x0C, 0x01, 0x0B, 0x01, 0x0C, 0x01, 0x0B, 0x01, 0x08, 0x01, 0x0A, 0x02, 0x07, 0x02, 0x06,
    0x02, 0x05, 0x03, 0x04, 0x01, 0x03, 0x02, 0x02, 0x03, 0x01, 0x28, 0x00, 0x03, 0x01, 0x03, 0x02,
    0x02, 0x03, 0x02, 0x04, 0x03, 0x05, 0x03, 0x06, 0x01, 0x0D, 0x01, 0x07, 0x02, 0x0A, 0x01, 0x09,
    0x03, 0x0B, 0x01, 0x0C, 0x01, 0x0B, 0x01, 0x0C, 0x02, 0x09, 0x01, 0x0B, 0x02, 0x09, 0x01, 0x0B,
    0x01, 0x09, 0x01, 0x0B, 0x01, 0x0C, 0x01, 0x0B, 0x01, 0x0C, 0x01, 0x0B, 0x01, 0x08, 0x01, 0x0A,
    0x02, 0x07, 0x01, 0x0D, 0x01, 0x06, 0x04, 0x05, 0x01, 0x04, 0x01, 0x03, 0x02, 0x02, 0x04, 0x01,
    0x26, 0x00, 0x04, 0x01, 0x03, 0x02, 0x01, 0x03, 0x02, 0x04, 0x03, 0x05, 0x03, 0x06, 0x01, 0x0D,
    0x01, 0x07, 0x01, 0x0D, 0x01, 0x0A, 0x01, 0x08, 0x01, 0x0B, 0x01, 0x0C, 0x04, 0x0B, 0x01, 0x0C,
    0x02, 0x09, 0x01, 0x0B, 0x02, 0x09, 0x01, 0x0B, 0x01, 0x09, 0x01, 0x0B, 0x01, 0x0C, 0x01, 0x0B,
    0x01, 0x0C, 0x01, 0x0B, 0x01, 0x08, 0x01, 0x0A, 0x02, 0x07, 0x03, 0x06, 0x03, 0x05, 0x01, 0x04,
    0x01, 0x03, 0x03, 0x02, 0x03, 0x01, 0x25, 0x00, 0x04, 0x01, 0x03, 0x02, 0x01, 0x03, 0x02, 0x04,
    0x04, 0x05, 0x03, 0x06, 0x01, 0x0D, 0x01, 0x07, 0x02, 0x0A, 0x01, 0x09, 0x01, 0x0C, 0x04, 0x0B,
    0x01, 0x0C, 0x01, 0x0B, 0x01, 0x09, 0x01, 0x0C, 0x02, 0x09, 0x01, 0x0B, 0x01, 0x0C, 0x01, 0x0B,
    0x01, 0x09, 0x01, 0x0C, 0x01, 0x0B, 0x01, 0x0C, 0x01, 0x0B, 0x01, 0x08, 0x01, 0x0A, 0x01, 0x07,
    0x01, 0x0D, 0x03, 0x06, 0x03, 0x05, 0x01, 0x04, 0x01, 0x03, 0x03, 0x02, 0x03, 0x01, 0x25, 0x00,
    0x03, 0x01, 0x03, 0x02, 0x01, 0x03, 0x02, 0x04, 0x04, 0x05, 0x03, 0x06, 0x01, 0x0D, 0x01, 0x07,
    0x02, 0x0A, 0x01, 0x08, 0x01, 0x09, 0x01, 0x0C, 0x04, 0x0B, 0x01, 0x0C, 0x02, 0x09, 0x01, 0x0C,
    0x02, 0x08, 0x02, 0x0B, 0x01, 0x0C, 0x02, 0x09, 0x01, 0x0C, 0x02, 0x0B, 0x01, 0x08, 0x01, 0x0A,
    0x01, 0x07, 0x01, 0x0D, 0x04, 0x06, 0x02, 0x05, 0x01, 0x04, 0x01, 0x03, 0x03, 0x02, 0x03, 0x01,
    0x24, 0x00, 0x04, 0x01, 0x03, 0x02, 0x01, 0x03, 0x01, 0x04, 0x04, 0x05, 0x03, 0x06, 0x01, 0x0D,
    0x01, 0x07, 0x02, 0x0A, 0x01, 0x08, 0x02, 0x09, 0x01, 0x0B, 0x04, 0x0C, 0x01, 0x0B, 0x01, 0x09,
    0x01, 0x0C, 0x01, 0x09, 0x02, 0x08, 0x02, 0x0B, 0x01, 0x0C, 0x01, 0x0B, 0x01, 0x09, 0x01, 0x0B,
    0x01, 0x0C, 0x01, 0x0B, 0x01, 0x08, 0x01, 0x0A, 0x01, 0x07, 0x01, 0x0D, 0x04, 0x06, 0x01, 0x05,
    0x01, 0x04, 0x01, 0x05, 0x01, 0x04, 0x03, 0x02, 0x03, 0x01, 0x23, 0x00, 0x04, 0x01, 0x03, 0x02,
    0x01, 0x03, 0x01, 0x04, 0x04, 0x05, 0x04, 0x06, 0x01, 0x0D, 0x01, 0x07, 0x02, 0x0A, 0x01, 0x09,
    0x01, 0x0C, 0x07, 0x09, 0x02, 0x0B, 0x03, 0x08, 0x01, 0x0B, 0x01, 0x0C, 0x01, 0x0B, 0x01, 0x0C,
    0x04, 0x09, 0x01, 0x08, 0x01, 0x0A, 0x02, 0x0D, 0x02, 0x06, 0x01, 0x05, 0x02, 0x06, 0x03, 0x04,
    0x01, 0x03, 0x02, 0x02, 0x03, 0x01, 0x22, 0x00, 0x04, 0x01, 0x03, 0x02, 0x01, 0x03, 0x02, 0x04,
    0x04, 0x05, 0x03, 0x06, 0x01, 0x0D, 0x01, 0x07, 0x02, 0x0A, 0x01, 0x08, 0x01, 0x0B, 0x01, 0x0C,
    0x02, 0x09, 0x04, 0x0B, 0x03, 0x09, 0x01, 0x0A, 0x02, 0x08, 0x01, 0x0B, 0x01, 0x0C, 0x01, 0x0B,
    0x01, 0x0C, 0x02, 0x09, 0x02, 0x0B, 0x01, 0x08, 0x01, 0x0A, 0x02, 0x0D, 0x02, 0x06, 0x01, 0x05,
    0x02, 0x06, 0x01, 0x05, 0x01, 0x04, 0x02, 0x03, 0x02, 0x02, 0x03, 0x01, 0x21, 0x00, 0x04, 0x01,
    0x03, 0x02, 0x01, 0x03, 0x02, 0x04, 0x05, 0x05, 0x02, 0x06, 0x02, 0x0D, 0x01, 0x07, 0x01, 0x0A,
    0x01, 0x08, 0x01, 0x09, 0x01, 0x0C, 0x01, 0x0B, 0x01, 0x09, 0x01, 0x0B, 0x05, 0x0C, 0x03, 0x08,
    0x01, 0x0A, 0x01, 0x08, 0x02, 0x0B, 0x01, 0x0C, 0x02, 0x09, 0x02, 0x0C, 0x01, 0x0B, 0x01, 0x08,
    0x02, 0x0A, 0x02, 0x0D, 0x01, 0x06, 0x02, 0x05, 0x01, 0x06, 0x01, 0x05, 0x01, 0x04, 0x02, 0x03,
    0x02, 0x02, 0x03, 0x01, 0x21, 0x00, 0x03, 0x01, 0x04, 0x02, 0x01, 0x03, 0x01, 0x04, 0x06, 0x05,
    0x02, 0x06, 0x01, 0x0D, 0x01, 0x07, 0x02, 0x0A, 0x01, 0x09, 0x02, 0x0C, 0x02, 0x09, 0x01, 0x0C,
    0x03, 0x0B, 0x01, 0x0C, 0x01, 0x0B, 0x01, 0x08, 0x01, 0x0A, 0x01, 0x08, 0x01, 0x0A, 0x01, 0x08,
    0x01, 0x0B, 0x01, 0x0C, 0x01, 0x0B, 0x01, 0x09, 0x01, 0x0B, 0x01, 0x0C, 0x02, 0x0B, 0x01, 0x08,
    0x02, 0x0A, 0x02, 0x0D, 0x01, 0x06, 0x03, 0x05, 0x01, 0x06, 0x02, 0x04, 0x01, 0x03, 0x02, 0x02,
    0x03, 0x01, 0x20, 0x00, 0x04, 0x01, 0x03, 0x02, 0x01, 0x03, 0x01, 0x04, 0x06, 0x05, 0x02, 0x06,
    0x01, 0x07, 0x01, 0x0D, 0x02, 0x0A, 0x01, 0x08, 0x01, 0x0B, 0x01, 0x0C, 0x01, 0x0B, 0x01, 0x09,
    0x04, 0x0B, 0x01, 0x0C, 0x01, 0x0B, 0x01, 0x08, 0x04, 0x0A, 0x01, 0x08, 0x01, 0x0B, 0x01, 0x0C,
    0x02, 0x09, 0x01, 0x0C, 0x01, 0x0B, 0x01, 0x0C, 0x01, 0x0B, 0x01, 0x08, 0x02, 0x0A, 0x01, 0x07,
    0x01, 0x0D, 0x01, 0x06, 0x05, 0x05, 0x01, 0x04, 0x01, 0x03, 0x02, 0x02, 0x03, 0x01, 0x1F, 0x00,
    0x04, 0x01, 0x03, 0x02, 0x01, 0x03, 0x02, 0x04, 0x05, 0x05, 0x03, 0x06, 0x01, 0x07, 0x03, 0x0A,
    0x05, 0x09, 0x01, 0x0C, 0x03, 0x0B, 0x01, 0x0C, 0x01, 0x09, 0x05, 0x0A, 0x01, 0x08, 0x03, 0x09,
    0x03, 0x0B, 0x01, 0x0C, 0x01, 0x0B, 0x01, 0x08, 0x02, 0x0A, 0x01, 0x0D, 0x02, 0x06, 0x05, 0x05,
    0x01, 0x04, 0x01, 0x03, 0x02, 0x02, 0x03, 0x01, 0x1F, 0x00, 0x03, 0x01, 0x03, 0x02, 0x01, 0x03,
    0x03, 0x04, 0x04, 0x05, 0x03, 0x06, 0x02, 0x07, 0x02, 0x0A, 0x01, 0x08, 0x03, 0x0B, 0x02, 0x09,
    0x01, 0x0C, 0x02, 0x0B, 0x01, 0x0C, 0x01, 0x0B, 0x01, 0x08, 0x05, 0x0A, 0x01, 0x08, 0x01, 0x0B,
    0x01, 0x0C, 0x02, 0x09, 0x01, 0x0C, 0x01, 0x0B, 0x01, 0x0C, 0x01, 0x0B, 0x01, 0x08, 0x02, 0x0A,
    0x01, 0x0D, 0x02, 0x06, 0x05, 0x05, 0x01, 0x04, 0x01, 0x03, 0x02, 0x02, 0x03, 0x01, 0x1E, 0x00,
    0x03, 0x01, 0x03, 0x02, 0x02, 0x03, 0x03, 0x04, 0x04, 0x05, 0x03, 0x06, 0x01, 0x07, 0x02, 0x0A,
    0x01, 0x08, 0x01, 0x09, 0x01, 0x0C, 0x01, 0x0B, 0x02, 0x0C, 0x01, 0x09, 0x01, 0x0B, 0x01, 0x0C,
    0x01, 0x0B, 0x01, 0x0C, 0x01, 0x08, 0x06, 0x0A, 0x01, 0x08, 0x01, 0x0B, 0x01, 0x0C, 0x01, 0x0B,
    0x01, 0x09, 0x01, 0x0B, 0x01, 0x0C, 0x02, 0x0B, 0x01, 0x08, 0x02, 0x0A, 0x01, 0x0D, 0x03, 0x06,
    0x04, 0x05, 0x02, 0x03, 0x02, 0x02, 0x03, 0x01, 0x1D, 0x00, 0x04, 0x01, 0x03, 0x02, 0x01, 0x03,
    0x01, 0x04, 0x01, 0x05, 0x02, 0x04, 0x04, 0x05, 0x02, 0x06, 0x01, 0x07, 0x03, 0x0A, 0x01, 0x08,
    0x04, 0x0B, 0x01, 0x0C, 0x01, 0x0B, 0x01, 0x09, 0x02, 0x0C, 0x01, 0x09, 0x07, 0x0A, 0x01, 0x08,
    0x02, 0x0B, 0x01, 0x0C, 0x02, 0x09, 0x02, 0x0C, 0x01, 0x0B, 0x01, 0x08, 0x02, 0x0A, 0x01, 0x0D,
    0x02, 0x06, 0x05, 0x05, 0x02, 0x03, 0x02, 0x02, 0x03, 0x01, 0x1C, 0x00, 0x04, 0x01, 0x03, 0x02,
    0x02, 0x03, 0x01, 0x04, 0x01, 0x05, 0x02, 0x04, 0x02, 0x05, 0x03, 0x06, 0x01, 0x0D, 0x01, 0x07,
    0x02, 0x0A, 0x01, 0x08, 0x01, 0x09, 0x01, 0x0C, 0x04, 0x0B, 0x01, 0x0C, 0x02, 0x09, 0x01, 0x0B,
    0x01, 0x08, 0x03, 0x0A, 0x01, 0x0D, 0x03, 0x0A, 0x01, 0x08, 0x01, 0x0B, 0x01, 0x0C, 0x02, 0x0B,
    0x02, 0x09, 0x02, 0x0B, 0x01, 0x08, 0x01, 0x0A, 0x02, 0x0D, 0x02, 0x06, 0x05, 0x05, 0x02, 0x03,
    0x02, 0x02, 0x03, 0x01, 0x1C, 0x00, 0x03, 0x01, 0x03, 0x02, 0x03, 0x03, 0x01, 0x04, 0x04, 0x05,
    0x04, 0x06, 0x01, 0x0D, 0x01, 0x07, 0x02, 0x0A, 0x01, 0x08, 0x01, 0x0B, 0x01, 0x0C, 0x04, 0x0B,
    0x01, 0x0C, 0x01, 0x0B, 0x01, 0x09, 0x01, 0x08, 0x03, 0x0A, 0x02, 0x0D, 0x03, 0x0A, 0x01, 0x08,
    0x01, 0x0B, 0x01, 0x0C, 0x01, 0x0B, 0x01, 0x0C, 0x02, 0x09, 0x01, 0x0B, 0x01, 0x09, 0x01, 0x08,
    0x01, 0x0A, 0x02, 0x0D, 0x02, 0x06, 0x05, 0x05, 0x01, 0x04, 0x01, 0x03, 0x02, 0x02, 0x03, 0x01,
    0x1B, 0x00, 0x03, 0x01, 0x03, 0x02, 0x03, 0x03, 0x02, 0x04, 0x04, 0x05, 0x03, 0x06, 0x02, 0x07,
    0x01, 0x0A, 0x02, 0x08, 0x01, 0x09, 0x01, 0x0C, 0x05, 0x0B, 0x01, 0x0C, 0x02, 0x09, 0x01, 0x08,
    0x03, 0x0A, 0x02, 0x0D, 0x03, 0x0A, 0x01, 0x08, 0x01, 0x0B, 0x02, 0x0C, 0x01, 0x0B, 0x01, 0x09,
    0x01, 0x0B, 0x01, 0x0C, 0x01, 0x0B, 0x01, 0x08, 0x01, 0x0A, 0x01, 0x07, 0x01, 0x0D, 0x02, 0x06,
    0x05, 0x05, 0x01, 0x04, 0x01, 0x03, 0x02, 0x02, 0x03, 0x01, 0x1A, 0x00, 0x03, 0x01, 0x03, 0x02,
    0x02, 0x03, 0x01, 0x04, 0x01, 0x03, 0x01, 0x04, 0x05, 0x05, 0x02, 0x06, 0x02, 0x07, 0x02, 0x0A,
    0x02, 0x08, 0x01, 0x09, 0x01, 0x0C, 0x04, 0x0B, 0x01, 0x0C, 0x01, 0x0B, 0x01, 0x09, 0x01, 0x08,
    0x03, 0x0A, 0x01, 0x0D, 0x01, 0x0A, 0x02, 0x0D, 0x02, 0x0A, 0x01, 0x08, 0x02, 0x0B, 0x01, 0x0C,
    0x02, 0x09, 0x01, 0x0C, 0x02, 0x0B, 0x01, 0x08, 0x02, 0x0A, 0x01, 0x0D, 0x02, 0x06, 0x05, 0x05,
    0x01, 0x04, 0x01, 0x03, 0x02, 0x02, 0x03, 0x01, 0x1A, 0x00, 0x03, 0x01, 0x02, 0x02, 0x03, 0x03,
    0x03, 0x04, 0x04, 0x05, 0x03, 0x06, 0x01, 0x07, 0x02, 0x0A, 0x02, 0x08, 0x02, 0x09, 0x01, 0x0B,
    0x05, 0x0C, 0x01, 0x09, 0x01, 0x08, 0x03, 0x0A, 0x05, 0x0D, 0x02, 0x0A, 0x01, 0x08, 0x01, 0x0B,
    0x01, 0x0C, 0x01, 0x0B, 0x01, 0x09, 0x01, 0x0C, 0x01, 0x0B, 0x01, 0x0C, 0x01, 0x0B, 0x01, 0x08,
    0x01, 0x0A, 0x01, 0x07, 0x01, 0x0D, 0x02, 0x06, 0x05, 0x05, 0x01, 0x04, 0x01, 0x03, 0x02, 0x02,
    0x03, 0x01, 0x19, 0x00, 0x03, 0x01, 0x03, 0x02, 0x03, 0x03, 0x02, 0x04, 0x05, 0x05, 0x02, 0x06,
    0x02, 0x07, 0x01, 0x0A, 0x03, 0x08, 0x01, 0x0C, 0x02, 0x09, 0x04, 0x0B, 0x02, 0x09, 0x01, 0x08,
    0x02, 0x0A, 0x06, 0x0D, 0x02, 0x0A, 0x01, 0x08, 0x03, 0x09, 0x01, 0x0B, 0x01, 0x0C, 0x01, 0x0B,
    0x01, 0x0C, 0x01, 0x0B, 0x01, 0x08, 0x01, 0x0A, 0x02, 0x07, 0x03, 0x06, 0x04, 0x05, 0x01, 0x04,
    0x01, 0x03, 0x02, 0x02, 0x03, 0x01, 0x18, 0x00, 0x03, 0x01, 0x03, 0x02, 0x04, 0x03, 0x01, 0x04,
    0x05, 0x05, 0x02, 0x06, 0x02, 0x07, 0x02, 0x0A, 0x02, 0x08, 0x01, 0x09, 0x01, 0x0C, 0x01, 0x0B,
    0x06, 0x09, 0x01, 0x08, 0x03, 0x0A, 0x06, 0x0D, 0x02, 0x0A, 0x01, 0x08, 0x03, 0x09, 0x01, 0x0B,
    0x01, 0x0C, 0x01, 0x0B, 0x01, 0x0C, 0x01, 0x0B, 0x01, 0x08, 0x01, 0x0A, 0x02, 0x07, 0x02, 0x06,
    0x05, 0x05, 0x01, 0x04, 0x01, 0x03, 0x02, 0x02, 0x03, 0x01, 0x18, 0x00, 0x03, 0x01, 0x02, 0x02,
    0x02, 0x03, 0x01, 0x04, 0x01, 0x03, 0x02, 0x04, 0x05, 0x05, 0x02, 0x06, 0x02, 0x07, 0x01, 0x0A,
    0x03, 0x08, 0x01, 0x0B, 0x01, 0x0C, 0x02, 0x09, 0x04, 0x0C, 0x01, 0x09, 0x03, 0x0A, 0x07, 0x0D,
    0x02, 0x0A, 0x01, 0x08, 0x01, 0x0B, 0x01, 0x0C, 0x01, 0x0B, 0x01, 0x09, 0x03, 0x0C, 0x01, 0x0B,
    0x01, 0x08, 0x01, 0x0A, 0x01, 0x07, 0x01, 0x0D, 0x02, 0x06, 0x04, 0x05, 0x02, 0x04, 0x01, 0x03,
    0x02, 0x02, 0x03, 0x01, 0x17, 0x00, 0x03, 0x01, 0x03, 0x02, 0x01, 0x03, 0x02, 0x04, 0x02, 0x03,
    0x01, 0x04, 0x04, 0x05, 0x03, 0x06, 0x01, 0x07, 0x01, 0x0A, 0x01, 0x08, 0x01, 0x09, 0x01, 0x08,
    0x01, 0x09, 0x01, 0x0C, 0x01, 0x0B, 0x01, 0x09, 0x01, 0x0C, 0x02, 0x0B, 0x01, 0x0C, 0x01, 0x09,
    0x01, 0x08, 0x01, 0x0A, 0x09, 0x0D, 0x02, 0x0A, 0x01, 0x08, 0x02, 0x0B, 0x01, 0x0C, 0x02, 0x09,
    0x01, 0x0C, 0x02, 0x0B, 0x01, 0x08, 0x02, 0x0A, 0x01, 0x0D, 0x02, 0x06, 0x03, 0x05, 0x03, 0x04,
    0x01, 0x03, 0x02, 0x02, 0x03, 0x01, 0x16, 0x00, 0x03, 0x01, 0x03, 0x02, 0x01, 0x03, 0x01, 0x04,
    0x01, 0x05, 0x03, 0x04, 0x03, 0x05, 0x01, 0x06, 0x01, 0x05, 0x01, 0x06, 0x03, 0x07, 0x01, 0x0A,
    0x02, 0x09, 0x01, 0x08, 0x02, 0x0C, 0x01, 0x09, 0x01, 0x0B, 0x01, 0x0C, 0x03, 0x0B, 0x01, 0x08,
    0x02, 0x0A, 0x09, 0x0D, 0x02, 0x0A, 0x01, 0x08, 0x01, 0x0B, 0x02, 0x0C, 0x01, 0x0B, 0x01, 0x09,
    0x01, 0x0B, 0x01, 0x0C, 0x01, 0x0B, 0x01, 0x08, 0x01, 0x0A, 0x01, 0x07, 0x01, 0x0D, 0x02, 0x06,
    0x03, 0x05, 0x03, 0x04, 0x01, 0x03, 0x02, 0x02, 0x03, 0x01, 0x16, 0x00, 0x03, 0x01, 0x02, 0x02,
    0x01, 0x03, 0x01, 0x04, 0x02, 0x05, 0x02, 0x04, 0x04, 0x05, 0x03, 0x06, 0x01, 0x07, 0x03, 0x0A,
    0x01, 0x09, 0x01, 0x08, 0x01, 0x09, 0x01, 0x0B, 0x02, 0x09, 0x01, 0x0C, 0x02, 0x0B, 0x01, 0x0C,
    0x01, 0x09, 0x02, 0x0A, 0x01, 0x07, 0x01, 0x0A, 0x08, 0x0D, 0x02, 0x0A, 0x01, 0x08, 0x01, 0x0B,
    0x01, 0x0C, 0x01, 0x0B, 0x01, 0x0C, 0x04, 0x09, 0x01, 0x08, 0x01, 0x0A, 0x02, 0x0D, 0x03, 0x06,
    0x02, 0x05, 0x03, 0x04, 0x01, 0x03, 0x03, 0x02, 0x02, 0x01, 0x15, 0x00, 0x03, 0x01, 0x03, 0x02,
    0x01, 0x03, 0x01, 0x04, 0x02, 0x05, 0x02, 0x04, 0x03, 0x05, 0x03, 0x06, 0x02, 0x07, 0x02, 0x0A,
    0x03, 0x08, 0x02, 0x0B, 0x02, 0x09, 0x01, 0x0C, 0x01, 0x0B, 0x01, 0x0C, 0x01, 0x0B, 0x01, 0x08,
    0x02, 0x0A, 0x0A, 0x0D, 0x02, 0x0A, 0x01, 0x08, 0x01, 0x0B, 0x01, 0x0C, 0x01, 0x0B, 0x01, 0x0C,
    0x02, 0x09, 0x02, 0x0B, 0x01, 0x08, 0x01, 0x0A, 0x02, 0x0D, 0x01, 0x06, 0x01, 0x05, 0x01, 0x06,
    0x02, 0x05, 0x03, 0x04, 0x01, 0x03, 0x03, 0x02, 0x02, 0x01, 0x15, 0x00, 0x03, 0x01, 0x02, 0x02,
    0x02, 0x03, 0x01, 0x04, 0x02, 0x05, 0x02, 0x04, 0x03, 0x05, 0x02, 0x06, 0x03, 0x07, 0x01, 0x0A,
    0x01, 0x08, 0x01, 0x09, 0x01, 0x08, 0x01, 0x09, 0x03, 0x0C, 0x01, 0x09, 0x01, 0x0B, 0x01, 0x0C,
    0x01, 0x0B, 0x01, 0x08, 0x03, 0x0A, 0x0A, 0x0D, 0x02, 0x0A, 0x01, 0x08, 0x02, 0x0B, 0x01, 0x0C,
    0x02, 0x09, 0x02, 0x0C, 0x01, 0x0B, 0x01, 0x08, 0x01, 0x0A, 0x01, 0x07, 0x01, 0x0D, 0x03, 0x06,
    0x02, 0x05, 0x03, 0x04, 0x01, 0x03, 0x03, 0x02, 0x02, 0x01, 0x14, 0x00, 0x03, 0x01, 0x03, 0x02,
    0x02, 0x03, 0x01, 0x04, 0x02, 0x05, 0x01, 0x04, 0x03, 0x05, 0x03, 0x06, 0x02, 0x07, 0x02, 0x0A,
    0x02, 0x09, 0x01, 0x08, 0x01, 0x0C, 0x02, 0x0B, 0x01, 0x0C, 0x01, 0x0B, 0x01, 0x09, 0x01, 0x0C,
    0x01, 0x09, 0x01, 0x08, 0x02, 0x0A, 0x0B, 0x0D, 0x02, 0x0A, 0x01, 0x08, 0x01, 0x0B, 0x01, 0x0C,
    0x01, 0x0B, 0x01, 0x09, 0x01, 0x0B, 0x01, 0x0C, 0x02, 0x0B, 0x01, 0x08, 0x01, 0x0A, 0x01, 0x07,
    0x01, 0x0D, 0x03, 0x06, 0x02, 0x05, 0x03, 0x04, 0x01, 0x03, 0x03, 0x02, 0x02, 0x01, 0x14, 0x00,
    0x02, 0x01, 0x03, 0x02, 0x03, 0x03, 0x01, 0x04, 0x01, 0x06, 0x01, 0x05, 0x01, 0x04, 0x03, 0x05,
    0x02, 0x06, 0x02, 0x07, 0x01, 0x0A, 0x01, 0x08, 0x01, 0x0A, 0x01, 0x09, 0x01, 0x08, 0x01, 0x09,
    0x01, 0x0C, 0x03, 0x0B, 0x01, 0x0C, 0x02, 0x09, 0x01, 0x08, 0x02, 0x0A, 0x04, 0x0D, 0x04, 0x06,
    0x04, 0x0D, 0x02, 0x0A, 0x01, 0x08, 0x01, 0x0B, 0x01, 0x0C, 0x02, 0x09, 0x01, 0x0C, 0x01, 0x0B,
    0x01, 0x0C, 0x01, 0x0B, 0x01, 0x08, 0x01, 0x0A, 0x01, 0x07, 0x01, 0x0D, 0x03, 0x06, 0x02, 0x05,
    0x01, 0x04, 0x01, 0x05, 0x01, 0x04, 0x01, 0x03, 0x03, 0x02, 0x02, 0x01, 0x13, 0x00, 0x03, 0x01,
    0x02, 0x02, 0x04, 0x03, 0x01, 0x04, 0x01, 0x06, 0x05, 0x05, 0x01, 0x06, 0x01, 0x0D, 0x02, 0x07,
    0x01, 0x0A, 0x02, 0x08, 0x01, 0x0A, 0x01, 0x08, 0x01, 0x0C, 0x01, 0x0B, 0x01, 0x0C, 0x02, 0x0B,
    0x01, 0x0C, 0x01, 0x0B, 0x01, 0x08, 0x02, 0x0A, 0x05, 0x0D, 0x04, 0x06, 0x05, 0x0D, 0x01, 0x0A,
    0x01, 0x08, 0x03, 0x09, 0x03, 0x0B, 0x01, 0x0C, 0x01, 0x0B, 0x01, 0x08, 0x01, 0x0A, 0x02, 0x07,
    0x02, 0x06, 0x05, 0x05, 0x01, 0x04, 0x01, 0x03, 0x03, 0x02, 0x02, 0x01, 0x13, 0x00, 0x02, 0x01,
    0x03, 0x02, 0x02, 0x03, 0x01, 0x04, 0x01, 0x03, 0x01, 0x04, 0x01, 0x06, 0x04, 0x05, 0x02, 0x06,
    0x01, 0x0D, 0x01, 0x07, 0x01, 0x0A, 0x01, 0x08, 0x02, 0x09, 0x02, 0x08, 0x01, 0x09, 0x01, 0x0C,
    0x03, 0x0B, 0x01, 0x0C, 0x01, 0x09, 0x02, 0x0A, 0x01, 0x07, 0x0D, 0x0D, 0x02, 0x0A, 0x01, 0x08,
    0x01, 0x0B, 0x01, 0x0C, 0x02, 0x09, 0x01, 0x0C, 0x01, 0x0B, 0x01, 0x0C, 0x01, 0x0B, 0x01, 0x08,
    0x01, 0x0A, 0x02, 0x07, 0x01, 0x0D, 0x01, 0x06, 0x05, 0x05, 0x01, 0x04, 0x01, 0x03, 0x03, 0x02,
    0x02, 0x01, 0x12, 0x00, 0x03, 0x01, 0x02, 0x02, 0x03, 0x03, 0x01, 0x04, 0x01, 0x03, 0x01, 0x05,
    0x01, 0x06, 0x04, 0x05, 0x01, 0x06, 0x01, 0x07, 0x03, 0x0A, 0x01, 0x09, 0x01, 0x0C, 0x02, 0x08,
    0x01, 0x09, 0x01, 0x08, 0x01, 0x0B, 0x01, 0x0C, 0x01, 0x0B, 0x01, 0x0C, 0x01, 0x0B, 0x01, 0x08,
    0x03, 0x0A, 0x0D, 0x0D, 0x02, 0x0A, 0x01, 0x08, 0x01, 0x0B, 0x01, 0x0C, 0x01, 0x0B, 0x01, 0x09,
    0x01, 0x0B, 0x02, 0x0C, 0x01, 0x09, 0x01, 0x08, 0x01, 0x0A, 0x01, 0x07, 0x02, 0x0D, 0x01, 0x06,
    0x04, 0x05, 0x01, 0x04, 0x01, 0x05, 0x01, 0x03, 0x03, 0x02, 0x02, 0x01, 0x12, 0x00, 0x03, 0x01,
    0x02, 0x02, 0x02, 0x03, 0x03, 0x04, 0x01, 0x05, 0x01, 0x06, 0x03, 0x05, 0x02, 0x06, 0x01, 0x07,
    0x02, 0x0A, 0x01, 0x08, 0x02, 0x0B, 0x01, 0x08, 0x01, 0x09, 0x01, 0x0C, 0x01, 0x09, 0x01, 0x08,
    0x01, 0x0B, 0x02, 0x0C, 0x01, 0x08, 0x03, 0x0A, 0x06, 0x0D, 0x04, 0x06, 0x04, 0x0D, 0x02, 0x0A,
    0x01, 0x08, 0x01, 0x0B, 0x02, 0x0C, 0x02, 0x09, 0x01, 0x0C, 0x01, 0x09, 0x02, 0x08, 0x01, 0x0A,
    0x01, 0x07, 0x02, 0x0D, 0x01, 0x06, 0x04, 0x05, 0x03, 0x04, 0x03, 0x02, 0x03, 0x01, 0x11, 0x00,
    0x02, 0x01, 0x02, 0x02, 0x03, 0x03, 0x03, 0x04, 0x01, 0x05, 0x05, 0x06, 0x02, 0x07, 0x01, 0x0A,
    0x01, 0x08, 0x01, 0x09, 0x01, 0x0C, 0x01, 0x09, 0x01, 0x08, 0x02, 0x09, 0x01, 0x0C, 0x01, 0x09,
    0x01, 0x08, 0x02, 0x09, 0x03, 0x0A, 0x03, 0x0D, 0x03, 0x06, 0x02, 0x0D, 0x03, 0x06, 0x04, 0x0D,
    0x02, 0x0A, 0x02, 0x08, 0x01, 0x09, 0x01, 0x0B, 0x01, 0x0C, 0x01, 0x09, 0x02, 0x08, 0x01, 0x09,
    0x01, 0x08, 0x01, 0x0A, 0x01, 0x07, 0x01, 0x0D, 0x02, 0x06, 0x04, 0x05, 0x03, 0x04, 0x01, 0x03,
    0x02, 0x02, 0x03, 0x01, 0x10, 0x00, 0x03, 0x01, 0x02, 0x02, 0x03, 0x03, 0x02, 0x04, 0x01, 0x05,
    0x05, 0x06, 0x01, 0x0D, 0x01, 0x07, 0x02, 0x0A, 0x01, 0x09, 0x01, 0x0C, 0x01, 0x0B, 0x01, 0x08,
    0x01, 0x09, 0x01, 0x0C, 0x04, 0x09, 0x02, 0x08, 0x02, 0x0A, 0x03, 0x0D, 0x04, 0x06, 0x09, 0x0D,
    0x02, 0x0A, 0x01, 0x08, 0x01, 0x09, 0x05, 0x08, 0x02, 0x09, 0x01, 0x08, 0x01, 0x0A, 0x02, 0x0D,
    0x02, 0x06, 0x04, 0x05, 0x03, 0x04, 0x01, 0x03, 0x02, 0x02, 0x03, 0x01, 0x10, 0x00, 0x03, 0x01,
    0x01, 0x02, 0x03, 0x03, 0x02, 0x04, 0x02, 0x05, 0x02, 0x06, 0x01, 0x05, 0x02, 0x06, 0x01, 0x0D,
    0x01, 0x07, 0x01, 0x0A, 0x01, 0x08, 0x01, 0x0B, 0x01, 0x0C, 0x01, 0x09, 0x01, 0x08, 0x01, 0x0C,
    0x02, 0x09, 0x01, 0x0C, 0x01, 0x0B, 0x01, 0x09, 0x01, 0x08, 0x01, 0x0A, 0x04, 0x0D, 0x05, 0x06,
    0x01, 0x0D, 0x05, 0x06, 0x03, 0x0D, 0x02, 0x0A, 0x01, 0x08, 0x01, 0x0C, 0x01, 0x09, 0x01, 0x08,
    0x02, 0x0A, 0x01, 0x08, 0x01, 0x09, 0x01, 0x0C, 0x01, 0x08, 0x02, 0x0A, 0x01, 0x0D, 0x03, 0x06,
    0x03, 0x05, 0x03, 0x04, 0x01, 0x03, 0x02, 0x02, 0x03, 0x01, 0x0F, 0x00, 0x03, 0x01, 0x02, 0x02,
    0x03, 0x03, 0x02, 0x04, 0x02, 0x05, 0x04, 0x06, 0x02, 0x07, 0x01, 0x0A, 0x01, 0x08, 0x01, 0x09,
    0x01, 0x0C, 0x01, 0x0B, 0x01, 0x08, 0x01, 0x09, 0x01, 0x0C, 0x01, 0x09, 0x01, 0x0B, 0x01, 0x09,
    0x03, 0x08, 0x01, 0x0A, 0x03, 0x0D, 0x06, 0x06, 0x01, 0x0D, 0x05, 0x06, 0x03, 0x0D, 0x02, 0x0A,
    0x02, 0x08, 0x01, 0x0A, 0x04, 0x09, 0x03, 0x08, 0x02, 0x0A, 0x01, 0x0D, 0x02, 0x06, 0x04, 0x05,
    0x01, 0x04, 0x01, 0x05, 0x01, 0x04, 0x01, 0x03, 0x02, 0x02, 0x03, 0x01, 0x0F, 0x00, 0x03, 0x01,
    0x02, 0x02, 0x03, 0x03, 0x02, 0x04, 0x02, 0x05, 0x03, 0x06, 0x02, 0x07, 0x02, 0x0A, 0x01, 0x08,
    0x02, 0x0C, 0x01, 0x09, 0x01, 0x0A, 0x03, 0x09, 0x02, 0x08, 0x01, 0x09, 0x01, 0x08, 0x02, 0x0A,
    0x02, 0x0D, 0x0D, 0x06, 0x03, 0x0D, 0x02, 0x0A, 0x02, 0x08, 0x02, 0x0B, 0x01, 0x09, 0x02, 0x0C,
    0x01, 0x0B, 0x02, 0x08, 0x02, 0x0A, 0x01, 0x0D, 0x02, 0x06, 0x06, 0x05, 0x01, 0x04, 0x01, 0x03,
    0x03, 0x02, 0x03, 0x01, 0x0E, 0x00, 0x03, 0x01, 0x01, 0x02, 0x01, 0x03, 0x04, 0x04, 0x03, 0x05,
    0x01, 0x06, 0x01, 0x07, 0x01, 0x06, 0x01, 0x07, 0x02, 0x0A, 0x01, 0x08, 0x01, 0x09, 0x02, 0x0B,
    0x01, 0x08, 0x01, 0x0A, 0x04, 0x08, 0x01, 0x0C, 0x01, 0x09, 0x02, 0x0A, 0x01, 0x07, 0x04, 0x0D,
    0x02, 0x06, 0x02, 0x0D, 0x07, 0x06, 0x04, 0x0D, 0x01, 0x0A, 0x01, 0x08, 0x02, 0x0B, 0x01, 0x09,
    0x01, 0x0B, 0x01, 0x0C, 0x01, 0x0B, 0x02, 0x0C, 0x01, 0x08, 0x01, 0x0A, 0x01, 0x07, 0x02, 0x0D,
    0x02, 0x06, 0x05, 0x05, 0x01, 0x04, 0x01, 0x03, 0x03, 0x02, 0x03, 0x01, 0x0E, 0x00, 0x02, 0x01,
    0x02, 0x02, 0x01, 0x03, 0x03, 0x04, 0x04, 0x05, 0x01, 0x07, 0x01, 0x0D, 0x02, 0x07, 0x01, 0x0A,
    0x01, 0x08, 0x04, 0x09, 0x01, 0x0A, 0x01, 0x08, 0x01, 0x0A, 0x01, 0x08, 0x01, 0x09, 0x01, 0x0C,
    0x01, 0x09, 0x01, 0x08, 0x02, 0x0A, 0x01, 0x07, 0x04, 0x0D, 0x03, 0x06, 0x01, 0x0D, 0x07, 0x06,
    0x03, 0x0D, 0x02, 0x0A, 0x01, 0x08, 0x01, 0x09, 0x01, 0x0B, 0x01, 0x09, 0x05, 0x0B, 0x01, 0x08,
    0x01, 0x0A, 0x02, 0x07, 0x01, 0x0D, 0x02, 0x06, 0x05, 0x05, 0x01, 0x04, 0x02, 0x03, 0x02, 0x02,
    0x03, 0x01, 0x0D, 0x00, 0x03, 0x01, 0x02, 0x02, 0x01, 0x03, 0x03, 0x04, 0x04, 0x05, 0x01, 0x07,
    0x01, 0x0D, 0x01, 0x07, 0x02, 0x0A, 0x01, 0x08, 0x01, 0x0B, 0x01, 0x09, 0x01, 0x0B, 0x02, 0x08,
    0x01, 0x0A, 0x01, 0x08, 0x01, 0x09, 0x02, 0x0B, 0x01, 0x08, 0x02, 0x0A, 0x04, 0x0D, 0x06, 0x06,
    0x01, 0x0D, 0x06, 0x06, 0x03, 0x0D, 0x02, 0x0A, 0x02, 0x08, 0x03, 0x09, 0x01, 0x0C, 0x03, 0x0B,
    0x01, 0x08, 0x02, 0x0A, 0x01, 0x0D, 0x04, 0x06, 0x04, 0x05, 0x02, 0x04, 0x01, 0x03, 0x02, 0x02,
    0x04, 0x01, 0x0C, 0x00, 0x03, 0x01, 0x01, 0x02, 0x01, 0x03, 0x04, 0x04, 0x03, 0x05, 0x01, 0x06,
    0x03, 0x07, 0x01, 0x0A, 0x01, 0x08, 0x01, 0x0B, 0x01, 0x09, 0x01, 0x0B, 0x01, 0x09, 0x02, 0x0A,
    0x01, 0x08, 0x02, 0x0B, 0x02, 0x09, 0x03, 0x0A, 0x04, 0x0D, 0x07, 0x06, 0x01, 0x0D, 0x05, 0x06,
    0x03, 0x0D, 0x02, 0x0A, 0x05, 0x08, 0x01, 0x09, 0x02, 0x0C, 0x01, 0x0B, 0x01, 0x08, 0x02, 0x0A,
    0x01, 0x0D, 0x05, 0x06, 0x04, 0x05, 0x01, 0x04, 0x01, 0x03, 0x03, 0x02, 0x03, 0x01, 0x0C, 0x00,
    0x03, 0x01, 0x01, 0x02, 0x01, 0x03, 0x03, 0x04, 0x03, 0x05, 0x02, 0x06, 0x01, 0x07, 0x02, 0x0A,
    0x01, 0x08, 0x03, 0x09, 0x01, 0x0B, 0x03, 0x08, 0x01, 0x0B, 0x02, 0x0C, 0x01, 0x09, 0x01, 0x08,
    0x02, 0x0A, 0x01, 0x07, 0x03, 0x0D, 0x08, 0x06, 0x01, 0x0D, 0x05, 0x06, 0x03, 0x0D, 0x02, 0x0A,
    0x01, 0x08, 0x01, 0x0C, 0x01, 0x0B, 0x01, 0x09, 0x03, 0x08, 0x02, 0x09, 0x01, 0x08, 0x01, 0x0A,
    0x01, 0x07, 0x01, 0x0D, 0x05, 0x06, 0x04, 0x05, 0x02, 0x04, 0x01, 0x03, 0x02, 0x02, 0x04, 0x01,
    0x0B, 0x00, 0x02, 0x01, 0x02, 0x02, 0x02, 0x03, 0x02, 0x04, 0x03, 0x05, 0x02, 0x06, 0x01, 0x07,
    0x02, 0x0A, 0x01, 0x08, 0x02, 0x09, 0x01, 0x0C, 0x01, 0x09, 0x01, 0x0A, 0x01, 0x08, 0x01, 0x0B,
    0x01, 0x0C, 0x01, 0x0B, 0x01, 0x0C, 0x01, 0x08, 0x02, 0x0A, 0x05, 0x0D, 0x08, 0x06, 0x02, 0x0D,
    0x01, 0x06, 0x06, 0x0D, 0x02, 0x0A, 0x01, 0x08, 0x01, 0x0B, 0x03, 0x0C, 0x01, 0x09, 0x01, 0x08,
    0x01, 0x0A, 0x01, 0x07, 0x02, 0x0A, 0x02, 0x0D, 0x06, 0x06, 0x04, 0x05, 0x01, 0x04, 0x01, 0x03,
    0x03, 0x02, 0x03, 0x01, 0x0B, 0x00, 0x02, 0x01, 0x02, 0x02, 0x01, 0x03, 0x02, 0x04, 0x04, 0x05,
    0x01, 0x06, 0x01, 0x0D, 0x01, 0x07, 0x01, 0x0A, 0x01, 0x08, 0x03, 0x09, 0x01, 0x0B, 0x02, 0x08,
    0x01, 0x0B, 0x01, 0x0C, 0x01, 0x0B, 0x01, 0x0C, 0x01, 0x09, 0x02, 0x0A, 0x06, 0x0D, 0x08, 0x06,
    0x02, 0x0D, 0x03, 0x06, 0x04, 0x0D, 0x02, 0x0A, 0x01, 0x08, 0x03, 0x0B, 0x01, 0x0C, 0x01, 0x09,
    0x03, 0x08, 0x02, 0x0A, 0x03, 0x0D, 0x03, 0x06, 0x05, 0x05, 0x02, 0x04, 0x02, 0x03, 0x02, 0x02,
    0x04, 0x01, 0x0A, 0x00, 0x02, 0x01, 0x02, 0x02, 0x01, 0x03, 0x02, 0x04, 0x03, 0x05, 0x01, 0x06,
    0x01, 0x07, 0x01, 0x0D, 0x01, 0x0A, 0x01, 0x08, 0x01, 0x09, 0x02, 0x0C, 0x01, 0x09, 0x01, 0x08,
    0x01, 0x0A, 0x01, 0x09, 0x01, 0x0C, 0x01, 0x0B, 0x01, 0x0C, 0x01, 0x0B, 0x01, 0x08, 0x03, 0x0A,
    0x02, 0x0D, 0x02, 0x06, 0x01, 0x0D, 0x08, 0x06, 0x02, 0x0D, 0x04, 0x06, 0x03, 0x0D, 0x02, 0x0A,
    0x01, 0x08, 0x01, 0x0B, 0x02, 0x0C, 0x01, 0x09, 0x01, 0x0A, 0x01, 0x09, 0x02, 0x0B, 0x01, 0x08,
    0x02, 0x0A, 0x02, 0x0D, 0x03, 0x06, 0x05, 0x05, 0x03, 0x04, 0x01, 0x03, 0x03, 0x02, 0x04, 0x01,
    0x09, 0x00, 0x02, 0x01, 0x01, 0x02, 0x01, 0x03, 0x02, 0x04, 0x03, 0x05, 0x01, 0x06, 0x01, 0x07,
    0x01, 0x06, 0x02, 0x0A, 0x01, 0x08, 0x02, 0x0B, 0x01, 0x0C, 0x01, 0x0B, 0x01, 0x0A, 0x01, 0x09,
    0x01, 0x0C, 0x02, 0x0B, 0x01, 0x0C, 0x01, 0x09, 0x01, 0x0A, 0x01, 0x07, 0x03, 0x0D, 0x04, 0x06,
    0x01, 0x0D, 0x06, 0x06, 0x02, 0x0D, 0x05, 0x06, 0x03, 0x0D, 0x02, 0x0A, 0x01, 0x08, 0x01, 0x0C,
    0x01, 0x0B, 0x02, 0x08, 0x01, 0x09, 0x02, 0x0C, 0x01, 0x0B, 0x01, 0x08, 0x02, 0x0A, 0x03, 0x0D,
    0x02, 0x06, 0x03, 0x05, 0x01, 0x06, 0x02, 0x05, 0x02, 0x04, 0x02, 0x03, 0x03, 0x02, 0x03, 0x01,
    0x08, 0x00, 0x03, 0x01, 0x01, 0x02, 0x01, 0x03, 0x03, 0x04, 0x02, 0x05, 0x01, 0x06, 0x01, 0x0D,
    0x01, 0x07, 0x01, 0x0A, 0x01, 0x08, 0x01, 0x09, 0x01, 0x0C, 0x01, 0x0B, 0x01, 0x0C, 0x01, 0x09,
    0x01, 0x08, 0x01, 0x09, 0x03, 0x0C, 0x01, 0x09, 0x01, 0x08, 0x02, 0x0A, 0x03, 0x0D, 0x04, 0x06,
    0x01, 0x0D, 0x06, 0x06, 0x01, 0x0D, 0x06, 0x06, 0x03, 0x0D, 0x02, 0x0A, 0x01, 0x08, 0x01, 0x09,
    0x02, 0x08, 0x01, 0x09, 0x01, 0x0C, 0x03, 0x0B, 0x01, 0x08, 0x02, 0x0A, 0x03, 0x0D, 0x02, 0x06,
    0x06, 0x05, 0x01, 0x04, 0x01, 0x05, 0x01, 0x04, 0x01, 0x03, 0x04, 0x02, 0x03, 0x01, 0x07, 0x00,
    0x03, 0x01, 0x01, 0x02, 0x01, 0x03, 0x04, 0x05, 0x02, 0x06, 0x01, 0x07, 0x01, 0x0A, 0x01, 0x08,
    0x01, 0x09, 0x01, 0x0C, 0x01, 0x0B, 0x01, 0x0C, 0x01, 0x09, 0x01, 0x0A, 0x05, 0x09, 0x01, 0x08,
    0x01, 0x0A, 0x01, 0x0D, 0x01, 0x07, 0x02, 0x0D, 0x06, 0x06, 0x04, 0x0D, 0x01, 0x06, 0x02, 0x0D,
    0x05, 0x06, 0x04, 0x0D, 0x03, 0x0A, 0x02, 0x08, 0x01, 0x09, 0x03, 0x0B, 0x01, 0x0C, 0x01, 0x0B,
    0x01, 0x08, 0x02, 0x0A, 0x03, 0x0D, 0x05, 0x06, 0x06, 0x05, 0x02, 0x03, 0x03, 0x02, 0x04, 0x01,
    0x06, 0x00, 0x03, 0x01, 0x01, 0x02, 0x01, 0x03, 0x04, 0x05, 0x01, 0x06, 0x02, 0x07, 0x01, 0x0A,
    0x01, 0x08, 0x01, 0x0B, 0x01, 0x0C, 0x01, 0x0B, 0x01, 0x0C, 0x02, 0x08, 0x01, 0x0B, 0x01, 0x09,
    0x02, 0x0B, 0x01, 0x08, 0x02, 0x0A, 0x03, 0x0D, 0x0C, 0x06, 0x02, 0x0D, 0x05, 0x06, 0x04, 0x0D,
    0x02, 0x0A, 0x01, 0x08, 0x01, 0x0B, 0x01, 0x0C, 0x02, 0x09, 0x01, 0x0C, 0x01, 0x0B, 0x01, 0x0C,
    0x01, 0x0B, 0x01, 0x08, 0x02, 0x0A, 0x03, 0x0D, 0x04, 0x06, 0x07, 0x05, 0x01, 0x04, 0x02, 0x03,
    0x03, 0x02, 0x03, 0x01, 0x06, 0x00, 0x02, 0x01, 0x02, 0x02, 0x01, 0x03, 0x04, 0x05, 0x02, 0x07,
    0x02, 0x0A, 0x01, 0x09, 0x01, 0x0C, 0x01, 0x0B, 0x01, 0x0C, 0x01, 0x09, 0x01, 0x0A, 0x03, 0x09,
    0x01, 0x0C, 0x01, 0x09, 0x02, 0x0A, 0x01, 0x07, 0x04, 0x0D, 0x05, 0x06, 0x01, 0x0D, 0x06, 0x06,
    0x02, 0x0D, 0x04, 0x06, 0x04, 0x0D, 0x02, 0x0A, 0x01, 0x08, 0x01, 0x0B, 0x02, 0x0C, 0x01, 0x09,
    0x01, 0x0B, 0x01, 0x0C, 0x02, 0x0B, 0x01, 0x08, 0x02, 0x0A, 0x03, 0x0D, 0x03, 0x06, 0x02, 0x05,
    0x01, 0x06, 0x03, 0x05, 0x01, 0x06, 0x01, 0x05, 0x02, 0x04, 0x02, 0x03, 0x02, 0x02, 0x04, 0x01,
    0x05, 0x00, 0x02, 0x01, 0x02, 0x02, 0x01, 0x03, 0x03, 0x05, 0x01, 0x06, 0x02, 0x07, 0x02, 0x08,
    0x01, 0x0B, 0x01, 0x0C, 0x01, 0x0B, 0x01, 0x0C, 0x02, 0x08, 0x01, 0x0B, 0x01, 0x09, 0x01, 0x0C,
    0x01, 0x0B, 0x01, 0x08, 0x02, 0x0A, 0x01, 0x07, 0x05, 0x0D, 0x04, 0x06, 0x01, 0x0D, 0x06, 0x06,
    0x03, 0x0D, 0x03, 0x06, 0x04, 0x0D, 0x02, 0x0A, 0x01, 0x08, 0x02, 0x0B, 0x01, 0x0C, 0x02, 0x09,
    0x02, 0x0C, 0x01, 0x0B, 0x01, 0x08, 0x02, 0x0A, 0x03, 0x0D, 0x04, 0x06, 0x01, 0x05, 0x01, 0x06,
    0x03, 0x05, 0x01, 0x06, 0x01, 0x05, 0x03, 0x04, 0x01, 0x03, 0x03, 0x02, 0x03, 0x01, 0x05, 0x00,
    0x02, 0x01, 0x02, 0x02, 0x01, 0x04, 0x03, 0x05, 0x02, 0x07, 0x01, 0x0A, 0x01, 0x08, 0x02, 0x09,
    0x02, 0x0C, 0x01, 0x0B, 0x01, 0x08, 0x03, 0x09, 0x01, 0x0C, 0x01, 0x08, 0x03, 0x0A, 0x0A, 0x0D,
    0x08, 0x06, 0x09, 0x0D, 0x02, 0x0A, 0x01, 0x08, 0x01, 0x0B, 0x01, 0x0C, 0x01, 0x0B, 0x01, 0x0C,
    0x02, 0x09, 0x02, 0x0B, 0x01, 0x08, 0x02, 0x0A, 0x03, 0x0D, 0x07, 0x06, 0x01, 0x05, 0x02, 0x06,
    0x01, 0x05, 0x01, 0x04, 0x01, 0x05, 0x01, 0x04, 0x02, 0x03, 0x02, 0x02, 0x03, 0x01, 0x05, 0x00,
    0x02, 0x01, 0x02, 0x02, 0x01, 0x04, 0x02, 0x05, 0x01, 0x06, 0x01, 0x07, 0x01, 0x0A, 0x01, 0x08,
    0x01, 0x09, 0x01, 0x0C, 0x03, 0x09, 0x02, 0x08, 0x02, 0x09, 0x01, 0x0C, 0x01, 0x09, 0x01, 0x08,
    0x02, 0x0A, 0x0C, 0x0D, 0x07, 0x06, 0x09, 0x0D, 0x02, 0x0A, 0x01, 0x08, 0x01, 0x0B, 0x01, 0x0C,
    0x01, 0x0B, 0x01, 0x0C, 0x04, 0x09, 0x01, 0x08, 0x01, 0x0A, 0x05, 0x0D, 0x09, 0x06, 0x03, 0x05,
    0x01, 0x04, 0x03, 0x03, 0x01, 0x02, 0x04, 0x01, 0x04, 0x00, 0x02, 0x01, 0x02, 0x02, 0x01, 0x04,
    0x02, 0x05, 0x02, 0x07, 0x01, 0x0A, 0x01, 0x08, 0x01, 0x0C, 0x01, 0x0B, 0x01, 0x09, 0x02, 0x0B,
    0x01, 0x08, 0x01, 0x09, 0x01, 0x0B, 0x02, 0x09, 0x01, 0x08, 0x03, 0x0A, 0x01, 0x07, 0x1A, 0x0D,
    0x03, 0x0A, 0x01, 0x08, 0x01, 0x0B, 0x02, 0x0C, 0x01, 0x0B, 0x01, 0x09, 0x01, 0x0B, 0x01, 0x0C,
    0x01, 0x0B, 0x01, 0x08, 0x02, 0x0A, 0x05, 0x0D, 0x07, 0x06, 0x01, 0x07, 0x03, 0x05, 0x02, 0x04,
    0x02, 0x03, 0x02, 0x02, 0x03, 0x01, 0x04, 0x00, 0x02, 0x01, 0x02, 0x02, 0x01, 0x04, 0x02, 0x05,
    0x02, 0x07, 0x01, 0x08, 0x01, 0x09, 0x01, 0x0C, 0x02, 0x09, 0x01, 0x0C, 0x01, 0x0B, 0x01, 0x08,
    0x01, 0x0B, 0x01, 0x0C, 0x01, 0x0B, 0x02, 0x08, 0x03, 0x0A, 0x01, 0x07, 0x1A, 0x0D, 0x03, 0x0A,
    0x01, 0x08, 0x02, 0x0B, 0x01, 0x0C, 0x02, 0x09, 0x01, 0x0C, 0x02, 0x0B, 0x01, 0x08, 0x03, 0x0A,
    0x05, 0x0D, 0x06, 0x06, 0x01, 0x07, 0x05, 0x05, 0x01, 0x04, 0x01, 0x03, 0x02, 0x02, 0x03, 0x01,
    0x04, 0x00, 0x02, 0x01, 0x02, 0x02, 0x01, 0x04, 0x01, 0x05, 0x01, 0x06, 0x01, 0x07, 0x01, 0x0A,
    0x01, 0x08, 0x01, 0x0C, 0x01, 0x0B, 0x01, 0x09, 0x01, 0x0B, 0x01, 0x0C, 0x01, 0x09, 0x01, 0x08,
    0x02, 0x0C, 0x01, 0x0B, 0x02, 0x0A, 0x01, 0x08, 0x02, 0x0A, 0x02, 0x07, 0x04, 0x0D, 0x01, 0x07,
    0x01, 0x0D, 0x02, 0x07, 0x0E, 0x0D, 0x06, 0x0A, 0x01, 0x08, 0x01, 0x0B, 0x01, 0x0C, 0x01, 0x0B,
    0x01, 0x09, 0x01, 0x0C, 0x01, 0x0B, 0x01, 0x0C, 0x01, 0x0B, 0x01, 0x08, 0x03, 0x0A, 0x01, 0x0D,
    0x01, 0x0A, 0x04, 0x0D, 0x01, 0x07, 0x01, 0x0D, 0x05, 0x07, 0x05, 0x05, 0x01, 0x03, 0x02, 0x02,
    0x03, 0x01, 0x04, 0x00, 0x02, 0x01, 0x02, 0x02, 0x01, 0x03, 0x01, 0x05, 0x02, 0x07, 0x01, 0x0A,
    0x01, 0x09, 0x01, 0x0C, 0x01, 0x09, 0x01, 0x0B, 0x02, 0x0C, 0x02, 0x08, 0x01, 0x0C, 0x01, 0x0B,
    0x01, 0x09, 0x01, 0x08, 0x06, 0x0A, 0x01, 0x07, 0x02, 0x0A, 0x01, 0x07, 0x06, 0x0A, 0x01, 0x0D,
    0x01, 0x0A, 0x01, 0x0D, 0x02, 0x0A, 0x01, 0x0D, 0x0C, 0x0A, 0x01, 0x08, 0x01, 0x09, 0x01, 0x0B,
    0x01, 0x09, 0x01, 0x0B, 0x01, 0x0C, 0x03, 0x0B, 0x01, 0x08, 0x07, 0x0A, 0x01, 0x07, 0x02, 0x0D,
    0x09, 0x07, 0x02, 0x05, 0x01, 0x04, 0x01, 0x03, 0x01, 0x02, 0x04, 0x01, 0x03, 0x00, 0x02, 0x01,
    0x02, 0x02, 0x01, 0x04, 0x01, 0x05, 0x01, 0x06, 0x01, 0x07, 0x01, 0x0A, 0x03, 0x09, 0x01, 0x0B,
    0x01, 0x0C, 0x01, 0x0B, 0x01, 0x08, 0x01, 0x09, 0x01, 0x0C, 0x01, 0x09, 0x02, 0x08, 0x10, 0x0A,
    0x01, 0x0D, 0x11, 0x0A, 0x01, 0x08, 0x03, 0x09, 0x01, 0x0B, 0x01, 0x0C, 0x01, 0x0B, 0x01, 0x0C,
    0x01, 0x0B, 0x01, 0x08, 0x09, 0x0A, 0x01, 0x0D, 0x04, 0x0A, 0x01, 0x08, 0x01, 0x0A, 0x04, 0x07,
    0x02, 0x05, 0x01, 0x03, 0x02, 0x02, 0x03, 0x01, 0x03, 0x00, 0x02, 0x01, 0x02, 0x02, 0x01, 0x03,
    0x01, 0x05, 0x02, 0x07, 0x01, 0x08, 0x01, 0x0B, 0x01, 0x0C, 0x02, 0x09, 0x01, 0x0C, 0x01, 0x0B,
    0x01, 0x08, 0x01, 0x0B, 0x01, 0x0C, 0x01, 0x09, 0x24, 0x08, 0x01, 0x09, 0x02, 0x0C, 0x01, 0x0B,
    0x01, 0x09, 0x01, 0x0C, 0x01, 0x0B, 0x01, 0x0C, 0x01, 0x0B, 0x01, 0x09, 0x0C, 0x08, 0x01, 0x09,
    0x06, 0x08, 0x02, 0x07, 0x01, 0x05, 0x01, 0x03, 0x02, 0x02, 0x03, 0x01, 0x03, 0x00, 0x02, 0x01,
    0x02, 0x02, 0x01, 0x03, 0x01, 0x05, 0x02, 0x07, 0x01, 0x08, 0x01, 0x0B, 0x01, 0x0C, 0x01, 0x0B,
    0x01, 0x09, 0x01, 0x0C, 0x01, 0x09, 0x01, 0x08, 0x01, 0x0B, 0x01, 0x0C, 0x01, 0x09, 0x01, 0x08,
    0x01, 0x09, 0x01, 0x0B, 0x01, 0x0C, 0x03, 0x0B, 0x01, 0x0C, 0x01, 0x0B, 0x01, 0x09, 0x02, 0x0C,
    0x01, 0x0B, 0x01, 0x09, 0x02, 0x08, 0x02, 0x09, 0x04, 0x0C, 0x01, 0x0B, 0x01, 0x0C, 0x02, 0x09,
    0x01, 0x0C, 0x04, 0x0B, 0x01, 0x0C, 0x02, 0x09, 0x01, 0x0C, 0x01, 0x0B, 0x01, 0x0C, 0x02, 0x0B,
    0x01, 0x0C, 0x02, 0x09, 0x01, 0x0C, 0x05, 0x0B, 0x01, 0x09, 0x05, 0x0B, 0x01, 0x0C, 0x01, 0x0B,
    0x01, 0x08, 0x01, 0x09, 0x01, 0x0C, 0x02, 0x08, 0x01, 0x0B, 0x04, 0x09, 0x01, 0x07, 0x01, 0x05,
    0x01, 0x03, 0x02, 0x02, 0x03, 0x01, 0x03, 0x00, 0x02, 0x01, 0x02, 0x02, 0x01, 0x03, 0x01, 0x05,
    0x02, 0x07, 0x01, 0x08, 0x01, 0x0B, 0x02, 0x0C, 0x03, 0x09, 0x01, 0x08, 0x02, 0x0C, 0x02, 0x08,
    0x01, 0x09, 0x01, 0x0C, 0x05, 0x0B, 0x01, 0x0C, 0x02, 0x09, 0x01, 0x0B, 0x02, 0x08, 0x01, 0x09,
    0x01, 0x0B, 0x01, 0x09, 0x01, 0x0B, 0x01, 0x0C, 0x04, 0x0B, 0x01, 0x0C, 0x01, 0x0B, 0x01, 0x09,
    0x01, 0x0B, 0x04, 0x0C, 0x01, 0x0B, 0x01, 0x09, 0x06, 0x0B, 0x01, 0x0C, 0x01, 0x0B, 0x01, 0x09,
    0x05, 0x0C, 0x02, 0x09, 0x01, 0x0C, 0x01, 0x0B, 0x01, 0x0C, 0x03, 0x0B, 0x01, 0x0C, 0x01, 0x08,
    0x01, 0x09, 0x01, 0x0C, 0x01, 0x09, 0x01, 0x08, 0x01, 0x0B, 0x04, 0x09, 0x01, 0x08, 0x01, 0x07,
    0x01, 0x03, 0x02, 0x02, 0x03, 0x01, 0x03, 0x00, 0x02, 0x01, 0x02, 0x02, 0x01, 0x03, 0x01, 0x05,
    0x02, 0x07, 0x01, 0x08, 0x01, 0x09, 0x01, 0x0C, 0x02, 0x0B, 0x01, 0x09, 0x02, 0x08, 0x02, 0x0B,
    0x02, 0x08, 0x01, 0x0C, 0x06, 0x0B, 0x01, 0x0C, 0x01, 0x0B, 0x03, 0x08, 0x01, 0x09, 0x01, 0x0B,
    0x02, 0x09, 0x01, 0x0C, 0x06, 0x0B, 0x01, 0x0C, 0x08, 0x09, 0x01, 0x0C, 0x06, 0x0B, 0x01, 0x0C,
    0x07, 0x09, 0x01, 0x0B, 0x01, 0x0C, 0x05, 0x0B, 0x01, 0x0C, 0x01, 0x09, 0x01, 0x08, 0x01, 0x0B,
    0x02, 0x08, 0x05, 0x09, 0x01, 0x08, 0x01, 0x07, 0x01, 0x03, 0x02, 0x02, 0x03, 0x01, 0x03, 0x00,
    0x02, 0x01, 0x02, 0x02, 0x01, 0x03, 0x02, 0x05, 0x02, 0x07, 0x01, 0x09, 0x01, 0x0C, 0x01, 0x0B,
    0x01, 0x0C, 0x01, 0x09, 0x02, 0x08, 0x02, 0x09, 0x01, 0x0A, 0x01, 0x09, 0x01, 0x0C, 0x05, 0x0B,
    0x01, 0x0C, 0x01, 0x0B, 0x01, 0x09, 0x01, 0x0A, 0x01, 0x09, 0x01, 0x0B, 0x04, 0x09, 0x01, 0x0C,
    0x06, 0x0B, 0x01, 0x0C, 0x02, 0x09, 0x04, 0x0B, 0x02, 0x09, 0x01, 0x0C, 0x07, 0x0B, 0x02, 0x09,
    0x04, 0x0B, 0x02, 0x09, 0x01, 0x0C, 0x05, 0x0B, 0x01, 0x0C, 0x01, 0x09, 0x01, 0x08, 0x01, 0x0B,
    0x01, 0x09, 0x01, 0x08, 0x05, 0x09, 0x01, 0x08, 0x01, 0x07, 0x01, 0x03, 0x02, 0x02, 0x03, 0x01,
    0x03, 0x00, 0x03, 0x01, 0x01, 0x02, 0x01, 0x03, 0x02, 0x05, 0x02, 0x07, 0x01, 0x08, 0x01, 0x0B,
    0x01, 0x0C, 0x01, 0x0B, 0x01, 0x09, 0x01, 0x08, 0x01, 0x09, 0x01, 0x0C, 0x01, 0x09, 0x01, 0x08,
    0x02, 0x09, 0x01, 0x0C, 0x03, 0x0B, 0x01, 0x0C, 0x01, 0x0B, 0x01, 0x08, 0x01, 0x0A, 0x01, 0x09,
    0x05, 0x0C, 0x01, 0x09, 0x01, 0x0B, 0x01, 0x0C, 0x06, 0x0B, 0x01, 0x09, 0x01, 0x0B, 0x04, 0x0C,
    0x01, 0x0B, 0x01, 0x09, 0x01, 0x0B, 0x01, 0x0C, 0x04, 0x0B, 0x01, 0x0C, 0x02, 0x09, 0x05, 0x0C,
    0x01, 0x0B, 0x01, 0x09, 0x06, 0x0B, 0x01, 0x0C, 0x01, 0x09, 0x01, 0x0A, 0x01, 0x0B, 0x01, 0x09,
    0x01, 0x08, 0x05, 0x09, 0x01, 0x08, 0x01, 0x07, 0x01, 0x03, 0x02, 0x02, 0x03, 0x01, 0x03, 0x00,
    0x03, 0x01, 0x02, 0x02, 0x01, 0x03, 0x02, 0x05, 0x02, 0x07, 0x01, 0x09, 0x01, 0x0C, 0x01, 0x09,
    0x01, 0x0B, 0x02, 0x08, 0x01, 0x0C, 0x01, 0x09, 0x01, 0x08, 0x01, 0x0C, 0x01, 0x09, 0x01, 0x0B,
    0x03, 0x0C, 0x01, 0x0B, 0x02, 0x08, 0x01, 0x09, 0x06, 0x0C, 0x01, 0x0B, 0x01, 0x09, 0x06, 0x0C,
    0x02, 0x09, 0x06, 0x0C, 0x02, 0x09, 0x05, 0x0C, 0x01, 0x0B, 0x01, 0x09, 0x04, 0x0B, 0x03, 0x0C,
    0x02, 0x09, 0x05, 0x0C, 0x01, 0x0B, 0x01, 0x09, 0x01, 0x0A, 0x01, 0x0B, 0x01, 0x09, 0x01, 0x0A,
    0x05, 0x09, 0x01, 0x08, 0x01, 0x05, 0x01, 0x03, 0x02, 0x02, 0x03, 0x01, 0x03, 0x00, 0x03, 0x01,
    0x02, 0x02, 0x01, 0x03, 0x02, 0x05, 0x02, 0x07, 0x01, 0x08, 0x02, 0x09, 0x01, 0x0B, 0x02, 0x08,
    0x01, 0x0B, 0x02, 0x08, 0x01, 0x0B, 0x02, 0x09, 0x02, 0x0B, 0x01, 0x09, 0x02, 0x08, 0x02, 0x09,
    0x07, 0x0B, 0x02, 0x09, 0x04, 0x0B, 0x02, 0x09, 0x07, 0x0B, 0x03, 0x09, 0x03, 0x0B, 0x01, 0x0C,
    0x02, 0x09, 0x01, 0x0C, 0x06, 0x0B, 0x02, 0x09, 0x05, 0x0B, 0x02, 0x09, 0x01, 0x08, 0x02, 0x09,
    0x01, 0x08, 0x04, 0x09, 0x01, 0x08, 0x01, 0x07, 0x01, 0x05, 0x01, 0x03, 0x02, 0x02, 0x03, 0x01,
    0x04, 0x00, 0x02, 0x01, 0x02, 0x02, 0x01, 0x03, 0x03, 0x05, 0x03, 0x07, 0x09, 0x08, 0x01, 0x0A,
    0x02, 0x08, 0x03, 0x0A, 0x0A, 0x08, 0x07, 0x0A, 0x08, 0x08, 0x02, 0x0A, 0x02, 0x08, 0x03, 0x09,
    0x01, 0x0B, 0x01, 0x0C, 0x01, 0x0B, 0x01, 0x0C, 0x01, 0x0B, 0x04, 0x08, 0x02, 0x0A, 0x01, 0x08,
    0x04, 0x0A, 0x09, 0x08, 0x01, 0x07, 0x02, 0x05, 0x01, 0x03, 0x02, 0x02, 0x03, 0x01, 0x04, 0x00,
    0x02, 0x01, 0x02, 0x02, 0x01, 0x03, 0x02, 0x04, 0x02, 0x05, 0x06, 0x07, 0x01, 0x0A, 0x02, 0x07,
    0x02, 0x0A, 0x01, 0x0D, 0x04, 0x0A, 0x02, 0x07, 0x1B, 0x0A, 0x01, 0x08, 0x01, 0x0B, 0x01, 0x0C,
    0x02, 0x09, 0x01, 0x0C, 0x01, 0x0B, 0x01, 0x0C, 0x01, 0x0B, 0x01, 0x08, 0x09, 0x0A, 0x01, 0x07,
    0x04, 0x0A, 0x05, 0x07, 0x01, 0x06, 0x01, 0x05, 0x01, 0x04, 0x01, 0x03, 0x02, 0x02, 0x03, 0x01,
    0x04, 0x00, 0x03, 0x01, 0x02, 0x02, 0x03, 0x03, 0x04, 0x05, 0x17, 0x07, 0x01, 0x0D, 0x01, 0x07,
    0x02, 0x0A, 0x01, 0x0D, 0x02, 0x0A, 0x01, 0x0D, 0x0B, 0x0A, 0x01, 0x08, 0x01, 0x0B, 0x01, 0x0C,
    0x01, 0x0B, 0x01, 0x09, 0x01, 0x0B, 0x01, 0x0C, 0x02, 0x0B, 0x01, 0x08, 0x07, 0x0A, 0x03, 0x07,
    0x01, 0x0D, 0x07, 0x07, 0x01, 0x06, 0x02, 0x05, 0x01, 0x03, 0x03, 0x02, 0x02, 0x01, 0x05, 0x00,
    0x03, 0x01, 0x02, 0x02, 0x04, 0x03, 0x01, 0x04, 0x05, 0x05, 0x01, 0x06, 0x01, 0x05, 0x02, 0x07,
    0x02, 0x06, 0x03, 0x07, 0x02, 0x06, 0x01, 0x07, 0x01, 0x06, 0x05, 0x07, 0x10, 0x0D, 0x05, 0x0A,
    0x01, 0x08, 0x02, 0x0B, 0x01, 0x0C, 0x02, 0x09, 0x02, 0x0C, 0x01, 0x0B, 0x01, 0x08, 0x04, 0x0A,
    0x03, 0x0D, 0x01, 0x07, 0x01, 0x0D, 0x01, 0x06, 0x01, 0x0D, 0x01, 0x06, 0x02, 0x07, 0x02, 0x06,
    0x04, 0x05, 0x01, 0x04, 0x01, 0x03, 0x02, 0x02, 0x03, 0x01, 0x05, 0x00, 0x03, 0x01, 0x03, 0x02,
    0x03, 0x03, 0x02, 0x04, 0x07, 0x05, 0x01, 0x06, 0x03, 0x05, 0x11, 0x06, 0x02, 0x0D, 0x01, 0x06,
    0x09, 0x0D, 0x03, 0x0A, 0x01, 0x08, 0x01, 0x0B, 0x01, 0x0C, 0x01, 0x0B, 0x01, 0x0C, 0x02, 0x09,
    0x02, 0x0B, 0x01, 0x08, 0x03, 0x0A, 0x05, 0x0D, 0x07, 0x06, 0x04, 0x05, 0x01, 0x04, 0x02, 0x03,
    0x02, 0x02, 0x03, 0x01, 0x05, 0x00, 0x04, 0x01, 0x03, 0x02, 0x05, 0x03, 0x06, 0x05, 0x01, 0x06,
    0x08, 0x05, 0x10, 0x06, 0x09, 0x0D, 0x02, 0x0A, 0x01, 0x08, 0x01, 0x0B, 0x01, 0x0C, 0x01, 0x0B,
    0x01, 0x0C, 0x04, 0x09, 0x02, 0x0A, 0x05, 0x0D, 0x07, 0x06, 0x05, 0x05, 0x01, 0x04, 0x03, 0x03,
    0x02, 0x02, 0x03, 0x01, 0x06, 0x00, 0x03, 0x01, 0x04, 0x02, 0x04, 0x03, 0x05, 0x04, 0x10, 0x05,
    0x0A, 0x06, 0x02, 0x0D, 0x01, 0x06, 0x06, 0x0D, 0x02, 0x0A, 0x01, 0x08, 0x02, 0x0B, 0x01, 0x0C,
    0x01, 0x0B, 0x01, 0x09, 0x01, 0x0B, 0x01, 0x0C, 0x01, 0x0B, 0x01, 0x08, 0x02, 0x0A, 0x03, 0x0D,
    0x07, 0x06, 0x04, 0x05, 0x01, 0x04, 0x01, 0x05, 0x01, 0x04, 0x02, 0x03, 0x02, 0x02, 0x04, 0x01,
    0x06, 0x00, 0x04, 0x01, 0x04, 0x02, 0x02, 0x03, 0x01, 0x04, 0x03, 0x03, 0x03, 0x04, 0x02, 0x05,
    0x04, 0x04, 0x0B, 0x05, 0x01, 0x06, 0x02, 0x05, 0x0A, 0x06, 0x04, 0x0D, 0x02, 0x0A, 0x01, 0x08,
    0x02, 0x0B, 0x01, 0x0C, 0x02, 0x09, 0x01, 0x0C, 0x02, 0x0B, 0x01, 0x08, 0x02, 0x0A, 0x03, 0x0D,
    0x06, 0x06, 0x04, 0x05, 0x04, 0x04, 0x02, 0x03, 0x02, 0x02, 0x03, 0x01, 0x08, 0x00, 0x03, 0x01,
    0x05, 0x02, 0x06, 0x03, 0x03, 0x04, 0x01, 0x05, 0x01, 0x04, 0x01, 0x03, 0x03, 0x04, 0x03, 0x05,
    0x01, 0x04, 0x0A, 0x05, 0x01, 0x06, 0x01, 0x05, 0x07, 0x06, 0x04, 0x0D, 0x02, 0x0A, 0x01, 0x08,
    0x01, 0x0B, 0x01, 0x0C, 0x01, 0x0B, 0x01, 0x09, 0x01, 0x0C, 0x01, 0x0B, 0x01, 0x0C, 0x01, 0x0B,
    0x01, 0x08, 0x02, 0x0A, 0x02, 0x0D, 0x03, 0x06, 0x01, 0x05, 0x03, 0x06, 0x04, 0x05, 0x03, 0x04,
    0x02, 0x03, 0x03, 0x02, 0x03, 0x01, 0x08, 0x00, 0x04, 0x01, 0x05, 0x02, 0x08, 0x03, 0x02, 0x05,
    0x09, 0x04, 0x09, 0x05, 0x01, 0x06, 0x01, 0x05, 0x08, 0x06, 0x03, 0x0D, 0x02, 0x0A, 0x01, 0x08,
    0x03, 0x09, 0x01, 0x0B, 0x01, 0x0C, 0x01, 0x0B, 0x01, 0x0C, 0x01, 0x0B, 0x01, 0x08, 0x02, 0x0A,
    0x03, 0x0D, 0x05, 0x06, 0x05, 0x05, 0x02, 0x04, 0x02, 0x03, 0x03, 0x02, 0x03, 0x01, 0x0A, 0x00,
    0x04, 0x01, 0x09, 0x02, 0x03, 0x03, 0x04, 0x04, 0x01, 0x03, 0x0A, 0x04, 0x08, 0x05, 0x07, 0x06,
    0x03, 0x0D, 0x02, 0x0A, 0x01, 0x08, 0x03, 0x09, 0x01, 0x0B, 0x01, 0x0C, 0x01, 0x0B, 0x01, 0x0C,
    0x01, 0x0B, 0x01, 0x08, 0x02, 0x0A, 0x02, 0x0D, 0x06, 0x06, 0x04, 0x05, 0x03, 0x04, 0x01, 0x03,
    0x03, 0x02, 0x04, 0x01, 0x0B, 0x00, 0x05, 0x01, 0x09, 0x02, 0x07, 0x03, 0x0A, 0x04, 0x07, 0x05,
    0x07, 0x06, 0x03, 0x0D, 0x02, 0x0A, 0x01, 0x08, 0x01, 0x0B, 0x01, 0x0C, 0x01, 0x0B, 0x01, 0x09,
    0x01, 0x0C, 0x01, 0x0B, 0x01, 0x0C, 0x01, 0x0B, 0x01, 0x08, 0x02, 0x0A, 0x02, 0x0D, 0x02, 0x06,
    0x01, 0x05, 0x03, 0x06, 0x03, 0x05, 0x03, 0x04, 0x01, 0x03, 0x04, 0x02, 0x03, 0x01, 0x0D, 0x00,
    0x06, 0x01, 0x0D, 0x02, 0x09, 0x03, 0x04, 0x04, 0x06, 0x05, 0x02, 0x06, 0x01, 0x05, 0x03, 0x06,
    0x03, 0x0D, 0x02, 0x0A, 0x01, 0x08, 0x02, 0x0B, 0x01, 0x0C, 0x02, 0x09, 0x01, 0x0C, 0x02, 0x0B,
    0x01, 0x08, 0x02, 0x0A, 0x01, 0x0D, 0x03, 0x06, 0x01, 0x05, 0x02, 0x06, 0x04, 0x05, 0x02, 0x04,
    0x02, 0x03, 0x03, 0x02, 0x04, 0x01, 0x0E, 0x00, 0x09, 0x01, 0x12, 0x02, 0x04, 0x03, 0x02, 0x04,
    0x04, 0x05, 0x01, 0x06, 0x04, 0x05, 0x02, 0x06, 0x02, 0x0D, 0x02, 0x0A, 0x01, 0x08, 0x02, 0x0B,
    0x01, 0x0C, 0x01, 0x0B, 0x01, 0x09, 0x01, 0x0B, 0x01, 0x0C, 0x01, 0x0B, 0x01, 0x08, 0x01, 0x0A,
    0x01, 0x07, 0x01, 0x0D, 0x05, 0x06, 0x05, 0x05, 0x02, 0x04, 0x01, 0x03, 0x03, 0x02, 0x04, 0x01,
    0x11, 0x00, 0x09, 0x01, 0x01, 0x02, 0x02, 0x01, 0x10, 0x02, 0x02, 0x03, 0x02, 0x04, 0x05, 0x05,
    0x05, 0x06, 0x02, 0x0D, 0x02, 0x0A, 0x01, 0x08, 0x01, 0x0B, 0x01, 0x0C, 0x01, 0x0B, 0x01, 0x0C,
    0x04, 0x09, 0x01, 0x08, 0x01, 0x0A, 0x02, 0x0D, 0x05, 0x06, 0x05, 0x05, 0x01, 0x04, 0x01, 0x03,
    0x03, 0x02, 0x04, 0x01, 0x14, 0x00, 0x14, 0x01, 0x08, 0x02, 0x01, 0x03, 0x03, 0x04, 0x05, 0x05,
    0x03, 0x06, 0x02, 0x0D, 0x02, 0x0A, 0x01, 0x08, 0x01, 0x0B, 0x01, 0x0C, 0x01, 0x0B, 0x01, 0x0C,
    0x02, 0x09, 0x02, 0x0B, 0x01, 0x08, 0x01, 0x0A, 0x02, 0x0D, 0x04, 0x06, 0x05, 0x05, 0x01, 0x04,
    0x02, 0x03, 0x03, 0x02, 0x04, 0x01, 0x17, 0x00, 0x15, 0x01, 0x05, 0x02, 0x01, 0x03, 0x02, 0x04,
    0x07, 0x05, 0x01, 0x06, 0x02, 0x0D, 0x01, 0x07, 0x01, 0x0A, 0x01, 0x08, 0x02, 0x0B, 0x01, 0x0C,
    0x02, 0x09, 0x02, 0x0C, 0x01, 0x0B, 0x01, 0x08, 0x01, 0x0A, 0x02, 0x07, 0x04, 0x06, 0x04, 0x05,
    0x01, 0x04, 0x02, 0x03, 0x03, 0x02, 0x04, 0x01, 0x1D, 0x00, 0x01, 0x01, 0x01, 0x00, 0x02, 0x01,
    0x01, 0x00, 0x0D, 0x01, 0x04, 0x02, 0x01, 0x03, 0x01, 0x04, 0x07, 0x05, 0x01, 0x06, 0x02, 0x0D,
    0x01, 0x07, 0x01, 0x0A, 0x01, 0x08, 0x01, 0x0B, 0x01, 0x0C, 0x01, 0x0B, 0x01, 0x09, 0x01, 0x0B,
    0x01, 0x0C, 0x02, 0x0B, 0x01, 0x08, 0x01, 0x0A, 0x02, 0x07, 0x03, 0x06, 0x02, 0x05, 0x01, 0x04,
    0x02, 0x05, 0x01, 0x04, 0x02, 0x03, 0x02, 0x02, 0x04, 0x01, 0x29, 0x00, 0x08, 0x01, 0x03, 0x02,
    0x02, 0x03, 0x01, 0x04, 0x06, 0x05, 0x02, 0x06, 0x01, 0x0D, 0x01, 0x07, 0x01, 0x0A, 0x01, 0x08,
    0x01, 0x0B, 0x01, 0x0C, 0x02, 0x09, 0x01, 0x0C, 0x01, 0x0B, 0x01, 0x0C, 0x01, 0x0B, 0x01, 0x08,
    0x01, 0x0A, 0x02, 0x07, 0x02, 0x06, 0x05, 0x05, 0x02, 0x04, 0x01, 0x03, 0x03, 0x02, 0x03, 0x01,
    0x2D, 0x00, 0x06, 0x01, 0x03, 0x02, 0x01, 0x03, 0x01, 0x04, 0x01, 0x05, 0x01, 0x04, 0x04, 0x05,
    0x03, 0x06, 0x01, 0x07, 0x01, 0x0A, 0x01, 0x08, 0x03, 0x09, 0x01, 0x0B, 0x01, 0x0C, 0x01, 0x0B,
    0x01, 0x0C, 0x01, 0x0B, 0x01, 0x08, 0x01, 0x0A, 0x02, 0x07, 0x01, 0x0D, 0x01, 0x06, 0x05, 0x05,
    0x02, 0x04, 0x01, 0x03, 0x02, 0x02, 0x04, 0x01, 0x2F, 0x00, 0x04, 0x01, 0x03, 0x02, 0x01, 0x03,
    0x04, 0x04, 0x03, 0x05, 0x03, 0x06, 0x01, 0x07, 0x01, 0x0A, 0x01, 0x08, 0x01, 0x0B, 0x01, 0x0C,
    0x02, 0x09, 0x01, 0x0C, 0x01, 0x0B, 0x01, 0x0C, 0x01, 0x0B, 0x01, 0x08, 0x01, 0x0A, 0x02, 0x07,
    0x01, 0x06, 0x04, 0x05, 0x03, 0x04, 0x01, 0x03, 0x03, 0x02, 0x04, 0x01, 0x30, 0x00, 0x04, 0x01,
    0x03, 0x02, 0x01, 0x03, 0x04, 0x04, 0x02, 0x05, 0x03, 0x06, 0x01, 0x07, 0x01, 0x0A, 0x01, 0x08,
    0x01, 0x0B, 0x01, 0x0C, 0x01, 0x0B, 0x01, 0x09, 0x01, 0x0B, 0x01, 0x0C, 0x02, 0x0B, 0x01, 0x08,
    0x02, 0x0A, 0x01, 0x07, 0x04, 0x05, 0x04, 0x04, 0x01, 0x03, 0x03, 0x02, 0x03, 0x01, 0x32, 0x00,
    0x03, 0x01, 0x03, 0x02, 0x01, 0x03, 0x04, 0x04, 0x02, 0x05, 0x02, 0x06, 0x02, 0x07, 0x01, 0x0A,
    0x01, 0x08, 0x02, 0x0B, 0x01, 0x0C, 0x02, 0x09, 0x01, 0x0C, 0x02, 0x0B, 0x02, 0x08, 0x01, 0x07,
    0x01, 0x06, 0x04, 0x05, 0x04, 0x04, 0x01, 0x03, 0x02, 0x02, 0x04, 0x01, 0x32, 0x00, 0x04, 0x01,
    0x02, 0x02, 0x01, 0x03, 0x03, 0x04, 0x03, 0x05, 0x02, 0x06, 0x02, 0x07, 0x01, 0x0A, 0x01, 0x08,
    0x02, 0x0B, 0x01, 0x0C, 0x01, 0x0B, 0x01, 0x09, 0x03, 0x0B, 0x01, 0x08, 0x01, 0x0A, 0x01, 0x07,
    0x01, 0x06, 0x03, 0x05, 0x02, 0x04, 0x04, 0x03, 0x02, 0x02, 0x03, 0x01, 0x34, 0x00, 0x03, 0x01,
    0x03, 0x02, 0x01, 0x03, 0x02, 0x04, 0x04, 0x05, 0x01, 0x06, 0x02, 0x07, 0x01, 0x0A, 0x01, 0x08,
    0x01, 0x0B, 0x01, 0x0C, 0x01, 0x0B, 0x01, 0x0C, 0x04, 0x09, 0x01, 0x08, 0x02, 0x07, 0x01, 0x06,
    0x03, 0x05, 0x01, 0x04, 0x04, 0x03, 0x03, 0x02, 0x03, 0x01, 0x34, 0x00, 0x03, 0x01, 0x03, 0x02,
    0x03, 0x03, 0x01, 0x05, 0x01, 0x04, 0x02, 0x05, 0x02, 0x06, 0x01, 0x07, 0x01, 0x0A, 0x01, 0x08,
    0x01, 0x0B, 0x01, 0x0C, 0x02, 0x0B, 0x01, 0x09, 0x01, 0x0B, 0x02, 0x0C, 0x01, 0x08, 0x01, 0x0A,
    0x01, 0x07, 0x01, 0x06, 0x02, 0x05, 0x03, 0x04, 0x03, 0x03, 0x02, 0x02, 0x04, 0x01, 0x35, 0x00,
    0x03, 0x01, 0x02, 0x02, 0x03, 0x03, 0x01, 0x05, 0x02, 0x04, 0x02, 0x05, 0x01, 0x06, 0x01, 0x07,
    0x01, 0x0A, 0x01, 0x08, 0x02, 0x0B, 0x01, 0x0C, 0x02, 0x09, 0x02, 0x0C, 0x01, 0x09, 0x02, 0x08,
    0x01, 0x07, 0x01, 0x06, 0x02, 0x05, 0x01, 0x04, 0x05, 0x03, 0x02, 0x02, 0x03, 0x01, 0x36, 0x00,
    0x03, 0x01, 0x03, 0x02, 0x02, 0x03, 0x03, 0x04, 0x02, 0x05, 0x01, 0x06, 0x01, 0x07, 0x01, 0x08,
    0x01, 0x09, 0x01, 0x0B, 0x01, 0x0C, 0x01, 0x0B, 0x01, 0x09, 0x01, 0x0C, 0x01, 0x0B, 0x01, 0x08,
    0x01, 0x0A, 0x02, 0x08, 0x01, 0x07, 0x03, 0x05, 0x04, 0x03, 0x01, 0x02, 0x01, 0x03, 0x02, 0x02,
    0x03, 0x01, 0x36, 0x00, 0x03, 0x01, 0x03, 0x02, 0x01, 0x03, 0x01, 0x04, 0x02, 0x03, 0x01, 0x04,
    0x03, 0x05, 0x02, 0x07, 0x01, 0x08, 0x01, 0x09, 0x01, 0x0B, 0x03, 0x09, 0x01, 0x0A, 0x01, 0x08,
    0x01, 0x09, 0x01, 0x08, 0x02, 0x07, 0x03, 0x05, 0x02, 0x04, 0x03, 0x03, 0x03, 0x02, 0x03, 0x01,
    0x36, 0x00, 0x03, 0x01, 0x03, 0x02, 0x01, 0x03, 0x01, 0x04, 0x03, 0x03, 0x03, 0x05, 0x02, 0x07,
    0x01, 0x08, 0x02, 0x09, 0x04, 0x08, 0x01, 0x0B, 0x01, 0x0C, 0x01, 0x09, 0x02, 0x07, 0x02, 0x05,
    0x01, 0x04, 0x05, 0x03, 0x03, 0x02, 0x03, 0x01, 0x36, 0x00, 0x04, 0x01, 0x02, 0x02, 0x05, 0x03,
    0x02, 0x05, 0x01, 0x06, 0x01, 0x07, 0x06, 0x08, 0x01, 0x0B, 0x02, 0x0C, 0x01, 0x0B, 0x01, 0x08,
    0x02, 0x07, 0x02, 0x05, 0x04, 0x03, 0x04, 0x02, 0x04, 0x01, 0x37, 0x00, 0x03, 0x01, 0x03, 0x02,
    0x03, 0x03, 0x01, 0x04, 0x03, 0x05, 0x02, 0x07, 0x01, 0x08, 0x01, 0x0A, 0x01, 0x08, 0x06, 0x09,
    0x01, 0x08, 0x02, 0x07, 0x02, 0x05, 0x03, 0x03, 0x05, 0x02, 0x03, 0x01, 0x38, 0x00, 0x03, 0x01,
    0x04, 0x02, 0x04, 0x03, 0x01, 0x04, 0x01, 0x05, 0x02, 0x07, 0x04, 0x08, 0x04, 0x0A, 0x01, 0x07,
    0x01, 0x08, 0x02, 0x07, 0x01, 0x05, 0x03, 0x03, 0x06, 0x02, 0x03, 0x01, 0x38, 0x00, 0x04, 0x01,
    0x03, 0x02, 0x02, 0x03, 0x02, 0x04, 0x02, 0x05, 0x02, 0x07, 0x01, 0x08, 0x08, 0x09, 0x01, 0x08,
    0x01, 0x07, 0x02, 0x05, 0x03, 0x03, 0x05, 0x02, 0x04, 0x01, 0x39, 0x00, 0x03, 0x01, 0x03, 0x02,
    0x04, 0x03, 0x03, 0x05, 0x01, 0x07, 0x01, 0x08, 0x08, 0x09, 0x01, 0x08, 0x01, 0x07, 0x02, 0x05,
    0x03, 0x03, 0x05, 0x02, 0x04, 0x01, 0x39, 0x00, 0x04, 0x01, 0x04, 0x02, 0x02, 0x03, 0x01, 0x04,
    0x02, 0x05, 0x02, 0x07, 0x07, 0x09, 0x01, 0x08, 0x02, 0x07, 0x01, 0x05, 0x01, 0x04, 0x02, 0x03,
    0x06, 0x02, 0x03, 0x01, 0x3A, 0x00, 0x04, 0x01, 0x05, 0x02, 0x02, 0x03, 0x01, 0x04, 0x02, 0x05,
    0x02, 0x07, 0x01, 0x08, 0x04, 0x09, 0x01, 0x08, 0x02, 0x07, 0x01, 0x05, 0x04, 0x03, 0x05, 0x02,
    0x04, 0x01, 0x3B, 0x00, 0x03, 0x01, 0x05, 0x02, 0x02, 0x03, 0x02, 0x04, 0x02, 0x05, 0x04, 0x07,
    0x01, 0x08, 0x03, 0x07, 0x01, 0x05, 0x04, 0x03, 0x06, 0x02, 0x03, 0x01, 0x3C, 0x00, 0x04, 0x01,
    0x03, 0x02, 0x04, 0x03, 0x04, 0x05, 0x01, 0x07, 0x01, 0x05, 0x03, 0x07, 0x02, 0x05, 0x06, 0x03,
    0x04, 0x02, 0x04, 0x01, 0x3D, 0x00, 0x04, 0x01, 0x04, 0x02, 0x03, 0x03, 0x02, 0x04, 0x07, 0x05,
    0x06, 0x03, 0x04, 0x02, 0x04, 0x01, 0x3F, 0x00, 0x05, 0x01, 0x05, 0x02, 0x0C, 0x03, 0x05, 0x02,
    0x05, 0x01, 0x40, 0x00, 0x07, 0x01, 0x12, 0x02, 0x06, 0x01, 0x43, 0x00, 0x07, 0x01, 0x0E, 0x02,
    0x08, 0x01, 0x44, 0x00, 0x1A, 0x01, 0x48, 0x00, 0x16, 0x01, 0x4D, 0x00, 0x10, 0x01, 0xDB, 0x00,
};

constexpr uint8_t NIXIE_PALETTE_5_SIZE = 14;
static constexpr uint16_t NIXIE_PALETTE_5[] = {
    0x0000, 0x1800, 0x3800, 0x4800, 0x3040, 0x6000, 0x7040, 0x8860,
    0xA0A0, 0xA9A0, 0xD220, 0xDC81, 0xEF21, 0x7800,
};
static constexpr uint8_t NIXIE_RLE_5[] = {
    0xE5, 0x00, 0x15, 0x01, 0x41, 0x00, 0x2A, 0x01, 0x32, 0x00, 0x0A, 0x01, 0x1D, 0x02, 0x0C, 0x01,
    0x2A, 0x00, 0x06, 0x01, 0x09, 0x02, 0x16, 0x03, 0x02, 0x02, 0x01, 0x03, 0x09, 0x02, 0x08, 0x01,
    0x25, 0x00, 0x04, 0x01, 0x01, 0x04, 0x06, 0x02, 0x21, 0x03, 0x08, 0x02, 0x01, 0x04, 0x02, 0x02,
    0x02, 0x04, 0x04, 0x01, 0x21, 0x00, 0x04, 0x01, 0x02, 0x02, 0x01, 0x04, 0x05, 0x02, 0x11, 0x03,
    0x01, 0x05, 0x04, 0x03, 0x02, 0x05, 0x0C, 0x03, 0x06, 0x02, 0x01, 0x04, 0x01, 0x02, 0x05, 0x04,
    0x04, 0x01, 0x1D, 0x00, 0x04, 0x01, 0x07, 0x02, 0x09, 0x03, 0x02, 0x05, 0x04, 0x03, 0x03, 0x05,
    0x01, 0x03, 0x05, 0x05, 0x01, 0x03, 0x03, 0x05, 0x10, 0x03, 0x04, 0x02, 0x06, 0x04, 0x03, 0x01,
    0x1B, 0x00, 0x03, 0x01, 0x06, 0x02, 0x07, 0x03, 0x01, 0x05, 0x01, 0x03, 0x18, 0x05, 0x06, 0x03,
    0x01, 0x05, 0x07, 0x03, 0x06, 0x02, 0x01, 0x04, 0x01, 0x02, 0x03, 0x04, 0x03, 0x01, 0x19, 0x00,
    0x03, 0x01, 0x01, 0x04, 0x05, 0x02, 0x07, 0x03, 0x1D, 0x05, 0x02, 0x03, 0x03, 0x05, 0x08, 0x03,
    0x07, 0x02, 0x04, 0x04, 0x03, 0x01, 0x17, 0x00, 0x03, 0x01, 0x02, 0x04, 0x03, 0x02, 0x08, 0x03,
    0x09, 0x05, 0x01, 0x06, 0x06, 0x05, 0x02, 0x06, 0x07, 0x05, 0x01, 0x06, 0x09, 0x05, 0x0B, 0x03,
    0x05, 0x02, 0x04, 0x04, 0x03, 0x01, 0x15, 0x00, 0x03, 0x01, 0x06, 0x02, 0x05, 0x03, 0x05, 0x05,
    0x20, 0x06, 0x05, 0x05, 0x01, 0x03, 0x02, 0x05, 0x07, 0x03, 0x02, 0x02, 0x05, 0x04, 0x02, 0x01,
    0x15, 0x00, 0x02, 0x01, 0x05, 0x02, 0x03, 0x03, 0x05, 0x05, 0x0C, 0x06, 0x02, 0x07, 0x02, 0x06,
    0x03, 0x07, 0x16, 0x06, 0x07, 0x05, 0x04, 0x03, 0x02, 0x04, 0x01, 0x02, 0x03, 0x04, 0x03, 0x01,
    0x13, 0x00, 0x03, 0x01, 0x04, 0x02, 0x04, 0x03, 0x02, 0x05, 0x06, 0x06, 0x20, 0x07, 0x0D, 0x06,
    0x03, 0x05, 0x01, 0x03, 0x03, 0x04, 0x01, 0x02, 0x03, 0x04, 0x02, 0x01, 0x13, 0x00, 0x02, 0x01,
    0x05, 0x02, 0x03, 0x03, 0x02, 0x05, 0x03, 0x06, 0x04, 0x07, 0x02, 0x08, 0x01, 0x07, 0x04, 0x08,
    0x01, 0x09, 0x01, 0x07, 0x0D, 0x08, 0x01, 0x09, 0x01, 0x08, 0x01, 0x07, 0x05, 0x08, 0x03, 0x07,
    0x01, 0x09, 0x08, 0x07, 0x05, 0x06, 0x02, 0x05, 0x01, 0x03, 0x06, 0x04, 0x02, 0x01, 0x12, 0x00,
    0x03, 0x01, 0x05, 0x02, 0x03, 0x03, 0x01, 0x05, 0x03, 0x06, 0x01, 0x07, 0x0C, 0x09, 0x01, 0x08,
    0x07, 0x09, 0x01, 0x08, 0x0F, 0x09, 0x01, 0x08, 0x0D, 0x09, 0x01, 0x07, 0x02, 0x06, 0x01, 0x05,
    0x01, 0x03, 0x05, 0x04, 0x02, 0x01, 0x12, 0x00, 0x02, 0x01, 0x03, 0x02, 0x05, 0x03, 0x01, 0x05,
    0x02, 0x06, 0x01, 0x07, 0x01, 0x08, 0x03, 0x09, 0x02, 0x0A, 0x01, 0x09, 0x06, 0x0A, 0x01, 0x09,
    0x09, 0x0A, 0x01, 0x09, 0x05, 0x0A, 0x01, 0x09, 0x09, 0x0A, 0x01, 0x09, 0x05, 0x0A, 0x01, 0x09,
    0x01, 0x0A, 0x01, 0x09, 0x02, 0x0A, 0x04, 0x09, 0x01, 0x07, 0x01, 0x06, 0x01, 0x05, 0x01, 0x03,
    0x05, 0x04, 0x02, 0x01, 0x11, 0x00, 0x01, 0x01, 0x01, 0x04, 0x02, 0x02, 0x04, 0x03, 0x02, 0x05,
    0x02, 0x06, 0x01, 0x07, 0x02, 0x09, 0x01, 0x0B, 0x04, 0x0C, 0x08, 0x0B, 0x08, 0x0C, 0x08, 0x0B,
    0x09, 0x0C, 0x07, 0x0B, 0x06, 0x0C, 0x02, 0x0B, 0x01, 0x09, 0x01, 0x07, 0x01, 0x06, 0x01, 0x05,
    0x01, 0x03, 0x03, 0x02, 0x01, 0x04, 0x02, 0x01, 0x10, 0x00, 0x02, 0x01, 0x01, 0x04, 0x02, 0x02,
    0x02, 0x03, 0x02, 0x05, 0x04, 0x06, 0x01, 0x07, 0x01, 0x09, 0x01, 0x0A, 0x04, 0x0B, 0x01, 0x0C,
    0x08, 0x0B, 0x04, 0x0C, 0x04, 0x0B, 0x06, 0x0A, 0x01, 0x0B, 0x01, 0x0A, 0x01, 0x0B, 0x05, 0x0C,
    0x04, 0x0B, 0x01, 0x0C, 0x01, 0x0B, 0x03, 0x0C, 0x09, 0x0B, 0x01, 0x0A, 0x01, 0x09, 0x01, 0x06,
    0x01, 0x05, 0x01, 0x03, 0x01, 0x04, 0x01, 0x02, 0x02, 0x04, 0x02, 0x01, 0x10, 0x00, 0x02, 0x01,
    0x03, 0x02, 0x02, 0x03, 0x01, 0x06, 0x04, 0x07, 0x01, 0x06, 0x02, 0x09, 0x14, 0x0A, 0x01, 0x09,
    0x04, 0x0A, 0x01, 0x09, 0x02, 0x0A, 0x01, 0x09, 0x01, 0x0A, 0x01, 0x09, 0x05, 0x0A, 0x01, 0x09,
    0x13, 0x0A, 0x02, 0x06, 0x01, 0x03, 0x04, 0x04, 0x02, 0x01, 0x10, 0x00, 0x01, 0x01, 0x03, 0x02,
    0x03, 0x03, 0x03, 0x05, 0x02, 0x06, 0x01, 0x07, 0x01, 0x08, 0x01, 0x09, 0x01, 0x0B, 0x04, 0x0C,
    0x01, 0x0B, 0x07, 0x0C, 0x01, 0x0B, 0x05, 0x0A, 0x04, 0x0B, 0x03, 0x0C, 0x02, 0x0A, 0x02, 0x0B,
    0x08, 0x0A, 0x01, 0x0B, 0x07, 0x0C, 0x01, 0x0B, 0x05, 0x0C, 0x04, 0x0B, 0x01, 0x09, 0x01, 0x06,
    0x01, 0x03, 0x04, 0x04, 0x02, 0x01, 0x0F, 0x00, 0x02, 0x01, 0x02, 0x02, 0x06, 0x03, 0x01, 0x05,
    0x02, 0x06, 0x01, 0x07, 0x01, 0x08, 0x01, 0x09, 0x01, 0x0B, 0x04, 0x0C, 0x01, 0x0B, 0x05, 0x0C,
    0x01, 0x0B, 0x05, 0x0A, 0x01, 0x0B, 0x03, 0x0C, 0x01, 0x0B, 0x04, 0x0C, 0x01, 0x0A, 0x01, 0x0B,
    0x03, 0x0C, 0x01, 0x0B, 0x01, 0x0C, 0x01, 0x0B, 0x05, 0x0A, 0x01, 0x0B, 0x07, 0x0C, 0x01, 0x0B,
    0x04, 0x0C, 0x03, 0x0B, 0x02, 0x09, 0x01, 0x06, 0x01, 0x03, 0x01, 0x04, 0x01, 0x02, 0x02, 0x04,
    0x02, 0x01, 0x0F, 0x00, 0x02, 0x01, 0x02, 0x02, 0x05, 0x03, 0x02, 0x05, 0x02, 0x06, 0x01, 0x07,
    0x02, 0x09, 0x01, 0x0B, 0x01, 0x0C, 0x01, 0x0B, 0x01, 0x0C, 0x01, 0x0B, 0x04, 0x0C, 0x01, 0x0B,
    0x05, 0x0A, 0x01, 0x0B, 0x04, 0x0C, 0x02, 0x0B, 0x03, 0x0C, 0x02, 0x0A, 0x04, 0x0C, 0x01, 0x0B,
    0x02, 0x0C, 0x06, 0x0A, 0x01, 0x0B, 0x06, 0x0C, 0x02, 0x0B, 0x01, 0x0C, 0x05, 0x0B, 0x01, 0x09,
    0x01, 0x07, 0x01, 0x06, 0x01, 0x03, 0x04, 0x04, 0x02, 0x01, 0x0F, 0x00, 0x02, 0x01, 0x02, 0x02,
    0x04, 0x03, 0x03, 0x05, 0x01, 0x06, 0x01, 0x07, 0x01, 0x09, 0x01, 0x08, 0x01, 0x0A, 0x05, 0x0C,
    0x01, 0x0B, 0x02, 0x0C, 0x05, 0x0A, 0x01, 0x0C, 0x01, 0x0B, 0x06, 0x0C, 0x01, 0x0B, 0x02, 0x0C,
    0x01, 0x0B, 0x01, 0x0A, 0x01, 0x0B, 0x03, 0x0C, 0x01, 0x0B, 0x02, 0x0C, 0x01, 0x0B, 0x01, 0x0A,
    0x02, 0x0C, 0x03, 0x0A, 0x01, 0x09, 0x01, 0x0A, 0x01, 0x0B, 0x09, 0x0C, 0x03, 0x0B, 0x01, 0x09,
    0x01, 0x06, 0x02, 0x03, 0x04, 0x04, 0x02, 0x01, 0x0F, 0x00, 0x01, 0x01, 0x03, 0x02, 0x04, 0x03,
    0x02, 0x05, 0x02, 0x06, 0x01, 0x07, 0x02, 0x08, 0x01, 0x0A, 0x05, 0x0C, 0x02, 0x0B, 0x05, 0x0A,
    0x02, 0x0B, 0x01, 0x0A, 0x0A, 0x0B, 0x01, 0x0A, 0x04, 0x0B, 0x01, 0x0A, 0x02, 0x0B, 0x01, 0x0A,
    0x03, 0x0B, 0x06, 0x0A, 0x03, 0x0B, 0x01, 0x0A, 0x06, 0x0B, 0x01, 0x0A, 0x01, 0x09, 0x01, 0x07,
    0x01, 0x06, 0x01, 0x03, 0x05, 0x04, 0x02, 0x01, 0x0E, 0x00, 0x02, 0x01, 0x02, 0x02, 0x03, 0x03,
    0x04, 0x05, 0x02, 0x06, 0x02, 0x07, 0x01, 0x09, 0x01, 0x0A, 0x05, 0x0C, 0x01, 0x0B, 0x01, 0x0A,
    0x02, 0x0B, 0x04, 0x0A, 0x01, 0x09, 0x02, 0x0A, 0x01, 0x09, 0x05, 0x0A, 0x02, 0x09, 0x02, 0x0A,
    0x01, 0x09, 0x02, 0x0A, 0x02, 0x09, 0x01, 0x0A, 0x01, 0x09, 0x03, 0x0A, 0x01, 0x09, 0x01, 0x0A,
    0x02, 0x09, 0x05, 0x0A, 0x09, 0x09, 0x01, 0x07, 0x01, 0x06, 0x01, 0x05, 0x01, 0x03, 0x05, 0x04,
    0x01, 0x01, 0x0F, 0x00, 0x02, 0x01, 0x02, 0x02, 0x03, 0x03, 0x04, 0x05, 0x02, 0x06, 0x01, 0x07,
    0x01, 0x08, 0x01, 0x09, 0x01, 0x0B, 0x04, 0x0C, 0x02, 0x0A, 0x01, 0x0B, 0x03, 0x0A, 0x03, 0x09,
    0x01, 0x08, 0x09, 0x09, 0x01, 0x08, 0x05, 0x09, 0x01, 0x08, 0x09, 0x09, 0x01, 0x08, 0x05, 0x09,
    0x01, 0x08, 0x05, 0x09, 0x01, 0x07, 0x03, 0x06, 0x01, 0x05, 0x02, 0x03, 0x04, 0x04, 0x02, 0x01,
    0x0F, 0x00, 0x02, 0x01, 0x02, 0x02, 0x03, 0x03, 0x03, 0x05, 0x01, 0x06, 0x01, 0x0D, 0x02, 0x07,
    0x02, 0x09, 0x01, 0x0B, 0x03, 0x0C, 0x02, 0x0A, 0x01, 0x0C, 0x01, 0x0B, 0x02, 0x0A, 0x01, 0x09,
    0x18, 0x08, 0x0E, 0x07, 0x05, 0x06, 0x02, 0x05, 0x02, 0x03, 0x02, 0x02, 0x02, 0x04, 0x03, 0x01,
    0x0F, 0x00, 0x02, 0x01, 0x01, 0x02, 0x04, 0x03, 0x03, 0x05, 0x02, 0x06, 0x02, 0x07, 0x01, 0x08,
    0x01, 0x0A, 0x01, 0x0B, 0x02, 0x0C, 0x02, 0x0A, 0x01, 0x0C, 0x01, 0x0B, 0x04, 0x0A, 0x01, 0x09,
    0x08, 0x08, 0x02, 0x07, 0x02, 0x08, 0x05, 0x07, 0x02, 0x08, 0x0B, 0x07, 0x09, 0x06, 0x03, 0x05,
    0x03, 0x03, 0x01, 0x02, 0x01, 0x04, 0x01, 0x02, 0x03, 0x04, 0x02, 0x01, 0x0F, 0x00, 0x02, 0x01,
    0x01, 0x02, 0x03, 0x03, 0x04, 0x05, 0x02, 0x06, 0x01, 0x07, 0x02, 0x08, 0x01, 0x09, 0x01, 0x0B,
    0x01, 0x0C, 0x02, 0x0A, 0x02, 0x0B, 0x01, 0x09, 0x02, 0x0B, 0x01, 0x0A, 0x01, 0x09, 0x05, 0x08,
    0x0C, 0x07, 0x01, 0x0D, 0x05, 0x07, 0x0C, 0x06, 0x04, 0x05, 0x07, 0x03, 0x01, 0x04, 0x01, 0x02,
    0x03, 0x04, 0x02, 0x01, 0x10, 0x00, 0x02, 0x01, 0x01, 0x02, 0x03, 0x03, 0x02, 0x05, 0x01, 0x03,
    0x01, 0x05, 0x02, 0x06, 0x01, 0x07, 0x01, 0x08, 0x02, 0x09, 0x01, 0x0B, 0x02, 0x0A, 0x01, 0x0B,
    0x01, 0x0C, 0x01, 0x0A, 0x01, 0x0B, 0x01, 0x0C, 0x02, 0x0A, 0x01, 0x09, 0x02, 0x08, 0x02, 0x07,
    0x01, 0x08, 0x09, 0x07, 0x01, 0x0D, 0x01, 0x07, 0x02, 0x0D, 0x01, 0x07, 0x03, 0x0D, 0x07, 0x06,
    0x09, 0x05, 0x07, 0x03, 0x01, 0x02, 0x04, 0x04, 0x03, 0x01, 0x10, 0x00, 0x01, 0x01, 0x02, 0x02,
    0x02, 0x03, 0x05, 0x05, 0x02, 0x06, 0x01, 0x07, 0x01, 0x08, 0x01, 0x09, 0x04, 0x0A, 0x01, 0x0C,
    0x02, 0x0A, 0x02, 0x0C, 0x02, 0x0A, 0x01, 0x09, 0x02, 0x08, 0x0C, 0x07, 0x05, 0x0D, 0x02, 0x06,
    0x04, 0x0D, 0x03, 0x06, 0x06, 0x05, 0x03, 0x03, 0x02, 0x05, 0x05, 0x03, 0x02, 0x02, 0x03, 0x04,
    0x03, 0x01, 0x11, 0x00, 0x01, 0x01, 0x01, 0x02, 0x03, 0x03, 0x04, 0x05, 0x02, 0x06, 0x02, 0x07,
    0x01, 0x08, 0x01, 0x09, 0x03, 0x0A, 0x01, 0x0C, 0x01, 0x0B, 0x01, 0x09, 0x01, 0x0B, 0x02, 0x0C,
    0x01, 0x0A, 0x01, 0x09, 0x03, 0x08, 0x06, 0x07, 0x01, 0x0D, 0x03, 0x07, 0x01, 0x08, 0x03, 0x0D,
    0x01, 0x06, 0x06, 0x0D, 0x05, 0x06, 0x05, 0x05, 0x04, 0x03, 0x01, 0x05, 0x06, 0x03, 0x01, 0x02,
    0x04, 0x04, 0x02, 0x01, 0x11, 0x00, 0x02, 0x01, 0x01, 0x02, 0x04, 0x03, 0x03, 0x05, 0x02, 0x06,
    0x02, 0x07, 0x01, 0x08, 0x01, 0x09, 0x02, 0x0A, 0x01, 0x0B, 0x01, 0x0C, 0x02, 0x0A, 0x01, 0x0C,
    0x02, 0x0B, 0x01, 0x0A, 0x01, 0x09, 0x03, 0x08, 0x05, 0x07, 0x04, 0x0D, 0x01, 0x07, 0x01, 0x08,
    0x03, 0x0D, 0x01, 0x06, 0x01, 0x0D, 0x02, 0x07, 0x01, 0x0D, 0x01, 0x06, 0x0A, 0x05, 0x08, 0x03,
    0x05, 0x02, 0x02, 0x04, 0x04, 0x01, 0x11, 0x00, 0x02, 0x01, 0x01, 0x02, 0x04, 0x03, 0x01, 0x05,
    0x01, 0x06, 0x01, 0x05, 0x02, 0x06, 0x02, 0x07, 0x02, 0x09, 0x01, 0x0A, 0x01, 0x0B, 0x01, 0x0C,
    0x02, 0x0A, 0x01, 0x0B, 0x02, 0x0C, 0x01, 0x0B, 0x01, 0x0A, 0x01, 0x09, 0x02, 0x08, 0x05, 0x07,
    0x01, 0x0D, 0x02, 0x07, 0x02, 0x0D, 0x01, 0x07, 0x01, 0x08, 0x03, 0x0D, 0x02, 0x06, 0x02, 0x07,
    0x01, 0x0D, 0x09, 0x05, 0x06, 0x03, 0x01, 0x05, 0x01, 0x03, 0x01, 0x02, 0x01, 0x03, 0x04, 0x02,
    0x01, 0x04, 0x01, 0x02, 0x04, 0x01, 0x12, 0x00, 0x02, 0x01, 0x01, 0x02, 0x04, 0x03, 0x01, 0x05,
    0x04, 0x06, 0x01, 0x07, 0x02, 0x08, 0x01, 0x09, 0x01, 0x0A, 0x02, 0x0B, 0x02, 0x0A, 0x03, 0x0C,
    0x01, 0x0B, 0x01, 0x0A, 0x01, 0x09, 0x03, 0x08, 0x03, 0x07, 0x02, 0x0D, 0x02, 0x07, 0x03, 0x0D,
    0x01, 0x07, 0x03, 0x0D, 0x02, 0x06, 0x02, 0x07, 0x0B, 0x05, 0x07, 0x03, 0x05, 0x02, 0x02, 0x04,
    0x04, 0x01, 0x13, 0x00, 0x02, 0x01, 0x01, 0x02, 0x04, 0x03, 0x02, 0x05, 0x01, 0x0D, 0x01, 0x06,
    0x01, 0x0D, 0x01, 0x07, 0x02, 0x08, 0x02, 0x0A, 0x01, 0x0B, 0x02, 0x0A, 0x01, 0x0B, 0x03, 0x0C,
    0x01, 0x0B, 0x01, 0x08, 0x01, 0x09, 0x03, 0x08, 0x04, 0x07, 0x01, 0x0D, 0x01, 0x07, 0x04, 0x0D,
    0x01, 0x08, 0x03, 0x0D, 0x01, 0x06, 0x01, 0x0D, 0x01, 0x07, 0x01, 0x0D, 0x07, 0x05, 0x01, 0x03,
    0x04, 0x05, 0x05, 0x03, 0x06, 0x02, 0x04, 0x01, 0x15, 0x00, 0x02, 0x01, 0x01, 0x02, 0x03, 0x03,
    0x03, 0x05, 0x02, 0x06, 0x01, 0x0D, 0x01, 0x07, 0x02, 0x08, 0x01, 0x09, 0x01, 0x0B, 0x01, 0x0A,
    0x01, 0x0B, 0x01, 0x0A, 0x01, 0x0B, 0x03, 0x0C, 0x01, 0x0B, 0x02, 0x09, 0x03, 0x08, 0x04, 0x07,
    0x06, 0x0D, 0x01, 0x08, 0x03, 0x0D, 0x02, 0x06, 0x01, 0x07, 0x01, 0x0D, 0x0A, 0x05, 0x07, 0x03,
    0x05, 0x02, 0x04, 0x01, 0x16, 0x00, 0x02, 0x01, 0x01, 0x02, 0x03, 0x03, 0x02, 0x05, 0x03, 0x06,
    0x01, 0x0D, 0x01, 0x07, 0x01, 0x08, 0x02, 0x09, 0x02, 0x0A, 0x01, 0x0C, 0x01, 0x0A, 0x04, 0x0C,
    0x02, 0x0A, 0x01, 0x09, 0x02, 0x08, 0x05, 0x07, 0x06, 0x0D, 0x01, 0x07, 0x03, 0x0D, 0x02, 0x06,
    0x02, 0x0D, 0x01, 0x06, 0x09, 0x05, 0x06, 0x03, 0x04, 0x02, 0x05, 0x01, 0x17, 0x00, 0x02, 0x01,
    0x01, 0x02, 0x03, 0x03, 0x02, 0x05, 0x03, 0x06, 0x02, 0x07, 0x01, 0x08, 0x01, 0x09, 0x02, 0x0A,
    0x02, 0x0B, 0x01, 0x0A, 0x03, 0x0C, 0x01, 0x0B, 0x02, 0x0A, 0x01, 0x09, 0x02, 0x08, 0x06, 0x07,
    0x05, 0x0D, 0x01, 0x07, 0x01, 0x0D, 0x01, 0x06, 0x01, 0x0D, 0x02, 0x06, 0x02, 0x0D, 0x01, 0x06,
    0x08, 0x05, 0x05, 0x03, 0x05, 0x02, 0x05, 0x01, 0x18, 0x00, 0x02, 0x01, 0x01, 0x02, 0x02, 0x03,
    0x04, 0x05, 0x02, 0x06, 0x01, 0x0D, 0x01, 0x07, 0x01, 0x08, 0x01, 0x09, 0x02, 0x0A, 0x01, 0x0C,
    0x01, 0x0B, 0x01, 0x0A, 0x03, 0x0C, 0x01, 0x0B, 0x02, 0x0A, 0x01, 0x09, 0x02, 0x08, 0x06, 0x07,
    0x01, 0x0D, 0x01, 0x07, 0x02, 0x0D, 0x01, 0x07, 0x02, 0x0D, 0x01, 0x06, 0x03, 0x0D, 0x02, 0x06,
    0x07, 0x05, 0x05, 0x03, 0x05, 0x02, 0x06, 0x01, 0x19, 0x00, 0x02, 0x01, 0x01, 0x02, 0x01, 0x03,
    0x05, 0x05, 0x02, 0x06, 0x02, 0x07, 0x01, 0x08, 0x01, 0x09, 0x02, 0x0A, 0x01, 0x0B, 0x02, 0x0A,
    0x02, 0x0C, 0x02, 0x0B, 0x01, 0x0A, 0x01, 0x09, 0x03, 0x08, 0x06, 0x07, 0x01, 0x0D, 0x01, 0x07,
    0x05, 0x0D, 0x01, 0x06, 0x03, 0x0D, 0x02, 0x06, 0x04, 0x05, 0x07, 0x03, 0x05, 0x02, 0x06, 0x01,
    0x1A, 0x00, 0x02, 0x01, 0x01, 0x02, 0x02, 0x03, 0x03, 0x05, 0x02, 0x06, 0x01, 0x0D, 0x02, 0x07,
    0x01, 0x08, 0x01, 0x09, 0x01, 0x0A, 0x01, 0x0B, 0x01, 0x0C, 0x01, 0x0A, 0x01, 0x0B, 0x03, 0x0C,
    0x01, 0x0B, 0x01, 0x0A, 0x02, 0x09, 0x02, 0x08, 0x07, 0x07, 0x03, 0x0D, 0x02, 0x07, 0x05, 0x0D,
    0x01, 0x06, 0x04, 0x05, 0x07, 0x03, 0x06, 0x02, 0x06, 0x01, 0x1A, 0x00, 0x02, 0x01, 0x01, 0x02,
    0x02, 0x03, 0x03, 0x05, 0x02, 0x06, 0x01, 0x0D, 0x01, 0x07, 0x02, 0x08, 0x01, 0x09, 0x01, 0x0A,
    0x01, 0x0B, 0x01, 0x0C, 0x01, 0x0A, 0x01, 0x0B, 0x03, 0x0C, 0x01, 0x0B, 0x02, 0x0A, 0x03, 0x08,
    0x08, 0x07, 0x02, 0x0D, 0x02, 0x07, 0x05, 0x0D, 0x01, 0x06, 0x05, 0x05, 0x06, 0x03, 0x06, 0x02,
    0x05, 0x01, 0x1B, 0x00, 0x02, 0x01, 0x01, 0x02, 0x01, 0x03, 0x03, 0x05, 0x01, 0x06, 0x03, 0x0D,
    0x01, 0x07, 0x01, 0x08, 0x03, 0x09, 0x02, 0x0C, 0x01, 0x0A, 0x01, 0x0B, 0x03, 0x0C, 0x01, 0x0B,
    0x02, 0x09, 0x03, 0x08, 0x08, 0x07, 0x02, 0x0D, 0x02, 0x07, 0x03, 0x0D, 0x01, 0x06, 0x01, 0x0D,
    0x02, 0x06, 0x06, 0x05, 0x05, 0x03, 0x05, 0x02, 0x06, 0x01, 0x1A, 0x00, 0x02, 0x01, 0x01, 0x02,
    0x01, 0x03, 0x03, 0x05, 0x01, 0x06, 0x02, 0x0D, 0x02, 0x07, 0x03, 0x08, 0x01, 0x0A, 0x02, 0x0C,
    0x01, 0x0A, 0x01, 0x0B, 0x03, 0x0C, 0x01, 0x0B, 0x01, 0x0A, 0x04, 0x08, 0x01, 0x07, 0x02, 0x08,
    0x05, 0x07, 0x02, 0x0D, 0x01, 0x07, 0x01, 0x08, 0x01, 0x07, 0x02, 0x0D, 0x01, 0x06, 0x02, 0x0D,
    0x02, 0x06, 0x07, 0x05, 0x04, 0x03, 0x05, 0x02, 0x05, 0x01, 0x1A, 0x00, 0x01, 0x01, 0x02, 0x02,
    0x01, 0x03, 0x03, 0x05, 0x01, 0x06, 0x02, 0x0D, 0x02, 0x07, 0x03, 0x08, 0x01, 0x0A, 0x02, 0x0C,
    0x01, 0x0A, 0x01, 0x0B, 0x03, 0x0C, 0x01, 0x0B, 0x01, 0x0A, 0x07, 0x08, 0x05, 0x07, 0x02, 0x0D,
    0x01, 0x07, 0x01, 0x08, 0x01, 0x07, 0x02, 0x0D, 0x01, 0x06, 0x03, 0x0D, 0x01, 0x06, 0x09, 0x05,
    0x04, 0x03, 0x04, 0x02, 0x01, 0x04, 0x04, 0x01, 0x19, 0x00, 0x01, 0x01, 0x02, 0x02, 0x01, 0x03,
    0x03, 0x05, 0x01, 0x06, 0x02, 0x0D, 0x02, 0x07, 0x01, 0x08, 0x02, 0x09, 0x01, 0x0A, 0x02, 0x0C,
    0x01, 0x0A, 0x01, 0x0B, 0x03, 0x0C, 0x01, 0x0B, 0x01, 0x08, 0x01, 0x09, 0x03, 0x08, 0x01, 0x07,
    0x02, 0x08, 0x05, 0x07, 0x02, 0x0D, 0x01, 0x07, 0x01, 0x08, 0x03, 0x0D, 0x01, 0x06, 0x01, 0x0D,
    0x02, 0x07, 0x02, 0x06, 0x0A, 0x05, 0x04, 0x03, 0x04, 0x02, 0x04, 0x01, 0x18, 0x00, 0x01, 0x01,
    0x01, 0x02, 0x02, 0x03, 0x03, 0x05, 0x01, 0x06, 0x02, 0x0D, 0x02, 0x07, 0x01, 0x08, 0x01, 0x09,
    0x02, 0x0A, 0x02, 0x0C, 0x01, 0x0A, 0x01, 0x0B, 0x03, 0x0C, 0x01, 0x0A, 0x01, 0x08, 0x01, 0x09,
    0x03, 0x08, 0x08, 0x07, 0x02, 0x0D, 0x01, 0x07, 0x01, 0x08, 0x01, 0x07, 0x04, 0x0D, 0x02, 0x07,
    0x01, 0x0D, 0x02, 0x06, 0x0B, 0x05, 0x04, 0x03, 0x03, 0x02, 0x01, 0x04, 0x04, 0x01, 0x15, 0x00,
    0x02, 0x01, 0x01, 0x02, 0x02, 0x03, 0x02, 0x05, 0x01, 0x06, 0x01, 0x0D, 0x01, 0x06, 0x01, 0x0D,
    0x02, 0x07, 0x01, 0x08, 0x01, 0x09, 0x01, 0x0A, 0x02, 0x0B, 0x01, 0x0C, 0x02, 0x0B, 0x03, 0x0C,
    0x02, 0x0A, 0x01, 0x09, 0x04, 0x08, 0x02, 0x07, 0x01, 0x08, 0x07, 0x07, 0x01, 0x08, 0x05, 0x0D,
    0x02, 0x07, 0x02, 0x0D, 0x03, 0x06, 0x02, 0x05, 0x01, 0x06, 0x06, 0x05, 0x06, 0x03, 0x01, 0x02,
    0x02, 0x04, 0x04, 0x01, 0x14, 0x00, 0x02, 0x01, 0x01, 0x02, 0x01, 0x03, 0x03, 0x05, 0x01, 0x06,
    0x01, 0x0D, 0x01, 0x06, 0x01, 0x0D, 0x02, 0x07, 0x01, 0x08, 0x01, 0x09, 0x01, 0x0A, 0x01, 0x0B,
    0x01, 0x0C, 0x02, 0x0B, 0x01, 0x0A, 0x02, 0x0C, 0x01, 0x0B, 0x02, 0x0A, 0x05, 0x08, 0x03, 0x07,
    0x01, 0x08, 0x06, 0x07, 0x01, 0x08, 0x05, 0x0D, 0x02, 0x07, 0x07, 0x0D, 0x01, 0x06, 0x06, 0x05,
    0x08, 0x03, 0x03, 0x02, 0x03, 0x01, 0x13, 0x00, 0x02, 0x01, 0x01, 0x02, 0x01, 0x03, 0x03, 0x05,
    0x01, 0x06, 0x01, 0x0D, 0x01, 0x06, 0x01, 0x0D, 0x02, 0x07, 0x01, 0x08, 0x01, 0x09, 0x01, 0x0A,
    0x02, 0x0C, 0x01, 0x0B, 0x01, 0x0C, 0x01, 0x0A, 0x01, 0x0B, 0x01, 0x0C, 0x01, 0x0B, 0x02, 0x0A,
    0x0A, 0x08, 0x04, 0x07, 0x02, 0x08, 0x01, 0x07, 0x01, 0x0D, 0x01, 0x07, 0x02, 0x0D, 0x02, 0x07,
    0x08, 0x0D, 0x0B, 0x05, 0x01, 0x03, 0x01, 0x05, 0x02, 0x03, 0x03, 0x02, 0x04, 0x01, 0x11, 0x00,
    0x02, 0x01, 0x01, 0x02, 0x02, 0x03, 0x02, 0x05, 0x01, 0x06, 0x01, 0x0D, 0x01, 0x06, 0x01, 0x0D,
    0x01, 0x07, 0x02, 0x08, 0x01, 0x09, 0x01, 0x0A, 0x01, 0x0C, 0x01, 0x0B, 0x02, 0x0C, 0x01, 0x0A,
    0x01, 0x0B, 0x02, 0x0C, 0x02, 0x0A, 0x09, 0x08, 0x06, 0x07, 0x01, 0x08, 0x04, 0x07, 0x01, 0x0D,
    0x02, 0x07, 0x04, 0x0D, 0x03, 0x06, 0x02, 0x0D, 0x01, 0x06, 0x08, 0x05, 0x02, 0x03, 0x01, 0x06,
    0x01, 0x05, 0x03, 0x03, 0x03, 0x02, 0x03, 0x01, 0x10, 0x00, 0x02, 0x01, 0x01, 0x02, 0x01, 0x03,
    0x04, 0x05, 0x01, 0x06, 0x01, 0x0D, 0x02, 0x07, 0x02, 0x08, 0x01, 0x09, 0x01, 0x0A, 0x01, 0x0B,
    0x03, 0x0C, 0x01, 0x0B, 0x01, 0x0A, 0x01, 0x0C, 0x01, 0x0B, 0x01, 0x0A, 0x0C, 0x08, 0x03, 0x07,
    0x02, 0x08, 0x05, 0x07, 0x02, 0x08, 0x01, 0x07, 0x05, 0x0D, 0x02, 0x06, 0x02, 0x0D, 0x01, 0x06,
    0x07, 0x05, 0x01, 0x03, 0x01, 0x05, 0x01, 0x06, 0x01, 0x05, 0x04, 0x03, 0x03, 0x02, 0x03, 0x01,
    0x0F, 0x00, 0x02, 0x01, 0x01, 0x02, 0x01, 0x03, 0x04, 0x05, 0x01, 0x06, 0x01, 0x0D, 0x02, 0x07,
    0x01, 0x08, 0x01, 0x09, 0x02, 0x0A, 0x01, 0x0B, 0x04, 0x0C, 0x01, 0x0A, 0x01, 0x0C, 0x01, 0x0B,
    0x01, 0x0A, 0x12, 0x08, 0x04, 0x07, 0x02, 0x08, 0x06, 0x07, 0x04, 0x0D, 0x04, 0x06, 0x01, 0x05,
    0x01, 0x06, 0x02, 0x05, 0x01, 0x03, 0x02, 0x06, 0x07, 0x03, 0x02, 0x02, 0x03, 0x01, 0x0E, 0x00,
    0x02, 0x01, 0x01, 0x02, 0x01, 0x03, 0x04, 0x05, 0x01, 0x06, 0x01, 0x0D, 0x02, 0x07, 0x02, 0x08,
    0x01, 0x09, 0x01, 0x0A, 0x05, 0x0C, 0x03, 0x0B, 0x02, 0x0A, 0x19, 0x08, 0x08, 0x07, 0x04, 0x0D,
    0x03, 0x06, 0x02, 0x05, 0x02, 0x06, 0x08, 0x03, 0x02, 0x02, 0x03, 0x01, 0x0D, 0x00, 0x02, 0x01,
    0x01, 0x02, 0x01, 0x03, 0x03, 0x05, 0x02, 0x06, 0x01, 0x0D, 0x02, 0x07, 0x01, 0x08, 0x01, 0x09,
    0x02, 0x0A, 0x01, 0x0B, 0x05, 0x0C, 0x03, 0x0A, 0x12, 0x08, 0x01, 0x09, 0x01, 0x08, 0x01, 0x09,
    0x01, 0x08, 0x01, 0x09, 0x08, 0x08, 0x05, 0x07, 0x03, 0x06, 0x02, 0x0D, 0x02, 0x05, 0x01, 0x07,
    0x01, 0x06, 0x03, 0x03, 0x02, 0x05, 0x04, 0x03, 0x02, 0x02, 0x03, 0x01, 0x0C, 0x00, 0x02, 0x01,
    0x01, 0x02, 0x01, 0x03, 0x04, 0x05, 0x01, 0x0D, 0x03, 0x07, 0x01, 0x08, 0x01, 0x09, 0x01, 0x0A,
    0x02, 0x0B, 0x05, 0x0C, 0x01, 0x0B, 0x02, 0x0A, 0x09, 0x08, 0x09, 0x09, 0x01, 0x0A, 0x03, 0x09,
    0x01, 0x0A, 0x08, 0x09, 0x04, 0x08, 0x03, 0x07, 0x03, 0x0D, 0x02, 0x06, 0x01, 0x07, 0x06, 0x05,
    0x05, 0x03, 0x02, 0x02, 0x03, 0x01, 0x0B, 0x00, 0x02, 0x01, 0x01, 0x02, 0x01, 0x03, 0x04, 0x05,
    0x01, 0x0D, 0x03, 0x07, 0x01, 0x08, 0x01, 0x09, 0x01, 0x0A, 0x01, 0x0B, 0x01, 0x0C, 0x01, 0x0B,
    0x05, 0x0C, 0x01, 0x0A, 0x01, 0x08, 0x02, 0x09, 0x01, 0x08, 0x01, 0x09, 0x01, 0x08, 0x03, 0x09,
    0x01, 0x08, 0x14, 0x0A, 0x06, 0x09, 0x02, 0x08, 0x04, 0x07, 0x01, 0x0D, 0x02, 0x07, 0x06, 0x05,
    0x06, 0x03, 0x02, 0x02, 0x03, 0x01, 0x0A, 0x00, 0x02, 0x01, 0x01, 0x02, 0x01, 0x03, 0x03, 0x05,
    0x01, 0x06, 0x02, 0x0D, 0x02, 0x07, 0x01, 0x08, 0x01, 0x09, 0x01, 0x0A, 0x01, 0x0B, 0x01, 0x0C,
    0x01, 0x0B, 0x05, 0x0C, 0x01, 0x0A, 0x01, 0x09, 0x02, 0x0A, 0x01, 0x09, 0x08, 0x0A, 0x05, 0x0B,
    0x09, 0x0C, 0x01, 0x0B, 0x02, 0x0A, 0x01, 0x0B, 0x02, 0x0A, 0x01, 0x09, 0x01, 0x0A, 0x04, 0x09,
    0x02, 0x08, 0x05, 0x07, 0x04, 0x06, 0x03, 0x05, 0x06, 0x03, 0x02, 0x02, 0x02, 0x01, 0x0A, 0x00,
    0x02, 0x01, 0x01, 0x02, 0x01, 0x03, 0x03, 0x05, 0x01, 0x0D, 0x01, 0x06, 0x01, 0x0D, 0x02, 0x07,
    0x01, 0x08, 0x01, 0x09, 0x01, 0x0A, 0x01, 0x0B, 0x02, 0x0C, 0x05, 0x0B, 0x08, 0x0A, 0x04, 0x0B,
    0x04, 0x0C, 0x02, 0x0B, 0x09, 0x0C, 0x02, 0x0A, 0x01, 0x0B, 0x02, 0x0C, 0x01, 0x0B, 0x02, 0x0A,
    0x01, 0x0B, 0x02, 0x0A, 0x03, 0x09, 0x01, 0x08, 0x01, 0x07, 0x02, 0x08, 0x01, 0x07, 0x01, 0x0D,
    0x04, 0x06, 0x03, 0x05, 0x06, 0x03, 0x02, 0x02, 0x02, 0x01, 0x09, 0x00, 0x02, 0x01, 0x01, 0x02,
    0x01, 0x03, 0x03, 0x05, 0x01, 0x0D, 0x01, 0x06, 0x01, 0x0D, 0x02, 0x07, 0x01, 0x08, 0x01, 0x09,
    0x01, 0x0A, 0x02, 0x0C, 0x01, 0x0B, 0x05, 0x0C, 0x05, 0x0A, 0x01, 0x0B, 0x04, 0x0C, 0x01, 0x0B,
    0x06, 0x0C, 0x01, 0x0B, 0x08, 0x0C, 0x01, 0x0B, 0x02, 0x0A, 0x04, 0x0C, 0x01, 0x0A, 0x01, 0x0B,
    0x02, 0x0C, 0x01, 0x0B, 0x03, 0x0A, 0x02, 0x09, 0x02, 0x08, 0x02, 0x07, 0x02, 0x06, 0x01, 0x0D,
    0x01, 0x06, 0x05, 0x05, 0x05, 0x03, 0x01, 0x02, 0x02, 0x01, 0x09, 0x00, 0x02, 0x01, 0x01, 0x02,
    0x01, 0x03, 0x03, 0x05, 0x01, 0x06, 0x01, 0x0D, 0x02, 0x07, 0x01, 0x08, 0x02, 0x09, 0x01, 0x0A,
    0x02, 0x0C, 0x01, 0x0B, 0x04, 0x0C, 0x01, 0x0B, 0x03, 0x0A, 0x01, 0x0B, 0x01, 0x09, 0x01, 0x0B,
    0x04, 0x0C, 0x01, 0x0B, 0x05, 0x0C, 0x05, 0x0B, 0x01, 0x0A, 0x04, 0x0B, 0x03, 0x0A, 0x02, 0x0B,
    0x02, 0x0C, 0x01, 0x0A, 0x01, 0x0B, 0x02, 0x0C, 0x01, 0x0B, 0x01, 0x0A, 0x02, 0x0B, 0x01, 0x0A,
    0x01, 0x09, 0x01, 0x0A, 0x01, 0x09, 0x01, 0x08, 0x02, 0x07, 0x01, 0x06, 0x02, 0x0D, 0x01, 0x06,
    0x07, 0x05, 0x03, 0x03, 0x01, 0x02, 0x02, 0x01, 0x08, 0x00, 0x02, 0x01, 0x01, 0x02, 0x01, 0x03,
    0x03, 0x05, 0x01, 0x06, 0x01, 0x0D, 0x02, 0x07, 0x01, 0x08, 0x02, 0x09, 0x01, 0x0A, 0x01, 0x0C,
    0x01, 0x0B, 0x06, 0x0C, 0x01, 0x0A, 0x02, 0x0B, 0x01, 0x0A, 0x01, 0x0B, 0x01, 0x0A, 0x01, 0x0B,
    0x02, 0x0C, 0x01, 0x0B, 0x02, 0x0C, 0x01, 0x0B, 0x07, 0x0A, 0x03, 0x0B, 0x0C, 0x0A, 0x01, 0x0C,
    0x01, 0x0B, 0x01, 0x0A, 0x01, 0x0B, 0x02, 0x0C, 0x01, 0x0B, 0x02, 0x0A, 0x02, 0x09, 0x01, 0x08,
    0x03, 0x07, 0x01, 0x0D, 0x02, 0x06, 0x06, 0x05, 0x03, 0x03, 0x01, 0x02, 0x02, 0x01, 0x08, 0x00,
    0x02, 0x01, 0x01, 0x02, 0x01, 0x03, 0x03, 0x05, 0x01, 0x06, 0x01, 0x0D, 0x02, 0x07, 0x01, 0x08,
    0x02, 0x09, 0x01, 0x0A, 0x01, 0x0B, 0x06, 0x0C, 0x01, 0x0B, 0x01, 0x0A, 0x01, 0x0C, 0x01, 0x0B,
    0x01, 0x0A, 0x01, 0x0C, 0x01, 0x0B, 0x01, 0x0A, 0x03, 0x0B, 0x03, 0x0A, 0x02, 0x0B, 0x04, 0x0C,
    0x01, 0x0B, 0x04, 0x0C, 0x02, 0x0B, 0x02, 0x0C, 0x02, 0x0B, 0x07, 0x0A, 0x01, 0x0B, 0x02, 0x0C,
    0x02, 0x0B, 0x01, 0x0C, 0x01, 0x0B, 0x01, 0x0A, 0x02, 0x09, 0x02, 0x08, 0x02, 0x07, 0x01, 0x0D,
    0x03, 0x06, 0x04, 0x05, 0x04, 0x03, 0x01, 0x02, 0x02, 0x01, 0x07, 0x00, 0x02, 0x01, 0x01, 0x02,
    0x01, 0x03, 0x03, 0x05, 0x02, 0x06, 0x01, 0x0D, 0x01, 0x07, 0x02, 0x08, 0x01, 0x09, 0x01, 0x0A,
    0x01, 0x0B, 0x06, 0x0C, 0x03, 0x0B, 0x01, 0x0A, 0x01, 0x0B, 0x02, 0x0C, 0x01, 0x0B, 0x03, 0x0A,
    0x01, 0x0B, 0x08, 0x0C, 0x01, 0x0B, 0x05, 0x0C, 0x01, 0x0B, 0x06, 0x0C, 0x01, 0x0B, 0x05, 0x0A,
    0x01, 0x0B, 0x02, 0x0C, 0x01, 0x0B, 0x02, 0x0C, 0x01, 0x0B, 0x02, 0x0A, 0x02, 0x09, 0x01, 0x08,
    0x02, 0x07, 0x01, 0x0D, 0x02, 0x06, 0x05, 0x05, 0x01, 0x03, 0x01, 0x05, 0x01, 0x03, 0x01, 0x02,
    0x02, 0x01, 0x07, 0x00, 0x02, 0x01, 0x01, 0x02, 0x01, 0x03, 0x04, 0x05, 0x01, 0x0D, 0x02, 0x07,
    0x01, 0x08, 0x01, 0x09, 0x01, 0x0A, 0x01, 0x0B, 0x01, 0x0C, 0x01, 0x0B, 0x05, 0x0C, 0x01, 0x0A,
    0x01, 0x0B, 0x02, 0x0A, 0x02, 0x0C, 0x01, 0x0B, 0x01, 0x0A, 0x02, 0x0B, 0x01, 0x0A, 0x01, 0x0B,
    0x07, 0x0C, 0x09, 0x0B, 0x04, 0x0C, 0x01, 0x0B, 0x03, 0x0A, 0x01, 0x0B, 0x04, 0x0A, 0x01, 0x0B,
    0x01, 0x0C, 0x01, 0x0B, 0x02, 0x0C, 0x03, 0x0A, 0x02, 0x09, 0x01, 0x08, 0x02, 0x07, 0x03, 0x06,
    0x06, 0x05, 0x01, 0x03, 0x02, 0x02, 0x02, 0x01, 0x06, 0x00, 0x02, 0x01, 0x01, 0x02, 0x02, 0x03,
    0x03, 0x05, 0x01, 0x0D, 0x02, 0x07, 0x01, 0x08, 0x01, 0x09, 0x02, 0x0A, 0x01, 0x0C, 0x02, 0x0B,
    0x03, 0x0C, 0x01, 0x0B, 0x01, 0x0A, 0x01, 0x0B, 0x01, 0x0A, 0x01, 0x0C, 0x01, 0x0B, 0x02, 0x0A,
    0x01, 0x0B, 0x02, 0x0C, 0x01, 0x0B, 0x02, 0x0A, 0x03, 0x0B, 0x03, 0x0A, 0x01, 0x09, 0x09, 0x0A,
    0x02, 0x0B, 0x02, 0x0A, 0x01, 0x0B, 0x01, 0x0A, 0x01, 0x0B, 0x01, 0x0C, 0x01, 0x0B, 0x02, 0x0A,
    0x01, 0x0B, 0x02, 0x0A, 0x01, 0x0B, 0x01, 0x0C, 0x01, 0x0B, 0x01, 0x0A, 0x01, 0x0C, 0x01, 0x0B,
    0x01, 0x0A, 0x01, 0x09, 0x02, 0x08, 0x02, 0x07, 0x03, 0x06, 0x06, 0x05, 0x01, 0x03, 0x01, 0x02,
    0x02, 0x01, 0x06, 0x00, 0x02, 0x01, 0x01, 0x02, 0x02, 0x03, 0x02, 0x05, 0x02, 0x06, 0x02, 0x07,
    0x01, 0x08, 0x01, 0x09, 0x02, 0x0A, 0x01, 0x0B, 0x01, 0x0C, 0x01, 0x0B, 0x03, 0x0C, 0x03, 0x0A,
    0x01, 0x0B, 0x02, 0x0A, 0x01, 0x0B, 0x05, 0x0C, 0x01, 0x0B, 0x04, 0x0A, 0x01, 0x09, 0x01, 0x0A,
    0x0B, 0x09, 0x03, 0x0A, 0x01, 0x0B, 0x01, 0x0C, 0x01, 0x0A, 0x01, 0x0B, 0x03, 0x0C, 0x01, 0x0B,
    0x01, 0x0A, 0x02, 0x0B, 0x03, 0x0A, 0x03, 0x0C, 0x01, 0x0B, 0x01, 0x0A, 0x02, 0x09, 0x01, 0x08,
    0x02, 0x07, 0x05, 0x06, 0x03, 0x05, 0x01, 0x03, 0x01, 0x02, 0x02, 0x01, 0x06, 0x00, 0x02, 0x01,
    0x01, 0x02, 0x01, 0x03, 0x03, 0x05, 0x03, 0x06, 0x01, 0x07, 0x01, 0x08, 0x01, 0x09, 0x01, 0x0A,
    0x01, 0x0B, 0x01, 0x0A, 0x02, 0x0C, 0x01, 0x0B, 0x01, 0x0C, 0x01, 0x0B, 0x04, 0x0A, 0x01, 0x0B,
    0x05, 0x0C, 0x01, 0x0B, 0x03, 0x0A, 0x03, 0x09, 0x0A, 0x08, 0x02, 0x09, 0x02, 0x08, 0x03, 0x09,
    0x02, 0x0A, 0x01, 0x0B, 0x05, 0x0C, 0x01, 0x0A, 0x02, 0x0B, 0x02, 0x0A, 0x01, 0x0C, 0x03, 0x0B,
    0x02, 0x0A, 0x02, 0x09, 0x01, 0x08, 0x02, 0x07, 0x03, 0x06, 0x01, 0x0D, 0x01, 0x06, 0x03, 0x05,
    0x01, 0x02, 0x01, 0x04, 0x01, 0x01, 0x06, 0x00, 0x02, 0x01, 0x01, 0x02, 0x01, 0x03, 0x03, 0x05,
    0x03, 0x06, 0x01, 0x07, 0x01, 0x08, 0x01, 0x09, 0x01, 0x0A, 0x01, 0x0C, 0x01, 0x0B, 0x01, 0x0A,
    0x02, 0x0B, 0x01, 0x0C, 0x04, 0x0A, 0x01, 0x0B, 0x04, 0x0C, 0x01, 0x0B, 0x03, 0x0A, 0x01, 0x09,
    0x01, 0x08, 0x01, 0x09, 0x11, 0x08, 0x02, 0x09, 0x01, 0x0A, 0x01, 0x09, 0x01, 0x0A, 0x01, 0x0B,
    0x05, 0x0C, 0x02, 0x0A, 0x01, 0x0B, 0x02, 0x0A, 0x02, 0x0C, 0x01, 0x0B, 0x01, 0x0A, 0x01, 0x0B,
    0x01, 0x0A, 0x01, 0x09, 0x02, 0x08, 0x02, 0x07, 0x02, 0x06, 0x01, 0x0D, 0x01, 0x06, 0x03, 0x05,
    0x01, 0x03, 0x01, 0x02, 0x02, 0x01, 0x05, 0x00, 0x02, 0x01, 0x01, 0x02, 0x02, 0x03, 0x02, 0x05,
    0x02, 0x06, 0x02, 0x07, 0x01, 0x08, 0x01, 0x09, 0x01, 0x0A, 0x02, 0x0C, 0x02, 0x0A, 0x01, 0x0C,
    0x01, 0x0B, 0x03, 0x0A, 0x02, 0x0B, 0x03, 0x0C, 0x01, 0x0B, 0x03, 0x0A, 0x01, 0x09, 0x0A, 0x08,
    0x04, 0x07, 0x08, 0x08, 0x03, 0x09, 0x02, 0x0A, 0x01, 0x0B, 0x02, 0x0C, 0x01, 0x0B, 0x03, 0x0A,
    0x01, 0x0C, 0x01, 0x0A, 0x01, 0x0B, 0x01, 0x0C, 0x01, 0x0A, 0x03, 0x0B, 0x02, 0x09, 0x01, 0x08,
    0x02, 0x07, 0x02, 0x0D, 0x02, 0x06, 0x03, 0x05, 0x01, 0x03, 0x01, 0x02, 0x02, 0x01, 0x05, 0x00,
    0x02, 0x01, 0x02, 0x02, 0x02, 0x03, 0x02, 0x05, 0x02, 0x06, 0x01, 0x07, 0x01, 0x08, 0x01, 0x09,
    0x01, 0x0A, 0x02, 0x0C, 0x01, 0x0B, 0x01, 0x0A, 0x01, 0x0B, 0x03, 0x0A, 0x03, 0x0C, 0x02, 0x0B,
    0x03, 0x0A, 0x01, 0x09, 0x06, 0x08, 0x04, 0x07, 0x01, 0x08, 0x05, 0x07, 0x02, 0x08, 0x03, 0x07,
    0x06, 0x08, 0x01, 0x09, 0x02, 0x0A, 0x02, 0x0B, 0x01, 0x0A, 0x03, 0x0B, 0x01, 0x0A, 0x01, 0x0C,
    0x03, 0x0A, 0x01, 0x0C, 0x03, 0x0B, 0x02, 0x09, 0x01, 0x08, 0x02, 0x07, 0x02, 0x0D, 0x02, 0x06,
    0x02, 0x05, 0x01, 0x03, 0x01, 0x02, 0x02, 0x01, 0x06, 0x00, 0x01, 0x01, 0x01, 0x04, 0x01, 0x02,
    0x03, 0x03, 0x01, 0x05, 0x02, 0x06, 0x01, 0x07, 0x01, 0x08, 0x01, 0x09, 0x01, 0x0B, 0x02, 0x0C,
    0x02, 0x0B, 0x03, 0x0A, 0x04, 0x0C, 0x03, 0x0A, 0x02, 0x09, 0x04, 0x08, 0x07, 0x07, 0x01, 0x08,
    0x05, 0x07, 0x02, 0x08, 0x07, 0x07, 0x03, 0x08, 0x01, 0x09, 0x03, 0x0A, 0x02, 0x0B, 0x02, 0x0C,
    0x01, 0x0B, 0x01, 0x0A, 0x01, 0x0B, 0x01, 0x09, 0x01, 0x0B, 0x02, 0x0C, 0x02, 0x0B, 0x01, 0x0A,
    0x02, 0x09, 0x01, 0x08, 0x02, 0x07, 0x01, 0x0D, 0x03, 0x06, 0x02, 0x05, 0x01, 0x02, 0x02, 0x01,
    0x06, 0x00, 0x02, 0x01, 0x01, 0x02, 0x03, 0x03, 0x02, 0x05, 0x01, 0x06, 0x02, 0x07, 0x01, 0x09,
    0x01, 0x0A, 0x01, 0x0C, 0x01, 0x0B, 0x02, 0x0C, 0x02, 0x0A, 0x04, 0x0C, 0x01, 0x0B, 0x01, 0x0A,
    0x01, 0x08, 0x01, 0x09, 0x04, 0x08, 0x06, 0x07, 0x02, 0x0D, 0x01, 0x07, 0x01, 0x08, 0x04, 0x07,
    0x01, 0x0D, 0x02, 0x07, 0x02, 0x0D, 0x06, 0x07, 0x05, 0x08, 0x02, 0x0A, 0x01, 0x0B, 0x03, 0x0C,
    0x01, 0x0B, 0x03, 0x0A, 0x02, 0x0C, 0x03, 0x0B, 0x01, 0x09, 0x02, 0x08, 0x02, 0x07, 0x01, 0x0D,
    0x04, 0x06, 0x01, 0x05, 0x01, 0x03, 0x01, 0x02, 0x01, 0x01, 0x06, 0x00, 0x02, 0x01, 0x01, 0x02,
    0x04, 0x03, 0x01, 0x05, 0x02, 0x06, 0x01, 0x07, 0x01, 0x09, 0x01, 0x0A, 0x02, 0x0C, 0x02, 0x0B,
    0x02, 0x0A, 0x01, 0x0B, 0x02, 0x0C, 0x02, 0x0A, 0x01, 0x09, 0x01, 0x08, 0x01, 0x09, 0x02, 0x08,
    0x07, 0x07, 0x03, 0x0D, 0x01, 0x07, 0x01, 0x08, 0x05, 0x0D, 0x02, 0x07, 0x04, 0x0D, 0x05, 0x07,
    0x03, 0x08, 0x02, 0x09, 0x02, 0x0A, 0x01, 0x0B, 0x02, 0x0C, 0x03, 0x0A, 0x01, 0x0B, 0x01, 0x0A,
    0x01, 0x0C, 0x01, 0x0B, 0x02, 0x0C, 0x02, 0x0A, 0x01, 0x09, 0x01, 0x08, 0x01, 0x07, 0x01, 0x0D,
    0x04, 0x06, 0x01, 0x05, 0x01, 0x03, 0x01, 0x02, 0x01, 0x01, 0x06, 0x00, 0x02, 0x01, 0x01, 0x02,
    0x04, 0x03, 0x01, 0x05, 0x02, 0x06, 0x01, 0x07, 0x02, 0x09, 0x01, 0x0B, 0x01, 0x0C, 0x01, 0x0B,
    0x01, 0x0A, 0x01, 0x0B, 0x01, 0x0C, 0x01, 0x0A, 0x02, 0x0B, 0x02, 0x09, 0x03, 0x08, 0x07, 0x07,
    0x06, 0x0D, 0x01, 0x07, 0x05, 0x0D, 0x02, 0x07, 0x06, 0x0D, 0x05, 0x07, 0x01, 0x08, 0x01, 0x09,
    0x01, 0x08, 0x01, 0x09, 0x02, 0x0A, 0x01, 0x0B, 0x04, 0x0A, 0x02, 0x0B, 0x01, 0x0A, 0x03, 0x0C,
    0x01, 0x0B, 0x01, 0x0A, 0x01, 0x09, 0x01, 0x08, 0x03, 0x07, 0x01, 0x0D, 0x02, 0x06, 0x01, 0x05,
    0x01, 0x03, 0x01, 0x02, 0x01, 0x01, 0x06, 0x00, 0x02, 0x01, 0x02, 0x02, 0x03, 0x03, 0x02, 0x05,
    0x02, 0x06, 0x01, 0x07, 0x01, 0x09, 0x01, 0x0A, 0x01, 0x0C, 0x01, 0x0B, 0x01, 0x09, 0x02, 0x0C,
    0x01, 0x0B, 0x02, 0x0A, 0x01, 0x09, 0x03, 0x08, 0x03, 0x07, 0x03, 0x0D, 0x01, 0x07, 0x02, 0x0D,
    0x01, 0x06, 0x04, 0x0D, 0x01, 0x07, 0x01, 0x0D, 0x01, 0x06, 0x03, 0x0D, 0x02, 0x07, 0x06, 0x0D,
    0x05, 0x07, 0x03, 0x08, 0x03, 0x09, 0x02, 0x0A, 0x01, 0x09, 0x02, 0x0C, 0x01, 0x0A, 0x01, 0x0B,
    0x01, 0x0A, 0x03, 0x0C, 0x01, 0x0B, 0x02, 0x0A, 0x02, 0x08, 0x02, 0x07, 0x03, 0x0D, 0x01, 0x06,
    0x01, 0x03, 0x01, 0x02, 0x01, 0x01, 0x07, 0x00, 0x02, 0x01, 0x01, 0x02, 0x03, 0x03, 0x03, 0x05,
    0x01, 0x06, 0x01, 0x07, 0x01, 0x08, 0x02, 0x09, 0x02, 0x0A, 0x02, 0x0B, 0x03, 0x09, 0x01, 0x08,
    0x04, 0x07, 0x0D, 0x0D, 0x01, 0x07, 0x01, 0x0D, 0x01, 0x05, 0x01, 0x0D, 0x02, 0x06, 0x02, 0x07,
    0x06, 0x0D, 0x05, 0x07, 0x04, 0x08, 0x03, 0x09, 0x02, 0x0A, 0x02, 0x0C, 0x01, 0x0B, 0x01, 0x0A,
    0x02, 0x0B, 0x02, 0x0C, 0x01, 0x0B, 0x02, 0x0A, 0x01, 0x09, 0x02, 0x08, 0x02, 0x07, 0x03, 0x0D,
    0x01, 0x05, 0x01, 0x02, 0x01, 0x01, 0x07, 0x00, 0x02, 0x01, 0x01, 0x02, 0x03, 0x03, 0x03, 0x05,
    0x02, 0x06, 0x02, 0x07, 0x03, 0x09, 0x04, 0x08, 0x04, 0x07, 0x01, 0x06, 0x02, 0x0D, 0x02, 0x06,
    0x06, 0x0D, 0x01, 0x06, 0x01, 0x0D, 0x01, 0x05, 0x01, 0x0D, 0x01, 0x07, 0x01, 0x06, 0x01, 0x05,
    0x01, 0x06, 0x02, 0x05, 0x01, 0x0D, 0x01, 0x07, 0x0A, 0x0D, 0x01, 0x07, 0x01, 0x08, 0x02, 0x07,
    0x02, 0x08, 0x03, 0x09, 0x01, 0x0A, 0x03, 0x0C, 0x01, 0x0A, 0x01, 0x0B, 0x01, 0x0A, 0x02, 0x0C,
    0x03, 0x0A, 0x02, 0x09, 0x01, 0x08, 0x02, 0x07, 0x03, 0x0D, 0x01, 0x05, 0x01, 0x02, 0x02, 0x01,
    0x06, 0x00, 0x02, 0x01, 0x02, 0x02, 0x05, 0x03, 0x01, 0x05, 0x03, 0x06, 0x02, 0x07, 0x03, 0x08,
    0x05, 0x07, 0x08, 0x06, 0x01, 0x0D, 0x01, 0x06, 0x03, 0x05, 0x01, 0x06, 0x01, 0x05, 0x01, 0x06,
    0x01, 0x07, 0x01, 0x06, 0x01, 0x05, 0x01, 0x06, 0x02, 0x05, 0x02, 0x07, 0x03, 0x06, 0x07, 0x0D,
    0x05, 0x07, 0x03, 0x08, 0x02, 0x0A, 0x03, 0x0C, 0x01, 0x0B, 0x02, 0x0A, 0x01, 0x0B, 0x01, 0x0C,
    0x01, 0x0A, 0x02, 0x0B, 0x01, 0x0A, 0x01, 0x09, 0x01, 0x08, 0x02, 0x07, 0x03, 0x0D, 0x01, 0x05,
    0x01, 0x02, 0x02, 0x01, 0x06, 0x00, 0x03, 0x01, 0x01, 0x02, 0x05, 0x03, 0x03, 0x05, 0x03, 0x06,
    0x02, 0x07, 0x08, 0x06, 0x0E, 0x05, 0x01, 0x0D, 0x05, 0x05, 0x02, 0x0D, 0x01, 0x06, 0x01, 0x05,
    0x02, 0x06, 0x06, 0x0D, 0x02, 0x07, 0x01, 0x0D, 0x03, 0x07, 0x02, 0x08, 0x03, 0x0A, 0x03, 0x0C,
    0x03, 0x0A, 0x01, 0x0C, 0x01, 0x0A, 0x01, 0x0B, 0x01, 0x0C, 0x01, 0x0A, 0x03, 0x08, 0x02, 0x07,
    0x02, 0x0D, 0x01, 0x05, 0x01, 0x03, 0x01, 0x04, 0x01, 0x01, 0x07, 0x00, 0x02, 0x01, 0x02, 0x02,
    0x06, 0x03, 0x02, 0x05, 0x07, 0x06, 0x03, 0x05, 0x02, 0x06, 0x15, 0x05, 0x01, 0x06, 0x05, 0x05,
    0x02, 0x06, 0x06, 0x0D, 0x03, 0x07, 0x02, 0x08, 0x01, 0x09, 0x02, 0x0A, 0x01, 0x0B, 0x02, 0x0C,
    0x01, 0x0B, 0x02, 0x0A, 0x01, 0x0B, 0x01, 0x0A, 0x01, 0x0B, 0x01, 0x0C, 0x01, 0x0A, 0x02, 0x09,
    0x01, 0x08, 0x02, 0x07, 0x02, 0x0D, 0x01, 0x05, 0x01, 0x03, 0x01, 0x04, 0x01, 0x01, 0x07, 0x00,
    0x03, 0x01, 0x02, 0x02, 0x05, 0x03, 0x1A, 0x05, 0x08, 0x03, 0x07, 0x05, 0x03, 0x06, 0x01, 0x0D,
    0x02, 0x07, 0x02, 0x0D, 0x04, 0x07, 0x02, 0x08, 0x01, 0x09, 0x02, 0x0A, 0x03, 0x0C, 0x04, 0x0A,
    0x02, 0x0B, 0x02, 0x0A, 0x01, 0x09, 0x01, 0x08, 0x03, 0x07, 0x01, 0x0D, 0x01, 0x06, 0x01, 0x03,
    0x01, 0x02, 0x01, 0x01, 0x08, 0x00, 0x02, 0x01, 0x03, 0x02, 0x03, 0x03, 0x05, 0x05, 0x01, 0x03,
    0x10, 0x05, 0x06, 0x03, 0x01, 0x02, 0x01, 0x04, 0x05, 0x02, 0x03, 0x03, 0x04, 0x05, 0x01, 0x06,
    0x01, 0x05, 0x01, 0x06, 0x01, 0x0D, 0x01, 0x07, 0x04, 0x0D, 0x04, 0x07, 0x02, 0x08, 0x01, 0x09,
    0x01, 0x0A, 0x01, 0x0B, 0x02, 0x0C, 0x01, 0x0B, 0x03, 0x0A, 0x01, 0x0B, 0x01, 0x0C, 0x01, 0x0B,
    0x01, 0x0A, 0x01, 0x09, 0x01, 0x08, 0x03, 0x07, 0x01, 0x0D, 0x01, 0x06, 0x01, 0x03, 0x01, 0x02,
    0x01, 0x01, 0x08, 0x00, 0x03, 0x01, 0x03, 0x02, 0x05, 0x03, 0x02, 0x05, 0x03, 0x03, 0x0C, 0x05,
    0x04, 0x03, 0x03, 0x02, 0x01, 0x04, 0x01, 0x02, 0x03, 0x04, 0x05, 0x02, 0x02, 0x03, 0x06, 0x05,
    0x01, 0x0D, 0x01, 0x07, 0x05, 0x0D, 0x03, 0x07, 0x02, 0x08, 0x01, 0x09, 0x02, 0x0A, 0x01, 0x0C,
    0x02, 0x0B, 0x03, 0x0A, 0x01, 0x0B, 0x01, 0x0C, 0x01, 0x0B, 0x02, 0x09, 0x02, 0x08, 0x02, 0x07,
    0x01, 0x0D, 0x01, 0x06, 0x01, 0x03, 0x01, 0x02, 0x01, 0x01, 0x09, 0x00, 0x03, 0x01, 0x04, 0x02,
    0x0C, 0x03, 0x02, 0x05, 0x06, 0x03, 0x05, 0x02, 0x01, 0x04, 0x0A, 0x01, 0x03, 0x02, 0x02, 0x03,
    0x04, 0x05, 0x01, 0x0D, 0x01, 0x07, 0x01, 0x06, 0x04, 0x0D, 0x04, 0x07, 0x02, 0x08, 0x01, 0x09,
    0x01, 0x0A, 0x02, 0x0B, 0x01, 0x0C, 0x01, 0x0B, 0x02, 0x0A, 0x03, 0x0C, 0x01, 0x0A, 0x02, 0x09,
    0x01, 0x08, 0x03, 0x07, 0x01, 0x0D, 0x01, 0x03, 0x01, 0x02, 0x01, 0x01, 0x0A, 0x00, 0x04, 0x01,
    0x04, 0x02, 0x0F, 0x03, 0x05, 0x02, 0x10, 0x01, 0x02, 0x02, 0x02, 0x03, 0x02, 0x05, 0x01, 0x06,
    0x02, 0x0D, 0x01, 0x06, 0x05, 0x0D, 0x03, 0x07, 0x02, 0x08, 0x01, 0x09, 0x02, 0x0A, 0x02, 0x0C,
    0x01, 0x0B, 0x02, 0x0A, 0x03, 0x0C, 0x01, 0x0A, 0x01, 0x08, 0x01, 0x09, 0x01, 0x08, 0x03, 0x07,
    0x01, 0x0D, 0x01, 0x03, 0x01, 0x02, 0x01, 0x01, 0x0A, 0x00, 0x05, 0x01, 0x05, 0x02, 0x0A, 0x03,
    0x06, 0x02, 0x07, 0x01, 0x08, 0x00, 0x04, 0x01, 0x02, 0x02, 0x01, 0x03, 0x02, 0x05, 0x03, 0x06,
    0x06, 0x0D, 0x03, 0x07, 0x03, 0x08, 0x01, 0x09, 0x01, 0x0A, 0x01, 0x0B, 0x02, 0x0C, 0x02, 0x0A,
    0x03, 0x0C, 0x01, 0x0B, 0x03, 0x08, 0x03, 0x07, 0x01, 0x0D, 0x01, 0x03, 0x01, 0x02, 0x01, 0x01,
    0x0B, 0x00, 0x05, 0x01, 0x11, 0x02, 0x06, 0x01, 0x0E, 0x00, 0x03, 0x01, 0x02, 0x02, 0x01, 0x03,
    0x01, 0x05, 0x01, 0x06, 0x02, 0x05, 0x01, 0x06, 0x05, 0x0D, 0x04, 0x07, 0x02, 0x08, 0x02, 0x09,
    0x01, 0x0B, 0x02, 0x0C, 0x02, 0x0A, 0x03, 0x0C, 0x01, 0x0B, 0x01, 0x08, 0x01, 0x09, 0x01, 0x08,
    0x03, 0x07, 0x01, 0x0D, 0x01, 0x03, 0x01, 0x02, 0x01, 0x01, 0x0C, 0x00, 0x06, 0x01, 0x0B, 0x02,
    0x01, 0x01, 0x01, 0x02, 0x06, 0x01, 0x11, 0x00, 0x02, 0x01, 0x01, 0x04, 0x01, 0x02, 0x02, 0x03,
    0x03, 0x05, 0x03, 0x06, 0x03, 0x0D, 0x04, 0x07, 0x02, 0x08, 0x01, 0x09, 0x02, 0x0A, 0x02, 0x0C,
    0x01, 0x0B, 0x01, 0x0A, 0x03, 0x0C, 0x01, 0x0A, 0x02, 0x09, 0x01, 0x08, 0x03, 0x07, 0x01, 0x06,
    0x01, 0x03, 0x01, 0x02, 0x01, 0x01, 0x0C, 0x00, 0x08, 0x01, 0x02, 0x04, 0x01, 0x02, 0x01, 0x04,
    0x02, 0x02, 0x09, 0x01, 0x14, 0x00, 0x02, 0x01, 0x02, 0x02, 0x01, 0x03, 0x01, 0x05, 0x01, 0x06,
    0x01, 0x05, 0x04, 0x06, 0x04, 0x0D, 0x02, 0x07, 0x02, 0x08, 0x01, 0x09, 0x02, 0x0A, 0x01, 0x0B,
    0x01, 0x0C, 0x02, 0x0A, 0x01, 0x0B, 0x02, 0x0C, 0x02, 0x0A, 0x01, 0x09, 0x01, 0x08, 0x03, 0x07,
    0x01, 0x06, 0x01, 0x03, 0x01, 0x02, 0x01, 0x01, 0x0C, 0x00, 0x08, 0x01, 0x02, 0x04, 0x01, 0x01,
    0x01, 0x04, 0x09, 0x01, 0x16, 0x00, 0x02, 0x01, 0x01, 0x04, 0x01, 0x02, 0x01, 0x03, 0x02, 0x05,
    0x03, 0x06, 0x06, 0x0D, 0x03, 0x07, 0x01, 0x08, 0x01, 0x09, 0x02, 0x0A, 0x01, 0x0B, 0x01, 0x0C,
    0x02, 0x0A, 0x01, 0x0B, 0x01, 0x0C, 0x02, 0x0B, 0x01, 0x0A, 0x01, 0x09, 0x02, 0x08, 0x02, 0x07,
    0x01, 0x06, 0x01, 0x03, 0x01, 0x02, 0x01, 0x01, 0x0C, 0x00, 0x09, 0x01, 0x01, 0x02, 0x0A, 0x01,
    0x18, 0x00, 0x02, 0x01, 0x01, 0x02, 0x02, 0x03, 0x01, 0x05, 0x03, 0x06, 0x06, 0x0D, 0x03, 0x07,
    0x01, 0x08, 0x02, 0x09, 0x06, 0x0A, 0x03, 0x0B, 0x02, 0x09, 0x02, 0x08, 0x02, 0x07, 0x01, 0x06,
    0x01, 0x03, 0x01, 0x02, 0x01, 0x01, 0x0B, 0x00, 0x15, 0x01, 0x18, 0x00, 0x02, 0x01, 0x01, 0x04,
    0x01, 0x02, 0x01, 0x03, 0x03, 0x05, 0x02, 0x06, 0x05, 0x0D, 0x03, 0x07, 0x01, 0x08, 0x02, 0x09,
    0x05, 0x0A, 0x01, 0x0B, 0x01, 0x0C, 0x01, 0x0B, 0x02, 0x0A, 0x01, 0x09, 0x02, 0x08, 0x02, 0x07,
    0x01, 0x06, 0x01, 0x03, 0x01, 0x02, 0x01, 0x01, 0x0A, 0x00, 0x0A, 0x01, 0x02, 0x04, 0x0A, 0x01,
    0x18, 0x00, 0x02, 0x01, 0x01, 0x04, 0x01, 0x02, 0x01, 0x03, 0x04, 0x05, 0x02, 0x06, 0x02, 0x0D,
    0x05, 0x07, 0x02, 0x08, 0x01, 0x0A, 0x01, 0x09, 0x04, 0x0A, 0x01, 0x0B, 0x02, 0x0C, 0x02, 0x0A,
    0x01, 0x09, 0x01, 0x08, 0x03, 0x07, 0x01, 0x06, 0x01, 0x03, 0x01, 0x02, 0x01, 0x01, 0x0A, 0x00,
    0x06, 0x01, 0x01, 0x04, 0x04, 0x02, 0x01, 0x04, 0x04, 0x02, 0x06, 0x01, 0x18, 0x00, 0x02, 0x01,
    0x01, 0x04, 0x01, 0x02, 0x01, 0x03, 0x04, 0x05, 0x02, 0x06, 0x03, 0x0D, 0x04, 0x07, 0x01, 0x08,
    0x03, 0x09, 0x02, 0x0A, 0x01, 0x0B, 0x01, 0x0A, 0x01, 0x0B, 0x02, 0x0C, 0x01, 0x0B, 0x02, 0x09,
    0x02, 0x08, 0x02, 0x07, 0x01, 0x06, 0x01, 0x03, 0x01, 0x02, 0x01, 0x01, 0x09, 0x00, 0x06, 0x01,
    0x0D, 0x02, 0x05, 0x01, 0x17, 0x00, 0x02, 0x01, 0x01, 0x04, 0x01, 0x02, 0x01, 0x03, 0x03, 0x05,
    0x02, 0x06, 0x02, 0x0D, 0x01, 0x06, 0x01, 0x0D, 0x04, 0x07, 0x03, 0x08, 0x03, 0x0A, 0x01, 0x0B,
    0x01, 0x0A, 0x01, 0x0B, 0x02, 0x0C, 0x01, 0x0B, 0x01, 0x09, 0x03, 0x08, 0x02, 0x07, 0x01, 0x0D,
    0x01, 0x03, 0x01, 0x02, 0x01, 0x01, 0x08, 0x00, 0x04, 0x01, 0x01, 0x04, 0x07, 0x02, 0x02, 0x03,
    0x07, 0x02, 0x06, 0x01, 0x15, 0x00, 0x02, 0x01, 0x02, 0x02, 0x01, 0x03, 0x03, 0x05, 0x02, 0x06,
    0x04, 0x0D, 0x04, 0x07, 0x03, 0x08, 0x03, 0x0A, 0x01, 0x0C, 0x01, 0x0A, 0x01, 0x0B, 0x02, 0x0C,
    0x01, 0x0B, 0x04, 0x08, 0x02, 0x07, 0x01, 0x0D, 0x01, 0x03, 0x01, 0x02, 0x01, 0x01, 0x08, 0x00,
    0x03, 0x01, 0x08, 0x02, 0x06, 0x03, 0x06, 0x02, 0x04, 0x01, 0x14, 0x00, 0x02, 0x01, 0x01, 0x04,
    0x01, 0x02, 0x01, 0x03, 0x04, 0x05, 0x02, 0x06, 0x04, 0x0D, 0x04, 0x07, 0x01, 0x08, 0x02, 0x09,
    0x02, 0x0A, 0x01, 0x0B, 0x01, 0x0C, 0x01, 0x0A, 0x03, 0x0C, 0x01, 0x0B, 0x01, 0x08, 0x01, 0x09,
    0x02, 0x08, 0x02, 0x07, 0x01, 0x0D, 0x01, 0x03, 0x01, 0x02, 0x01, 0x01, 0x07, 0x00, 0x03, 0x01,
    0x05, 0x02, 0x0E, 0x03, 0x04, 0x02, 0x04, 0x01, 0x12, 0x00, 0x02, 0x01, 0x01, 0x04, 0x01, 0x02,
    0x01, 0x03, 0x04, 0x05, 0x02, 0x06, 0x03, 0x0D, 0x05, 0x07, 0x01, 0x08, 0x01, 0x09, 0x03, 0x0A,
    0x01, 0x0C, 0x01, 0x0B, 0x01, 0x0A, 0x03, 0x0C, 0x02, 0x0A, 0x01, 0x09, 0x01, 0x08, 0x03, 0x07,
    0x01, 0x0D, 0x01, 0x03, 0x01, 0x02, 0x01, 0x01, 0x06, 0x00, 0x03, 0x01, 0x03, 0x02, 0x13, 0x03,
    0x04, 0x02, 0x04, 0x01, 0x0F, 0x00, 0x02, 0x01, 0x01, 0x04, 0x01, 0x02, 0x02, 0x03, 0x03, 0x05,
    0x02, 0x06, 0x05, 0x0D, 0x03, 0x07, 0x02, 0x08, 0x01, 0x09, 0x03, 0x0A, 0x01, 0x0C, 0x01, 0x0B,
    0x01, 0x0A, 0x02, 0x0C, 0x01, 0x0B, 0x02, 0x0A, 0x01, 0x09, 0x01, 0x08, 0x03, 0x07, 0x01, 0x06,
    0x01, 0x03, 0x01, 0x02, 0x01, 0x01, 0x06, 0x00, 0x02, 0x01, 0x04, 0x02, 0x15, 0x03, 0x04, 0x02,
    0x04, 0x01, 0x0C, 0x00, 0x03, 0x01, 0x01, 0x04, 0x01, 0x02, 0x01, 0x03, 0x03, 0x05, 0x01, 0x06,
    0x07, 0x0D, 0x03, 0x07, 0x02, 0x08, 0x01, 0x09, 0x03, 0x0A, 0x02, 0x0B, 0x01, 0x0A, 0x04, 0x0B,
    0x01, 0x0A, 0x01, 0x09, 0x01, 0x08, 0x03, 0x07, 0x01, 0x06, 0x01, 0x03, 0x01, 0x02, 0x01, 0x01,
    0x05, 0x00, 0x03, 0x01, 0x04, 0x02, 0x05, 0x03, 0x04, 0x05, 0x0E, 0x03, 0x03, 0x02, 0x05, 0x01,
    0x09, 0x00, 0x03, 0x01, 0x02, 0x04, 0x02, 0x03, 0x03, 0x05, 0x03, 0x06, 0x04, 0x0D, 0x04, 0x07,
    0x02, 0x08, 0x01, 0x09, 0x03, 0x0A, 0x01, 0x0C, 0x01, 0x0A, 0x01, 0x0B, 0x02, 0x0C, 0x01, 0x0B,
    0x02, 0x0A, 0x01, 0x09, 0x01, 0x08, 0x03, 0x07, 0x01, 0x0D, 0x01, 0x03, 0x01, 0x02, 0x01, 0x01,
    0x05, 0x00, 0x02, 0x01, 0x02, 0x02, 0x01, 0x03, 0x01, 0x02, 0x03, 0x03, 0x01, 0x05, 0x01, 0x03,
    0x06, 0x05, 0x01, 0x03, 0x01, 0x05, 0x0D, 0x03, 0x03, 0x02, 0x0E, 0x01, 0x02, 0x04, 0x02, 0x03,
    0x03, 0x05, 0x01, 0x06, 0x01, 0x0D, 0x02, 0x06, 0x04, 0x0D, 0x04, 0x07, 0x01, 0x08, 0x01, 0x09,
    0x03, 0x0A, 0x01, 0x0B, 0x01, 0x0C, 0x01, 0x0A, 0x01, 0x0B, 0x03, 0x0C, 0x02, 0x0A, 0x01, 0x09,
    0x01, 0x08, 0x03, 0x07, 0x01, 0x06, 0x01, 0x03, 0x01, 0x02, 0x01, 0x01, 0x05, 0x00, 0x02, 0x01,
    0x02, 0x02, 0x03, 0x03, 0x04, 0x05, 0x05, 0x06, 0x03, 0x05, 0x04, 0x03, 0x02, 0x05, 0x09, 0x03,
    0x04, 0x02, 0x09, 0x01, 0x01, 0x04, 0x01, 0x02, 0x01, 0x04, 0x02, 0x03, 0x04, 0x05, 0x03, 0x06,
    0x05, 0x0D, 0x04, 0x07, 0x01, 0x08, 0x01, 0x09, 0x03, 0x0A, 0x02, 0x0B, 0x01, 0x0A, 0x04, 0x0C,
    0x01, 0x0A, 0x02, 0x09, 0x01, 0x08, 0x03, 0x07, 0x01, 0x06, 0x01, 0x03, 0x01, 0x02, 0x01, 0x01,
    0x04, 0x00, 0x03, 0x01, 0x01, 0x02, 0x03, 0x03, 0x01, 0x05, 0x04, 0x06, 0x04, 0x07, 0x03, 0x06,
    0x07, 0x05, 0x0C, 0x03, 0x03, 0x02, 0x03, 0x04, 0x01, 0x02, 0x01, 0x04, 0x01, 0x02, 0x01, 0x04,
    0x01, 0x02, 0x02, 0x03, 0x05, 0x05, 0x02, 0x06, 0x01, 0x05, 0x01, 0x06, 0x05, 0x0D, 0x03, 0x07,
    0x02, 0x08, 0x01, 0x09, 0x03, 0x0A, 0x01, 0x0C, 0x01, 0x0B, 0x01, 0x0A, 0x04, 0x0C, 0x01, 0x0A,
    0x03, 0x08, 0x02, 0x07, 0x01, 0x0D, 0x01, 0x05, 0x01, 0x03, 0x01, 0x02, 0x01, 0x01, 0x04, 0x00,
    0x02, 0x01, 0x01, 0x04, 0x01, 0x02, 0x02, 0x03, 0x01, 0x05, 0x03, 0x06, 0x01, 0x07, 0x05, 0x09,
    0x02, 0x07, 0x04, 0x06, 0x04, 0x05, 0x07, 0x03, 0x02, 0x05, 0x06, 0x03, 0x06, 0x02, 0x03, 0x03,
    0x05, 0x05, 0x01, 0x06, 0x01, 0x0D, 0x02, 0x06, 0x05, 0x0D, 0x03, 0x07, 0x03, 0x08, 0x01, 0x09,
    0x03, 0x0A, 0x01, 0x0C, 0x01, 0x0A, 0x01, 0x0B, 0x03, 0x0C, 0x01, 0x0B, 0x01, 0x0A, 0x03, 0x08,
    0x02, 0x07, 0x01, 0x0D, 0x01, 0x05, 0x01, 0x03, 0x01, 0x02, 0x01, 0x01, 0x04, 0x00, 0x02, 0x01,
    0x02, 0x02, 0x02, 0x03, 0x02, 0x05, 0x01, 0x06, 0x02, 0x09, 0x02, 0x0B, 0x02, 0x0A, 0x03, 0x09,
    0x02, 0x07, 0x05, 0x06, 0x0C, 0x05, 0x01, 0x03, 0x01, 0x05, 0x08, 0x03, 0x03, 0x05, 0x01, 0x06,
    0x04, 0x05, 0x01, 0x06, 0x02, 0x0D, 0x01, 0x06, 0x04, 0x0D, 0x03, 0x07, 0x03, 0x08, 0x01, 0x09,
    0x03, 0x0A, 0x02, 0x0B, 0x01, 0x0A, 0x04, 0x0C, 0x01, 0x0B, 0x01, 0x0A, 0x03, 0x08, 0x02, 0x07,
    0x01, 0x0D, 0x01, 0x05, 0x01, 0x02, 0x02, 0x01, 0x04, 0x00, 0x02, 0x01, 0x01, 0x02, 0x03, 0x03,
    0x01, 0x05, 0x01, 0x06, 0x01, 0x07, 0x01, 0x09, 0x01, 0x0B, 0x02, 0x0C, 0x02, 0x0A, 0x01, 0x0B,
    0x01, 0x0A, 0x03, 0x09, 0x01, 0x07, 0x04, 0x06, 0x0E, 0x05, 0x01, 0x03, 0x03, 0x05, 0x01, 0x03,
    0x03, 0x05, 0x03, 0x06, 0x01, 0x0D, 0x03, 0x05, 0x02, 0x06, 0x07, 0x0D, 0x03, 0x07, 0x02, 0x08,
    0x02, 0x09, 0x01, 0x0A, 0x01, 0x0B, 0x01, 0x0A, 0x02, 0x0B, 0x01, 0x0A, 0x04, 0x0C, 0x01, 0x0B,
    0x03, 0x08, 0x02, 0x07, 0x02, 0x0D, 0x01, 0x05, 0x01, 0x02, 0x02, 0x01, 0x04, 0x00, 0x02, 0x01,
    0x01, 0x02, 0x02, 0x03, 0x01, 0x05, 0x02, 0x06, 0x01, 0x09, 0x01, 0x0A, 0x03, 0x0C, 0x01, 0x0A,
    0x02, 0x0B, 0x01, 0x0A, 0x01, 0x0B, 0x02, 0x09, 0x01, 0x08, 0x01, 0x07, 0x05, 0x06, 0x0E, 0x05,
    0x01, 0x0D, 0x01, 0x05, 0x01, 0x03, 0x03, 0x05, 0x01, 0x06, 0x02, 0x07, 0x03, 0x05, 0x01, 0x06,
    0x09, 0x0D, 0x03, 0x07, 0x02, 0x08, 0x01, 0x09, 0x02, 0x0A, 0x01, 0x0B, 0x01, 0x0A, 0x01, 0x0B,
    0x01, 0x0A, 0x01, 0x0B, 0x04, 0x0C, 0x01, 0x0A, 0x01, 0x08, 0x01, 0x09, 0x01, 0x08, 0x02, 0x07,
    0x02, 0x0D, 0x01, 0x05, 0x01, 0x02, 0x02, 0x01, 0x04, 0x00, 0x02, 0x01, 0x01, 0x02, 0x02, 0x03,
    0x01, 0x05, 0x01, 0x06, 0x01, 0x07, 0x01, 0x09, 0x01, 0x0B, 0x02, 0x0C, 0x01, 0x0B, 0x02, 0x0A,
    0x01, 0x0B, 0x01, 0x0A, 0x02, 0x0B, 0x02, 0x09, 0x01, 0x08, 0x01, 0x07, 0x04, 0x06, 0x05, 0x05,
    0x01, 0x06, 0x08, 0x05, 0x01, 0x07, 0x05, 0x05, 0x01, 0x06, 0x01, 0x07, 0x01, 0x0D, 0x02, 0x05,
    0x02, 0x06, 0x07, 0x0D, 0x04, 0x07, 0x02, 0x08, 0x01, 0x09, 0x02, 0x0A, 0x04, 0x0B, 0x01, 0x0A,
    0x04, 0x0C, 0x01, 0x0B, 0x02, 0x09, 0x01, 0x08, 0x02, 0x07, 0x03, 0x0D, 0x01, 0x03, 0x01, 0x02,
    0x01, 0x01, 0x05, 0x00, 0x02, 0x01, 0x01, 0x02, 0x02, 0x03, 0x01, 0x05, 0x01, 0x06, 0x01, 0x07,
    0x01, 0x09, 0x02, 0x0B, 0x01, 0x0C, 0x01, 0x0B, 0x01, 0x0A, 0x01, 0x0B, 0x01, 0x0A, 0x01, 0x0B,
    0x01, 0x0A, 0x01, 0x0C, 0x01, 0x0A, 0x02, 0x09, 0x01, 0x08, 0x01, 0x07, 0x02, 0x06, 0x01, 0x0D,
    0x01, 0x06, 0x01, 0x0D, 0x02, 0x06, 0x02, 0x0D, 0x08, 0x05, 0x01, 0x07, 0x01, 0x06, 0x01, 0x05,
    0x02, 0x06, 0x01, 0x05, 0x01, 0x0D, 0x01, 0x07, 0x01, 0x0D, 0x01, 0x05, 0x02, 0x06, 0x07, 0x0D,
    0x04, 0x07, 0x02, 0x08, 0x01, 0x09, 0x03, 0x0A, 0x01, 0x0B, 0x01, 0x0A, 0x01, 0x0B, 0x02, 0x0A,
    0x04, 0x0B, 0x01, 0x0A, 0x01, 0x08, 0x01, 0x09, 0x01, 0x08, 0x02, 0x07, 0x02, 0x0D, 0x01, 0x06,
    0x01, 0x03, 0x01, 0x02, 0x01, 0x01, 0x05, 0x00, 0x01, 0x01, 0x01, 0x04, 0x01, 0x02, 0x02, 0x03,
    0x01, 0x05, 0x01, 0x06, 0x02, 0x09, 0x01, 0x0B, 0x02, 0x0C, 0x01, 0x0A, 0x01, 0x0B, 0x01, 0x0C,
    0x01, 0x0A, 0x01, 0x0B, 0x01, 0x0A, 0x02, 0x0B, 0x01, 0x0A, 0x02, 0x09, 0x01, 0x08, 0x02, 0x07,
    0x01, 0x0D, 0x04, 0x06, 0x02, 0x0D, 0x07, 0x05, 0x01, 0x06, 0x01, 0x07, 0x01, 0x06, 0x01, 0x05,
    0x01, 0x06, 0x02, 0x05, 0x02, 0x07, 0x01, 0x0D, 0x01, 0x05, 0x01, 0x06, 0x06, 0x0D, 0x05, 0x07,
    0x03, 0x08, 0x01, 0x09, 0x02, 0x0A, 0x02, 0x0B, 0x03, 0x0A, 0x01, 0x0B, 0x04, 0x0C, 0x01, 0x0A,
    0x01, 0x09, 0x02, 0x08, 0x02, 0x07, 0x02, 0x0D, 0x01, 0x05, 0x01, 0x03, 0x01, 0x02, 0x01, 0x01,
    0x05, 0x00, 0x01, 0x01, 0x01, 0x04, 0x01, 0x02, 0x02, 0x03, 0x01, 0x05, 0x01, 0x06, 0x01, 0x07,
    0x01, 0x09, 0x01, 0x0B, 0x02, 0x0C, 0x01, 0x0A, 0x02, 0x0C, 0x01, 0x0B, 0x01, 0x0A, 0x01, 0x0B,
    0x01, 0x0A, 0x01, 0x0C, 0x01, 0x0B, 0x01, 0x0A, 0x02, 0x09, 0x01, 0x08, 0x02, 0x07, 0x06, 0x06,
    0x01, 0x0D, 0x02, 0x05, 0x02, 0x06, 0x02, 0x05, 0x01, 0x0D, 0x01, 0x07, 0x01, 0x06, 0x01, 0x05,
    0x01, 0x06, 0x01, 0x05, 0x01, 0x06, 0x02, 0x07, 0x01, 0x0D, 0x02, 0x06, 0x01, 0x0D, 0x01, 0x06,
    0x03, 0x0D, 0x06, 0x07, 0x03, 0x08, 0x03, 0x0A, 0x01, 0x0C, 0x04, 0x0A, 0x04, 0x0C, 0x01, 0x0B,
    0x01, 0x0A, 0x01, 0x09, 0x01, 0x08, 0x02, 0x07, 0x03, 0x0D, 0x01, 0x05, 0x01, 0x03, 0x01, 0x02,
    0x01, 0x01, 0x05, 0x00, 0x01, 0x01, 0x02, 0x02, 0x02, 0x03, 0x01, 0x05, 0x01, 0x06, 0x01, 0x07,
    0x01, 0x09, 0x01, 0x0A, 0x01, 0x0C, 0x01, 0x0B, 0x01, 0x0A, 0x03, 0x0C, 0x01, 0x0A, 0x03, 0x0B,
    0x01, 0x0C, 0x02, 0x0A, 0x01, 0x09, 0x02, 0x08, 0x03, 0x07, 0x02, 0x0D, 0x02, 0x06, 0x01, 0x0D,
    0x02, 0x06, 0x02, 0x0D, 0x01, 0x06, 0x02, 0x0D, 0x01, 0x07, 0x01, 0x06, 0x01, 0x05, 0x01, 0x0D,
    0x01, 0x05, 0x01, 0x0D, 0x01, 0x07, 0x08, 0x0D, 0x06, 0x07, 0x02, 0x08, 0x01, 0x09, 0x01, 0x08,
    0x02, 0x0A, 0x01, 0x0C, 0x01, 0x0B, 0x03, 0x0A, 0x01, 0x0B, 0x04, 0x0C, 0x01, 0x0B, 0x01, 0x0A,
    0x01, 0x09, 0x01, 0x08, 0x02, 0x07, 0x03, 0x0D, 0x01, 0x05, 0x01, 0x03, 0x01, 0x02, 0x01, 0x01,
    0x05, 0x00, 0x01, 0x01, 0x02, 0x02, 0x02, 0x03, 0x01, 0x05, 0x02, 0x06, 0x01, 0x08, 0x01, 0x09,
    0x02, 0x0B, 0x01, 0x0A, 0x04, 0x0C, 0x01, 0x0A, 0x01, 0x0B, 0x01, 0x0A, 0x01, 0x0C, 0x01, 0x0B,
    0x02, 0x0A, 0x02, 0x09, 0x01, 0x08, 0x04, 0x07, 0x0A, 0x0D, 0x01, 0x07, 0x01, 0x0D, 0x01, 0x06,
    0x01, 0x0D, 0x01, 0x06, 0x02, 0x07, 0x06, 0x0D, 0x06, 0x07, 0x03, 0x08, 0x02, 0x09, 0x02, 0x0A,
    0x01, 0x0B, 0x01, 0x0C, 0x03, 0x0A, 0x01, 0x0B, 0x04, 0x0C, 0x01, 0x0B, 0x01, 0x0A, 0x01, 0x09,
    0x01, 0x08, 0x02, 0x07, 0x01, 0x0D, 0x03, 0x06, 0x01, 0x05, 0x01, 0x02, 0x02, 0x01, 0x05, 0x00,
    0x01, 0x01, 0x01, 0x04, 0x01, 0x02, 0x02, 0x03, 0x01, 0x05, 0x02, 0x06, 0x01, 0x07, 0x01, 0x09,
    0x02, 0x0A, 0x01, 0x0B, 0x04, 0x0C, 0x01, 0x0B, 0x03, 0x0A, 0x02, 0x0B, 0x02, 0x0A, 0x02, 0x09,
    0x02, 0x08, 0x03, 0x07, 0x01, 0x0D, 0x02, 0x07, 0x05, 0x0D, 0x02, 0x07, 0x04, 0x0D, 0x02, 0x07,
    0x02, 0x0D, 0x01, 0x07, 0x01, 0x0D, 0x07, 0x07, 0x03, 0x08, 0x01, 0x09, 0x04, 0x0A, 0x01, 0x0C,
    0x03, 0x0A, 0x02, 0x0B, 0x04, 0x0C, 0x01, 0x0A, 0x02, 0x09, 0x01, 0x08, 0x02, 0x07, 0x01, 0x0D,
    0x03, 0x06, 0x01, 0x03, 0x01, 0x02, 0x02, 0x01, 0x05, 0x00, 0x01, 0x01, 0x02, 0x02, 0x02, 0x03,
    0x01, 0x05, 0x02, 0x06, 0x01, 0x07, 0x02, 0x09, 0x01, 0x0A, 0x01, 0x0B, 0x04, 0x0C, 0x01, 0x0B,
    0x03, 0x0A, 0x01, 0x0B, 0x01, 0x0C, 0x01, 0x0B, 0x02, 0x0A, 0x03, 0x09, 0x02, 0x08, 0x05, 0x07,
    0x04, 0x0D, 0x02, 0x07, 0x04, 0x0D, 0x02, 0x07, 0x03, 0x0D, 0x06, 0x07, 0x04, 0x08, 0x02, 0x09,
    0x03, 0x0A, 0x01, 0x0C, 0x01, 0x0B, 0x02, 0x0A, 0x01, 0x0B, 0x02, 0x0C, 0x01, 0x0B, 0x02, 0x0C,
    0x01, 0x0B, 0x01, 0x0A, 0x02, 0x09, 0x01, 0x08, 0x02, 0x07, 0x01, 0x0D, 0x02, 0x06, 0x01, 0x05,
    0x01, 0x03, 0x01, 0x02, 0x02, 0x01, 0x05, 0x00, 0x02, 0x01, 0x01, 0x02, 0x03, 0x03, 0x01, 0x05,
    0x02, 0x06, 0x01, 0x07, 0x02, 0x09, 0x01, 0x0B, 0x04, 0x0C, 0x01, 0x0B, 0x01, 0x0C, 0x03, 0x0A,
    0x01, 0x0B, 0x01, 0x0C, 0x04, 0x0A, 0x02, 0x09, 0x02, 0x08, 0x06, 0x07, 0x02, 0x0D, 0x02, 0x07,
    0x03, 0x0D, 0x0B, 0x07, 0x03, 0x08, 0x03, 0x09, 0x03, 0x0A, 0x02, 0x0B, 0x03, 0x0A, 0x03, 0x0C,
    0x01, 0x0B, 0x02, 0x0C, 0x01, 0x0A, 0x02, 0x09, 0x01, 0x08, 0x02, 0x07, 0x03, 0x06, 0x02, 0x05,
    0x01, 0x03, 0x01, 0x02, 0x02, 0x01, 0x05, 0x00, 0x02, 0x01, 0x01, 0x02, 0x04, 0x03, 0x01, 0x05,
    0x01, 0x06, 0x01, 0x07, 0x02, 0x09, 0x01, 0x0A, 0x01, 0x0B, 0x02, 0x0C, 0x01, 0x0B, 0x02, 0x0C,
    0x01, 0x0B, 0x03, 0x0A, 0x01, 0x0B, 0x01, 0x0C, 0x02, 0x0A, 0x01, 0x0B, 0x02, 0x0A, 0x02, 0x09,
    0x03, 0x08, 0x06, 0x07, 0x01, 0x08, 0x03, 0x07, 0x01, 0x08, 0x09, 0x07, 0x04, 0x08, 0x05, 0x0A,
    0x02, 0x0B, 0x03, 0x0A, 0x05, 0x0C, 0x02, 0x0B, 0x01, 0x0A, 0x01, 0x09, 0x01, 0x08, 0x02, 0x07,
    0x01, 0x0D, 0x01, 0x06, 0x04, 0x05, 0x02, 0x02, 0x01, 0x01, 0x06, 0x00, 0x02, 0x01, 0x02, 0x02,
    0x03, 0x03, 0x01, 0x05, 0x02, 0x06, 0x01, 0x07, 0x02, 0x09, 0x01, 0x0A, 0x01, 0x0C, 0x02, 0x0B,
    0x04, 0x0C, 0x03, 0x0A, 0x01, 0x0B, 0x01, 0x0C, 0x01, 0x0A, 0x02, 0x0B, 0x01, 0x0A, 0x02, 0x09,
    0x01, 0x08, 0x01, 0x09, 0x04, 0x08, 0x03, 0x07, 0x02, 0x08, 0x02, 0x07, 0x01, 0x08, 0x01, 0x07,
    0x02, 0x08, 0x03, 0x07, 0x04, 0x08, 0x04, 0x09, 0x03, 0x0A, 0x02, 0x0B, 0x03, 0x0A, 0x01, 0x0B,
    0x05, 0x0C, 0x01, 0x0A, 0x02, 0x09, 0x01, 0x08, 0x03, 0x07, 0x01, 0x0D, 0x01, 0x06, 0x03, 0x05,
    0x01, 0x03, 0x01, 0x02, 0x02, 0x01, 0x06, 0x00, 0x02, 0x01, 0x02, 0x02, 0x04, 0x03, 0x01, 0x05,
    0x02, 0x06, 0x01, 0x07, 0x02, 0x09, 0x01, 0x0A, 0x01, 0x0B, 0x06, 0x0C, 0x03, 0x0A, 0x02, 0x0B,
    0x02, 0x0A, 0x02, 0x0B, 0x02, 0x09, 0x01, 0x0A, 0x02, 0x09, 0x07, 0x08, 0x01, 0x07, 0x09, 0x08,
    0x03, 0x09, 0x03, 0x0A, 0x01, 0x0B, 0x02, 0x0A, 0x01, 0x0C, 0x01, 0x0B, 0x03, 0x0A, 0x06, 0x0C,
    0x01, 0x0B, 0x03, 0x09, 0x01, 0x08, 0x02, 0x07, 0x01, 0x0D, 0x01, 0x06, 0x04, 0x05, 0x01, 0x03,
    0x01, 0x02, 0x02, 0x01, 0x06, 0x00, 0x02, 0x01, 0x02, 0x02, 0x04, 0x03, 0x02, 0x05, 0x02, 0x06,
    0x01, 0x07, 0x02, 0x09, 0x01, 0x0A, 0x01, 0x0B, 0x06, 0x0C, 0x01, 0x0B, 0x02, 0x0A, 0x01, 0x0B,
    0x01, 0x0C, 0x02, 0x0B, 0x02, 0x0C, 0x04, 0x0A, 0x05, 0x09, 0x09, 0x08, 0x04, 0x09, 0x04, 0x0A,
    0x02, 0x0B, 0x01, 0x0A, 0x01, 0x0C, 0x01, 0x0B, 0x03, 0x0A, 0x06, 0x0C, 0x01, 0x0B, 0x03, 0x09,
    0x01, 0x08, 0x02, 0x07, 0x01, 0x06, 0x01, 0x0D, 0x01, 0x06, 0x04, 0x05, 0x02, 0x02, 0x02, 0x01,
    0x06, 0x00, 0x02, 0x01, 0x03, 0x02, 0x03, 0x03, 0x03, 0x05, 0x01, 0x06, 0x02, 0x07, 0x02, 0x09,
    0x01, 0x0A, 0x01, 0x0B, 0x06, 0x0C, 0x01, 0x0B, 0x03, 0x0A, 0x02, 0x0B, 0x01, 0x0A, 0x02, 0x0C,
    0x02, 0x0B, 0x05, 0x0A, 0x09, 0x09, 0x01, 0x08, 0x01, 0x09, 0x04, 0x0A, 0x01, 0x0B, 0x03, 0x0A,
    0x01, 0x0B, 0x01, 0x0C, 0x01, 0x0A, 0x01, 0x09, 0x01, 0x0A, 0x02, 0x0B, 0x05, 0x0C, 0x01, 0x0B,
    0x01, 0x0A, 0x01, 0x08, 0x01, 0x09, 0x01, 0x08, 0x02, 0x07, 0x04, 0x06, 0x03, 0x05, 0x01, 0x03,
    0x01, 0x02, 0x02, 0x01, 0x08, 0x00, 0x02, 0x01, 0x03, 0x02, 0x02, 0x03, 0x03, 0x05, 0x02, 0x06,
    0x01, 0x07, 0x01, 0x08, 0x02, 0x09, 0x01, 0x0A, 0x01, 0x0B, 0x05, 0x0C, 0x01, 0x0B, 0x01, 0x0C,
    0x01, 0x0B, 0x02, 0x0A, 0x02, 0x0B, 0x01, 0x0A, 0x02, 0x0B, 0x02, 0x0C, 0x03, 0x0B, 0x0A, 0x0A,
    0x01, 0x09, 0x02, 0x0A, 0x01, 0x0B, 0x03, 0x0C, 0x02, 0x0A, 0x02, 0x0B, 0x02, 0x0A, 0x01, 0x0B,
    0x03, 0x0C, 0x01, 0x0B, 0x03, 0x0C, 0x01, 0x0B, 0x01, 0x0A, 0x01, 0x09, 0x02, 0x08, 0x02, 0x07,
    0x02, 0x06, 0x06, 0x05, 0x01, 0x03, 0x01, 0x02, 0x02, 0x01, 0x08, 0x00, 0x02, 0x01, 0x01, 0x02,
    0x06, 0x03, 0x02, 0x05, 0x02, 0x06, 0x01, 0x07, 0x01, 0x08, 0x03, 0x09, 0x02, 0x0B, 0x02, 0x0C,
    0x01, 0x0B, 0x04, 0x0C, 0x01, 0x0B, 0x02, 0x0A, 0x01, 0x0B, 0x02, 0x0A, 0x02, 0x0B, 0x02, 0x0C,
    0x05, 0x0B, 0x02, 0x0A, 0x07, 0x0B, 0x01, 0x0C, 0x02, 0x0B, 0x06, 0x0A, 0x01, 0x0B, 0x04, 0x0C,
    0x02, 0x0B, 0x01, 0x0C, 0x01, 0x0B, 0x01, 0x0A, 0x01, 0x09, 0x02, 0x08, 0x02, 0x07, 0x03, 0x06,
    0x05, 0x05, 0x01, 0x03, 0x02, 0x02, 0x02, 0x01, 0x08, 0x00, 0x02, 0x01, 0x03, 0x02, 0x05, 0x03,
    0x02, 0x05, 0x02, 0x06, 0x01, 0x07, 0x02, 0x08, 0x02, 0x09, 0x01, 0x0A, 0x01, 0x0B, 0x01, 0x0C,
    0x01, 0x0B, 0x05, 0x0C, 0x01, 0x0B, 0x07, 0x0A, 0x01, 0x0B, 0x02, 0x0C, 0x01, 0x0B, 0x01, 0x0C,
    0x01, 0x0B, 0x01, 0x0A, 0x06, 0x0C, 0x03, 0x0B, 0x05, 0x0A, 0x01, 0x0B, 0x07, 0x0C, 0x01, 0x0B,
    0x01, 0x0C, 0x01, 0x0B, 0x02, 0x0A, 0x01, 0x09, 0x01, 0x08, 0x02, 0x07, 0x01, 0x0D, 0x02, 0x06,
    0x06, 0x05, 0x01, 0x03, 0x01, 0x02, 0x02, 0x01, 0x09, 0x00, 0x02, 0x01, 0x04, 0x02, 0x04, 0x03,
    0x02, 0x05, 0x03, 0x06, 0x02, 0x07, 0x02, 0x09, 0x02, 0x0A, 0x01, 0x0B, 0x01, 0x0C, 0x01, 0x0B,
    0x07, 0x0C, 0x01, 0x0B, 0x06, 0x0A, 0x03, 0x0B, 0x01, 0x0A, 0x01, 0x0B, 0x03, 0x0C, 0x02, 0x0B,
    0x08, 0x0A, 0x01, 0x0B, 0x07, 0x0C, 0x03, 0x0B, 0x03, 0x09, 0x01, 0x08, 0x03, 0x07, 0x01, 0x06,
    0x06, 0x05, 0x02, 0x03, 0x02, 0x02, 0x02, 0x01, 0x0A, 0x00, 0x02, 0x01, 0x04, 0x02, 0x05, 0x03,
    0x02, 0x05, 0x02, 0x06, 0x02, 0x07, 0x01, 0x08, 0x02, 0x09, 0x02, 0x0A, 0x01, 0x0B, 0x06, 0x0A,
    0x01, 0x0B, 0x1D, 0x0A, 0x01, 0x0B, 0x01, 0x0A, 0x01, 0x0B, 0x03, 0x0A, 0x03, 0x09, 0x01, 0x08,
    0x02, 0x07, 0x02, 0x0D, 0x01, 0x06, 0x05, 0x05, 0x03, 0x03, 0x01, 0x02, 0x02, 0x01, 0x0B, 0x00,
    0x02, 0x01, 0x04, 0x02, 0x05, 0x03, 0x02, 0x05, 0x04, 0x06, 0x01, 0x07, 0x01, 0x08, 0x03, 0x09,
    0x03, 0x0A, 0x04, 0x0B, 0x02, 0x0A, 0x08, 0x0B, 0x02, 0x0A, 0x01, 0x0B, 0x01, 0x0A, 0x01, 0x0B,
    0x03, 0x0A, 0x06, 0x0B, 0x0B, 0x0A, 0x02, 0x09, 0x02, 0x08, 0x02, 0x07, 0x04, 0x06, 0x05, 0x05,
    0x02, 0x03, 0x02, 0x02, 0x02, 0x01, 0x0C, 0x00, 0x02, 0x01, 0x03, 0x02, 0x04, 0x03, 0x03, 0x05,
    0x04, 0x06, 0x03, 0x07, 0x01, 0x08, 0x04, 0x09, 0x01, 0x0A, 0x04, 0x0B, 0x0A, 0x0C, 0x07, 0x0B,
    0x07, 0x0C, 0x06, 0x0B, 0x02, 0x0A, 0x03, 0x09, 0x01, 0x08, 0x02, 0x07, 0x05, 0x06, 0x05, 0x05,
    0x03, 0x03, 0x01, 0x02, 0x02, 0x01, 0x0D, 0x00, 0x02, 0x01, 0x04, 0x02, 0x04, 0x03, 0x03, 0x05,
    0x01, 0x06, 0x01, 0x05, 0x03, 0x06, 0x02, 0x07, 0x03, 0x08, 0x02, 0x09, 0x02, 0x0A, 0x03, 0x0B,
    0x08, 0x0C, 0x02, 0x0B, 0x05, 0x0C, 0x01, 0x0B, 0x08, 0x0C, 0x03, 0x0B, 0x02, 0x0A, 0x02, 0x09,
    0x03, 0x08, 0x03, 0x07, 0x02, 0x06, 0x01, 0x05, 0x01, 0x06, 0x03, 0x05, 0x05, 0x03, 0x02, 0x02,
    0x02, 0x01, 0x0E, 0x00, 0x02, 0x01, 0x03, 0x02, 0x05, 0x03, 0x05, 0x05, 0x03, 0x06, 0x03, 0x07,
    0x02, 0x08, 0x04, 0x09, 0x03, 0x0A, 0x03, 0x0B, 0x04, 0x0C, 0x01, 0x0B, 0x07, 0x0C, 0x01, 0x0B,
    0x03, 0x0C, 0x03, 0x0B, 0x01, 0x0A, 0x01, 0x09, 0x01, 0x0A, 0x04, 0x09, 0x02, 0x08, 0x03, 0x07,
    0x03, 0x06, 0x05, 0x05, 0x05, 0x03, 0x02, 0x02, 0x02, 0x01, 0x0F, 0x00, 0x03, 0x01, 0x02, 0x02,
    0x01, 0x03, 0x01, 0x02, 0x05, 0x03, 0x04, 0x05, 0x03, 0x06, 0x01, 0x0D, 0x03, 0x07, 0x03, 0x08,
    0x05, 0x09, 0x07, 0x0A, 0x07, 0x0B, 0x07, 0x0A, 0x01, 0x08, 0x03, 0x09, 0x02, 0x08, 0x04, 0x07,
    0x01, 0x0D, 0x03, 0x06, 0x04, 0x05, 0x06, 0x03, 0x02, 0x02, 0x03, 0x01, 0x10, 0x00, 0x03, 0x01,
    0x04, 0x02, 0x04, 0x03, 0x05, 0x05, 0x03, 0x06, 0x01, 0x0D, 0x05, 0x07, 0x02, 0x08, 0x01, 0x09,
    0x02, 0x08, 0x05, 0x09, 0x01, 0x08, 0x09, 0x09, 0x01, 0x08, 0x04, 0x09, 0x05, 0x08, 0x05, 0x07,
    0x03, 0x0D, 0x02, 0x06, 0x04, 0x05, 0x05, 0x03, 0x02, 0x02, 0x03, 0x01, 0x12, 0x00, 0x03, 0x01,
    0x02, 0x02, 0x06, 0x03, 0x03, 0x05, 0x03, 0x06, 0x02, 0x0D, 0x02, 0x06, 0x01, 0x0D, 0x06, 0x07,
    0x07, 0x08, 0x08, 0x09, 0x08, 0x08, 0x05, 0x07, 0x01, 0x0D, 0x06, 0x06, 0x04, 0x05, 0x05, 0x03,
    0x02, 0x02, 0x03, 0x01, 0x14, 0x00, 0x03, 0x01, 0x03, 0x02, 0x04, 0x03, 0x06, 0x05, 0x06, 0x06,
    0x01, 0x0D, 0x07, 0x07, 0x11, 0x08, 0x06, 0x07, 0x02, 0x0D, 0x06, 0x06, 0x06, 0x05, 0x03, 0x03,
    0x02, 0x02, 0x03, 0x01, 0x16, 0x00, 0x04, 0x01, 0x03, 0x02, 0x02, 0x03, 0x07, 0x05, 0x05, 0x06,
    0x04, 0x0D, 0x19, 0x07, 0x03, 0x0D, 0x05, 0x06, 0x06, 0x05, 0x03, 0x03, 0x02, 0x02, 0x04, 0x01,
    0x19, 0x00, 0x04, 0x01, 0x03, 0x02, 0x03, 0x03, 0x04, 0x05, 0x07, 0x06, 0x08, 0x0D, 0x0E, 0x07,
    0x02, 0x0D, 0x01, 0x06, 0x05, 0x0D, 0x02, 0x06, 0x01, 0x0D, 0x01, 0x06, 0x05, 0x05, 0x03, 0x03,
    0x02, 0x02, 0x04, 0x01, 0x1C, 0x00, 0x05, 0x01, 0x04, 0x02, 0x03, 0x03, 0x05, 0x05, 0x02, 0x06,
    0x0A, 0x0D, 0x02, 0x07, 0x13, 0x0D, 0x03, 0x06, 0x03, 0x05, 0x03, 0x03, 0x03, 0x02, 0x05, 0x01,
    0x20, 0x00, 0x05, 0x01, 0x05, 0x02, 0x04, 0x03, 0x06, 0x05, 0x04, 0x06, 0x0B, 0x0D, 0x04, 0x06,
    0x01, 0x0D, 0x03, 0x06, 0x05, 0x05, 0x04, 0x03, 0x04, 0x02, 0x06, 0x01, 0x24, 0x00, 0x07, 0x01,
    0x08, 0x02, 0x1D, 0x03, 0x06, 0x02, 0x08, 0x01, 0x2A, 0x00, 0x0C, 0x01, 0x17, 0x02, 0x02, 0x04,
    0x01, 0x02, 0x01, 0x04, 0x0B, 0x01, 0x36, 0x00, 0x22, 0x01, 0x7F, 0x00,
};

constexpr uint8_t NIXIE_PALETTE_6_SIZE = 13;
static constexpr uint16_t NIXIE_PALETTE_6[] = {
    0x0000, 0x2000, 0x3020, 0x4000, 0x6820, 0x8840, 0xB140, 0xCAE0,
    0x9860, 0xE601, 0x7000, 0xEF80, 0xA880,
};
static constexpr uint8_t NIXIE_RLE_6[] = {
    0xFF, 0x00, 0xFF, 0x00, 0x6F, 0x00, 0x08, 0x01, 0x53, 0x00, 0x10, 0x01, 0x4E, 0x00, 0x06, 0x01,
    0x09, 0x02, 0x06, 0x01, 0x49, 0x00, 0x04, 0x01, 0x05, 0x02, 0x06, 0x03, 0x05, 0x02, 0x04, 0x01,
    0x47, 0x00, 0x04, 0x01, 0x04, 0x02, 0x0B, 0x03, 0x04, 0x02, 0x03, 0x01, 0x45, 0x00, 0x03, 0x01,
    0x03, 0x02, 0x10, 0x03, 0x03, 0x02, 0x03, 0x01, 0x43, 0x00, 0x03, 0x01, 0x03, 0x02, 0x07, 0x03,
    0x07, 0x04, 0x04, 0x03, 0x03, 0x02, 0x03, 0x01, 0x41, 0x00, 0x03, 0x01, 0x02, 0x02, 0x06, 0x03,
    0x0C, 0x04, 0x03, 0x03, 0x03, 0x02, 0x03, 0x01, 0x3F, 0x00, 0x03, 0x01, 0x02, 0x02, 0x07, 0x03,
    0x04, 0x04, 0x01, 0x05, 0x04, 0x06, 0x04, 0x04, 0x03, 0x03, 0x02, 0x02, 0x03, 0x01, 0x3F, 0x00,
    0x02, 0x01, 0x03, 0x02, 0x06, 0x03, 0x02, 0x04, 0x02, 0x05, 0x01, 0x06, 0x05, 0x07, 0x01, 0x06,
    0x03, 0x04, 0x03, 0x03, 0x03, 0x02, 0x03, 0x01, 0x3D, 0x00, 0x03, 0x01, 0x02, 0x02, 0x05, 0x03,
    0x04, 0x04, 0x01, 0x08, 0x01, 0x06, 0x08, 0x07, 0x01, 0x05, 0x02, 0x04, 0x02, 0x03, 0x03, 0x02,
    0x03, 0x01, 0x3C, 0x00, 0x03, 0x01, 0x02, 0x02, 0x05, 0x03, 0x04, 0x04, 0x01, 0x05, 0x02, 0x06,
    0x01, 0x07, 0x05, 0x09, 0x02, 0x07, 0x01, 0x06, 0x02, 0x04, 0x03, 0x03, 0x03, 0x02, 0x02, 0x01,
    0x3C, 0x00, 0x02, 0x01, 0x02, 0x02, 0x05, 0x03, 0x04, 0x04, 0x01, 0x05, 0x01, 0x06, 0x0B, 0x07,
    0x01, 0x05, 0x02, 0x04, 0x03, 0x03, 0x02, 0x02, 0x02, 0x01, 0x3B, 0x00, 0x02, 0x01, 0x03, 0x02,
    0x02, 0x03, 0x06, 0x04, 0x01, 0x05, 0x06, 0x06, 0x01, 0x07, 0x05, 0x06, 0x01, 0x07, 0x01, 0x06,
    0x03, 0x04, 0x03, 0x03, 0x02, 0x02, 0x02, 0x01, 0x3A, 0x00, 0x02, 0x01, 0x02, 0x02, 0x02, 0x03,
    0x06, 0x04, 0x02, 0x05, 0x02, 0x06, 0x01, 0x07, 0x06, 0x09, 0x02, 0x07, 0x01, 0x06, 0x01, 0x07,
    0x01, 0x06, 0x04, 0x04, 0x02, 0x03, 0x02, 0x02, 0x02, 0x01, 0x39, 0x00, 0x02, 0x01, 0x02, 0x02,
    0x05, 0x03, 0x04, 0x04, 0x01, 0x05, 0x02, 0x06, 0x01, 0x07, 0x09, 0x09, 0x02, 0x07, 0x01, 0x08,
    0x03, 0x04, 0x03, 0x03, 0x02, 0x02, 0x02, 0x01, 0x38, 0x00, 0x03, 0x01, 0x02, 0x02, 0x03, 0x03,
    0x05, 0x04, 0x01, 0x05, 0x01, 0x08, 0x02, 0x06, 0x01, 0x07, 0x09, 0x09, 0x01, 0x07, 0x01, 0x06,
    0x01, 0x05, 0x03, 0x04, 0x03, 0x03, 0x02, 0x02, 0x02, 0x01, 0x38, 0x00, 0x02, 0x01, 0x02, 0x02,
    0x03, 0x03, 0x04, 0x04, 0x01, 0x0A, 0x01, 0x05, 0x01, 0x08, 0x02, 0x06, 0x02, 0x07, 0x01, 0x09,
    0x01, 0x0B, 0x07, 0x09, 0x01, 0x07, 0x01, 0x06, 0x02, 0x05, 0x03, 0x04, 0x02, 0x03, 0x02, 0x02,
    0x02, 0x01, 0x37, 0x00, 0x03, 0x01, 0x02, 0x02, 0x02, 0x03, 0x05, 0x04, 0x02, 0x05, 0x01, 0x08,
    0x01, 0x06, 0x01, 0x07, 0x03, 0x09, 0x04, 0x0B, 0x03, 0x09, 0x01, 0x07, 0x02, 0x06, 0x01, 0x08,
    0x01, 0x05, 0x01, 0x04, 0x01, 0x03, 0x01, 0x04, 0x03, 0x03, 0x01, 0x02, 0x02, 0x01, 0x37, 0x00,
    0x02, 0x01, 0x02, 0x02, 0x03, 0x03, 0x04, 0x04, 0x01, 0x0A, 0x02, 0x05, 0x02, 0x06, 0x01, 0x07,
    0x01, 0x09, 0x01, 0x0B, 0x02, 0x09, 0x05, 0x0B, 0x01, 0x09, 0x01, 0x07, 0x01, 0x06, 0x02, 0x08,
    0x02, 0x04, 0x01, 0x03, 0x02, 0x04, 0x02, 0x03, 0x01, 0x02, 0x02, 0x01, 0x36, 0x00, 0x03, 0x01,
    0x01, 0x02, 0x03, 0x03, 0x03, 0x04, 0x02, 0x0A, 0x02, 0x05, 0x01, 0x08, 0x01, 0x06, 0x01, 0x07,
    0x01, 0x09, 0x03, 0x0B, 0x06, 0x09, 0x02, 0x07, 0x02, 0x06, 0x01, 0x05, 0x02, 0x04, 0x01, 0x03,
    0x02, 0x04, 0x02, 0x03, 0x01, 0x02, 0x02, 0x01, 0x36, 0x00, 0x02, 0x01, 0x02, 0x02, 0x02, 0x03,
    0x03, 0x04, 0x02, 0x0A, 0x02, 0x05, 0x01, 0x08, 0x02, 0x06, 0x01, 0x07, 0x04, 0x0B, 0x05, 0x09,
    0x01, 0x07, 0x03, 0x06, 0x01, 0x08, 0x02, 0x04, 0x02, 0x03, 0x02, 0x04, 0x02, 0x03, 0x01, 0x02,
    0x02, 0x01, 0x35, 0x00, 0x03, 0x01, 0x01, 0x02, 0x02, 0x03, 0x05, 0x04, 0x01, 0x0A, 0x02, 0x05,
    0x02, 0x06, 0x01, 0x07, 0x01, 0x09, 0x03, 0x0B, 0x02, 0x09, 0x04, 0x0B, 0x01, 0x09, 0x03, 0x06,
    0x01, 0x05, 0x02, 0x04, 0x01, 0x03, 0x02, 0x04, 0x02, 0x03, 0x02, 0x02, 0x02, 0x01, 0x35, 0x00,
    0x02, 0x01, 0x02, 0x02, 0x02, 0x03, 0x05, 0x04, 0x01, 0x0A, 0x01, 0x05, 0x01, 0x08, 0x02, 0x06,
    0x01, 0x07, 0x04, 0x0B, 0x01, 0x09, 0x04, 0x0B, 0x01, 0x09, 0x01, 0x07, 0x02, 0x06, 0x01, 0x08,
    0x03, 0x04, 0x02, 0x03, 0x01, 0x04, 0x02, 0x03, 0x02, 0x02, 0x02, 0x01, 0x34, 0x00, 0x02, 0x01,
    0x02, 0x02, 0x02, 0x03, 0x05, 0x04, 0x01, 0x0A, 0x01, 0x05, 0x02, 0x08, 0x01, 0x06, 0x01, 0x07,
    0x01, 0x09, 0x03, 0x0B, 0x02, 0x09, 0x04, 0x0B, 0x02, 0x07, 0x01, 0x06, 0x01, 0x08, 0x02, 0x05,
    0x02, 0x04, 0x01, 0x03, 0x02, 0x04, 0x02, 0x03, 0x02, 0x02, 0x02, 0x01, 0x34, 0x00, 0x02, 0x01,
    0x02, 0x02, 0x02, 0x03, 0x04, 0x04, 0x01, 0x0A, 0x02, 0x05, 0x01, 0x08, 0x02, 0x06, 0x01, 0x07,
    0x05, 0x09, 0x04, 0x0B, 0x01, 0x09, 0x01, 0x07, 0x02, 0x06, 0x01, 0x08, 0x01, 0x05, 0x02, 0x0A,
    0x04, 0x04, 0x02, 0x03, 0x02, 0x02, 0x01, 0x01, 0x34, 0x00, 0x02, 0x01, 0x02, 0x02, 0x02, 0x03,
    0x04, 0x04, 0x02, 0x0A, 0x01, 0x05, 0x01, 0x08, 0x03, 0x06, 0x01, 0x07, 0x05, 0x09, 0x04, 0x0B,
    0x01, 0x07, 0x03, 0x06, 0x02, 0x05, 0x01, 0x0A, 0x05, 0x04, 0x02, 0x03, 0x01, 0x02, 0x02, 0x01,
    0x34, 0x00, 0x02, 0x01, 0x02, 0x02, 0x02, 0x03, 0x04, 0x04, 0x01, 0x0A, 0x02, 0x05, 0x01, 0x08,
    0x02, 0x06, 0x01, 0x07, 0x05, 0x0B, 0x02, 0x09, 0x02, 0x0B, 0x01, 0x09, 0x01, 0x07, 0x02, 0x06,
    0x01, 0x08, 0x01, 0x05, 0x01, 0x0A, 0x06, 0x04, 0x02, 0x03, 0x01, 0x02, 0x02, 0x01, 0x33, 0x00,
    0x02, 0x01, 0x02, 0x02, 0x02, 0x03, 0x02, 0x04, 0x03, 0x0A, 0x02, 0x05, 0x01, 0x08, 0x03, 0x06,
    0x01, 0x09, 0x06, 0x0B, 0x01, 0x09, 0x02, 0x0B, 0x02, 0x07, 0x02, 0x06, 0x01, 0x08, 0x01, 0x05,
    0x01, 0x0A, 0x05, 0x04, 0x02, 0x03, 0x02, 0x02, 0x02, 0x01, 0x32, 0x00, 0x03, 0x01, 0x01, 0x02,
    0x03, 0x03, 0x02, 0x04, 0x03, 0x0A, 0x01, 0x05, 0x02, 0x08, 0x02, 0x06, 0x01, 0x07, 0x07, 0x0B,
    0x03, 0x09, 0x01, 0x07, 0x02, 0x06, 0x02, 0x08, 0x01, 0x05, 0x01, 0x0A, 0x05, 0x04, 0x02, 0x03,
    0x02, 0x02, 0x02, 0x01, 0x32, 0x00, 0x02, 0x01, 0x02, 0x02, 0x02, 0x03, 0x03, 0x04, 0x01, 0x0A,
    0x03, 0x05, 0x01, 0x08, 0x01, 0x0C, 0x02, 0x06, 0x01, 0x09, 0x08, 0x0B, 0x01, 0x09, 0x01, 0x07,
    0x02, 0x06, 0x03, 0x08, 0x01, 0x05, 0x01, 0x0A, 0x05, 0x04, 0x02, 0x03, 0x02, 0x02, 0x02, 0x01,
    0x31, 0x00, 0x02, 0x01, 0x02, 0x02, 0x02, 0x03, 0x04, 0x04, 0x01, 0x0A, 0x01, 0x05, 0x03, 0x08,
    0x03, 0x06, 0x01, 0x09, 0x08, 0x0B, 0x02, 0x07, 0x02, 0x06, 0x03, 0x08, 0x01, 0x05, 0x02, 0x0A,
    0x04, 0x04, 0x02, 0x03, 0x02, 0x02, 0x02, 0x01, 0x30, 0x00, 0x03, 0x01, 0x02, 0x02, 0x02, 0x03,
    0x02, 0x04, 0x02, 0x0A, 0x02, 0x05, 0x02, 0x08, 0x02, 0x06, 0x02, 0x07, 0x01, 0x09, 0x07, 0x0B,
    0x01, 0x09, 0x02, 0x07, 0x01, 0x06, 0x01, 0x0C, 0x02, 0x08, 0x02, 0x05, 0x02, 0x0A, 0x04, 0x04,
    0x02, 0x03, 0x02, 0x02, 0x02, 0x01, 0x30, 0x00, 0x02, 0x01, 0x02, 0x02, 0x02, 0x03, 0x02, 0x04,
    0x03, 0x0A, 0x02, 0x05, 0x01, 0x08, 0x01, 0x0C, 0x02, 0x06, 0x01, 0x07, 0x01, 0x0B, 0x02, 0x09,
    0x05, 0x0B, 0x01, 0x09, 0x02, 0x07, 0x02, 0x06, 0x03, 0x08, 0x02, 0x05, 0x02, 0x0A, 0x03, 0x04,
    0x03, 0x03, 0x01, 0x02, 0x03, 0x01, 0x2F, 0x00, 0x03, 0x01, 0x01, 0x02, 0x03, 0x03, 0x01, 0x04,
    0x03, 0x0A, 0x02, 0x05, 0x02, 0x08, 0x01, 0x0C, 0x02, 0x06, 0x01, 0x09, 0x01, 0x0B, 0x02, 0x09,
    0x05, 0x0B, 0x01, 0x09, 0x01, 0x07, 0x02, 0x06, 0x01, 0x0C, 0x03, 0x08, 0x02, 0x05, 0x03, 0x0A,
    0x02, 0x04, 0x03, 0x03, 0x02, 0x02, 0x02, 0x01, 0x2F, 0x00, 0x02, 0x01, 0x02, 0x02, 0x02, 0x03,
    0x01, 0x04, 0x01, 0x0A, 0x04, 0x05, 0x03, 0x08, 0x02, 0x06, 0x01, 0x07, 0x03, 0x0B, 0x06, 0x09,
    0x02, 0x07, 0x02, 0x06, 0x01, 0x0C, 0x01, 0x08, 0x01, 0x05, 0x01, 0x08, 0x01, 0x05, 0x01, 0x0A,
    0x01, 0x05, 0x03, 0x0A, 0x02, 0x04, 0x02, 0x03, 0x02, 0x02, 0x02, 0x01, 0x2E, 0x00, 0x03, 0x01,
    0x01, 0x02, 0x02, 0x03, 0x02, 0x04, 0x01, 0x0A, 0x04, 0x05, 0x02, 0x08, 0x03, 0x06, 0x01, 0x09,
    0x02, 0x0B, 0x02, 0x09, 0x05, 0x0B, 0x01, 0x07, 0x02, 0x06, 0x01, 0x0C, 0x04, 0x08, 0x03, 0x05,
    0x03, 0x0A, 0x02, 0x04, 0x02, 0x03, 0x02, 0x02, 0x02, 0x01, 0x2E, 0x00, 0x02, 0x01, 0x01, 0x02,
    0x03, 0x03, 0x02, 0x04, 0x01, 0x0A, 0x03, 0x05, 0x02, 0x08, 0x01, 0x0C, 0x02, 0x06, 0x01, 0x07,
    0x01, 0x09, 0x02, 0x0B, 0x01, 0x09, 0x05, 0x0B, 0x01, 0x09, 0x01, 0x06, 0x01, 0x0C, 0x01, 0x06,
    0x01, 0x0C, 0x02, 0x08, 0x01, 0x05, 0x02, 0x08, 0x01, 0x05, 0x04, 0x0A, 0x02, 0x04, 0x02, 0x03,
    0x02, 0x02, 0x03, 0x01, 0x2C, 0x00, 0x02, 0x01, 0x02, 0x02, 0x02, 0x03, 0x03, 0x04, 0x01, 0x0A,
    0x03, 0x05, 0x01, 0x08, 0x02, 0x0C, 0x02, 0x06, 0x01, 0x09, 0x02, 0x0B, 0x02, 0x09, 0x05, 0x0B,
    0x01, 0x07, 0x01, 0x06, 0x03, 0x0C, 0x02, 0x08, 0x01, 0x05, 0x02, 0x08, 0x01, 0x05, 0x04, 0x0A,
    0x02, 0x04, 0x03, 0x03, 0x02, 0x02, 0x03, 0x01, 0x2B, 0x00, 0x02, 0x01, 0x01, 0x02, 0x02, 0x03,
    0x03, 0x04, 0x02, 0x0A, 0x03, 0x05, 0x01, 0x08, 0x02, 0x0C, 0x01, 0x06, 0x01, 0x07, 0x01, 0x09,
    0x01, 0x0B, 0x02, 0x09, 0x05, 0x0B, 0x01, 0x09, 0x03, 0x06, 0x02, 0x0C, 0x05, 0x08, 0x01, 0x05,
    0x04, 0x0A, 0x03, 0x04, 0x02, 0x03, 0x03, 0x02, 0x02, 0x01, 0x2A, 0x00, 0x02, 0x01, 0x02, 0x02,
    0x02, 0x03, 0x03, 0x04, 0x02, 0x0A, 0x01, 0x05, 0x03, 0x08, 0x01, 0x06, 0x01, 0x0C, 0x01, 0x06,
    0x01, 0x07, 0x04, 0x09, 0x05, 0x0B, 0x01, 0x07, 0x02, 0x06, 0x03, 0x0C, 0x05, 0x08, 0x02, 0x05,
    0x04, 0x0A, 0x02, 0x04, 0x03, 0x03, 0x02, 0x02, 0x03, 0x01, 0x28, 0x00, 0x03, 0x01, 0x01, 0x02,
    0x02, 0x03, 0x02, 0x04, 0x03, 0x0A, 0x02, 0x05, 0x02, 0x08, 0x01, 0x0C, 0x02, 0x06, 0x01, 0x07,
    0x04, 0x0B, 0x02, 0x09, 0x03, 0x0B, 0x01, 0x09, 0x02, 0x06, 0x03, 0x0C, 0x06, 0x08, 0x02, 0x05,
    0x05, 0x0A, 0x02, 0x04, 0x03, 0x03, 0x02, 0x02, 0x04, 0x01, 0x26, 0x00, 0x02, 0x01, 0x02, 0x02,
    0x02, 0x03, 0x01, 0x04, 0x04, 0x0A, 0x01, 0x05, 0x02, 0x08, 0x03, 0x0C, 0x01, 0x06, 0x01, 0x09,
    0x05, 0x0B, 0x01, 0x09, 0x03, 0x0B, 0x01, 0x07, 0x02, 0x06, 0x03, 0x0C, 0x06, 0x08, 0x04, 0x05,
    0x04, 0x0A, 0x02, 0x04, 0x03, 0x03, 0x03, 0x02, 0x04, 0x01, 0x23, 0x00, 0x03, 0x01, 0x01, 0x02,
    0x02, 0x03, 0x03, 0x04, 0x01, 0x0A, 0x03, 0x05, 0x02, 0x08, 0x02, 0x0C, 0x01, 0x06, 0x01, 0x07,
    0x01, 0x09, 0x05, 0x0B, 0x02, 0x09, 0x01, 0x0B, 0x01, 0x09, 0x02, 0x06, 0x04, 0x0C, 0x06, 0x08,
    0x04, 0x05, 0x03, 0x0A, 0x01, 0x05, 0x01, 0x0A, 0x02, 0x04, 0x03, 0x03, 0x03, 0x02, 0x04, 0x01,
    0x22, 0x00, 0x02, 0x01, 0x02, 0x02, 0x02, 0x03, 0x02, 0x04, 0x02, 0x0A, 0x02, 0x05, 0x02, 0x08,
    0x03, 0x0C, 0x01, 0x06, 0x01, 0x09, 0x07, 0x0B, 0x02, 0x09, 0x01, 0x07, 0x01, 0x06, 0x05, 0x0C,
    0x06, 0x08, 0x01, 0x05, 0x01, 0x08, 0x03, 0x05, 0x01, 0x0A, 0x03, 0x05, 0x01, 0x0A, 0x02, 0x04,
    0x04, 0x03, 0x03, 0x02, 0x04, 0x01, 0x1F, 0x00, 0x03, 0x01, 0x01, 0x02, 0x02, 0x03, 0x03, 0x04,
    0x01, 0x0A, 0x03, 0x05, 0x01, 0x08, 0x04, 0x0C, 0x01, 0x07, 0x08, 0x0B, 0x01, 0x09, 0x01, 0x07,
    0x02, 0x06, 0x05, 0x0C, 0x08, 0x08, 0x03, 0x05, 0x01, 0x0A, 0x03, 0x05, 0x01, 0x0A, 0x04, 0x04,
    0x04, 0x03, 0x03, 0x02, 0x03, 0x01, 0x1E, 0x00, 0x02, 0x01, 0x02, 0x02, 0x02, 0x03, 0x01, 0x04,
    0x03, 0x0A, 0x01, 0x05, 0x03, 0x08, 0x01, 0x0C, 0x03, 0x06, 0x01, 0x07, 0x07, 0x0B, 0x02, 0x09,
    0x01, 0x07, 0x02, 0x06, 0x06, 0x0C, 0x07, 0x08, 0x05, 0x05, 0x01, 0x08, 0x01, 0x05, 0x01, 0x0A,
    0x06, 0x04, 0x03, 0x03, 0x03, 0x02, 0x04, 0x01, 0x1B, 0x00, 0x03, 0x01, 0x01, 0x02, 0x02, 0x03,
    0x02, 0x04, 0x03, 0x0A, 0x01, 0x05, 0x02, 0x08, 0x02, 0x0C, 0x02, 0x06, 0x02, 0x07, 0x06, 0x0B,
    0x03, 0x09, 0x03, 0x06, 0x07, 0x0C, 0x03, 0x08, 0x01, 0x0C, 0x02, 0x08, 0x05, 0x05, 0x01, 0x08,
    0x01, 0x05, 0x01, 0x0A, 0x07, 0x04, 0x04, 0x03, 0x03, 0x02, 0x03, 0x01, 0x1A, 0x00, 0x02, 0x01,
    0x02, 0x02, 0x02, 0x03, 0x01, 0x04, 0x03, 0x0A, 0x02, 0x05, 0x02, 0x08, 0x01, 0x0C, 0x03, 0x06,
    0x03, 0x09, 0x05, 0x0B, 0x02, 0x09, 0x01, 0x07, 0x02, 0x06, 0x09, 0x0C, 0x01, 0x08, 0x02, 0x0C,
    0x04, 0x08, 0x02, 0x05, 0x03, 0x08, 0x01, 0x05, 0x05, 0x0A, 0x04, 0x04, 0x04, 0x03, 0x02, 0x02,
    0x03, 0x01, 0x18, 0x00, 0x03, 0x01, 0x01, 0x02, 0x02, 0x03, 0x02, 0x04, 0x01, 0x05, 0x02, 0x0A,
    0x01, 0x05, 0x02, 0x08, 0x02, 0x0C, 0x02, 0x06, 0x01, 0x07, 0x01, 0x09, 0x01, 0x0B, 0x08, 0x09,
    0x03, 0x06, 0x0D, 0x0C, 0x06, 0x08, 0x01, 0x0C, 0x01, 0x08, 0x01, 0x05, 0x05, 0x0A, 0x05, 0x04,
    0x04, 0x03, 0x02, 0x02, 0x03, 0x01, 0x17, 0x00, 0x02, 0x01, 0x02, 0x02, 0x02, 0x03, 0x01, 0x04,
    0x01, 0x0A, 0x03, 0x05, 0x03, 0x08, 0x01, 0x0C, 0x03, 0x06, 0x01, 0x07, 0x02, 0x0B, 0x06, 0x09,
    0x02, 0x07, 0x03, 0x06, 0x0F, 0x0C, 0x01, 0x08, 0x01, 0x0C, 0x02, 0x08, 0x01, 0x0C, 0x01, 0x08,
    0x03, 0x05, 0x04, 0x0A, 0x05, 0x04, 0x04, 0x03, 0x02, 0x02, 0x03, 0x01, 0x16, 0x00, 0x02, 0x01,
    0x01, 0x02, 0x02, 0x03, 0x02, 0x04, 0x04, 0x05, 0x02, 0x08, 0x02, 0x0C, 0x02, 0x06, 0x02, 0x07,
    0x03, 0x09, 0x05, 0x0B, 0x01, 0x07, 0x01, 0x06, 0x01, 0x07, 0x06, 0x06, 0x01, 0x0C, 0x07, 0x06,
    0x01, 0x0C, 0x04, 0x06, 0x03, 0x0C, 0x02, 0x08, 0x03, 0x05, 0x01, 0x0A, 0x01, 0x04, 0x02, 0x0A,
    0x04, 0x04, 0x06, 0x03, 0x02, 0x02, 0x02, 0x01, 0x14, 0x00, 0x02, 0x01, 0x02, 0x02, 0x02, 0x03,
    0x01, 0x04, 0x01, 0x0A, 0x04, 0x05, 0x02, 0x08, 0x01, 0x0C, 0x03, 0x06, 0x02, 0x09, 0x01, 0x07,
    0x01, 0x09, 0x06, 0x0B, 0x01, 0x07, 0x08, 0x06, 0x01, 0x0C, 0x07, 0x06, 0x01, 0x0C, 0x07, 0x06,
    0x02, 0x0C, 0x02, 0x08, 0x03, 0x05, 0x04, 0x0A, 0x05, 0x04, 0x03, 0x03, 0x03, 0x02, 0x02, 0x01,
    0x13, 0x00, 0x02, 0x01, 0x01, 0x02, 0x02, 0x03, 0x02, 0x04, 0x01, 0x0A, 0x01, 0x08, 0x03, 0x05,
    0x02, 0x08, 0x01, 0x0C, 0x02, 0x06, 0x01, 0x07, 0x02, 0x0B, 0x02, 0x07, 0x05, 0x0B, 0x01, 0x09,
    0x01, 0x07, 0x03, 0x06, 0x11, 0x07, 0x07, 0x06, 0x03, 0x08, 0x04, 0x05, 0x01, 0x0A, 0x05, 0x04,
    0x04, 0x03, 0x03, 0x02, 0x02, 0x01, 0x12, 0x00, 0x01, 0x01, 0x02, 0x02, 0x02, 0x03, 0x01, 0x04,
    0x02, 0x0A, 0x02, 0x08, 0x02, 0x05, 0x01, 0x08, 0x03, 0x0C, 0x01, 0x06, 0x01, 0x07, 0x03, 0x09,
    0x02, 0x07, 0x04, 0x0B, 0x05, 0x07, 0x05, 0x09, 0x09, 0x0B, 0x01, 0x07, 0x03, 0x09, 0x02, 0x07,
    0x01, 0x06, 0x01, 0x07, 0x05, 0x06, 0x02, 0x08, 0x03, 0x05, 0x02, 0x0A, 0x04, 0x04, 0x05, 0x03,
    0x01, 0x02, 0x03, 0x01, 0x10, 0x00, 0x02, 0x01, 0x01, 0x02, 0x02, 0x03, 0x02, 0x04, 0x01, 0x0A,
    0x01, 0x05, 0x02, 0x08, 0x01, 0x05, 0x02, 0x08, 0x02, 0x0C, 0x01, 0x06, 0x01, 0x07, 0x03, 0x0B,
    0x02, 0x09, 0x01, 0x07, 0x01, 0x09, 0x02, 0x0B, 0x02, 0x09, 0x01, 0x0B, 0x02, 0x09, 0x05, 0x0B,
    0x02, 0x09, 0x07, 0x0B, 0x02, 0x09, 0x05, 0x0B, 0x02, 0x09, 0x02, 0x07, 0x05, 0x06, 0x02, 0x08,
    0x01, 0x05, 0x02, 0x0A, 0x07, 0x04, 0x03, 0x03, 0x01, 0x02, 0x03, 0x01, 0x0F, 0x00, 0x02, 0x01,
    0x01, 0x02, 0x02, 0x03, 0x01, 0x04, 0x02, 0x0A, 0x01, 0x05, 0x04, 0x08, 0x02, 0x0C, 0x02, 0x06,
    0x01, 0x09, 0x03, 0x0B, 0x03, 0x09, 0x01, 0x07, 0x01, 0x09, 0x04, 0x0B, 0x01, 0x09, 0x06, 0x0B,
    0x02, 0x09, 0x07, 0x0B, 0x01, 0x09, 0x06, 0x0B, 0x02, 0x09, 0x02, 0x0B, 0x01, 0x07, 0x04, 0x06,
    0x03, 0x08, 0x01, 0x05, 0x03, 0x0A, 0x06, 0x04, 0x02, 0x03, 0x02, 0x02, 0x02, 0x01, 0x0F, 0x00,
    0x01, 0x01, 0x01, 0x02, 0x02, 0x03, 0x02, 0x04, 0x02, 0x0A, 0x01, 0x05, 0x03, 0x08, 0x03, 0x0C,
    0x01, 0x06, 0x01, 0x07, 0x05, 0x0B, 0x03, 0x09, 0x02, 0x07, 0x02, 0x0B, 0x02, 0x09, 0x07, 0x0B,
    0x02, 0x09, 0x05, 0x0B, 0x02, 0x09, 0x07, 0x0B, 0x01, 0x09, 0x01, 0x0B, 0x01, 0x09, 0x01, 0x07,
    0x02, 0x09, 0x01, 0x07, 0x03, 0x06, 0x02, 0x08, 0x02, 0x05, 0x02, 0x04, 0x02, 0x0A, 0x03, 0x04,
    0x03, 0x03, 0x02, 0x02, 0x02, 0x01, 0x0D, 0x00, 0x02, 0x01, 0x01, 0x02, 0x02, 0x03, 0x01, 0x04,
    0x02, 0x0A, 0x01, 0x05, 0x04, 0x08, 0x02, 0x0C, 0x01, 0x06, 0x01, 0x07, 0x01, 0x09, 0x06, 0x0B,
    0x01, 0x09, 0x01, 0x0B, 0x01, 0x09, 0x02, 0x07, 0x01, 0x0B, 0x01, 0x09, 0x09, 0x0B, 0x07, 0x09,
    0x09, 0x0B, 0x01, 0x07, 0x01, 0x06, 0x01, 0x07, 0x03, 0x09, 0x02, 0x07, 0x03, 0x06, 0x01, 0x08,
    0x02, 0x05, 0x03, 0x0A, 0x04, 0x04, 0x03, 0x03, 0x02, 0x02, 0x02, 0x01, 0x0C, 0x00, 0x02, 0x01,
    0x01, 0x02, 0x01, 0x03, 0x02, 0x04, 0x02, 0x0A, 0x01, 0x05, 0x03, 0x08, 0x03, 0x0C, 0x01, 0x06,
    0x01, 0x07, 0x07, 0x0B, 0x04, 0x09, 0x03, 0x07, 0x09, 0x0B, 0x07, 0x09, 0x07, 0x0B, 0x01, 0x09,
    0x02, 0x07, 0x07, 0x09, 0x01, 0x07, 0x03, 0x06, 0x01, 0x08, 0x02, 0x05, 0x01, 0x0A, 0x01, 0x05,
    0x02, 0x04, 0x01, 0x05, 0x02, 0x04, 0x02, 0x03, 0x02, 0x02, 0x02, 0x01, 0x0C, 0x00, 0x02, 0x01,
    0x01, 0x02, 0x01, 0x03, 0x02, 0x04, 0x02, 0x0A, 0x01, 0x05, 0x03, 0x08, 0x01, 0x0C, 0x03, 0x06,
    0x01, 0x09, 0x06, 0x0B, 0x02, 0x09, 0x04, 0x0B, 0x03, 0x07, 0x07, 0x0B, 0x02, 0x09, 0x01, 0x0B,
    0x01, 0x09, 0x03, 0x0B, 0x02, 0x09, 0x04, 0x0B, 0x01, 0x09, 0x03, 0x07, 0x01, 0x09, 0x05, 0x0B,
    0x02, 0x09, 0x01, 0x0B, 0x02, 0x07, 0x02, 0x06, 0x01, 0x08, 0x03, 0x05, 0x02, 0x04, 0x01, 0x05,
    0x01, 0x04, 0x01, 0x03, 0x01, 0x04, 0x02, 0x03, 0x02, 0x02, 0x02, 0x01, 0x0A, 0x00, 0x02, 0x01,
    0x01, 0x02, 0x02, 0x03, 0x01, 0x04, 0x02, 0x0A, 0x02, 0x05, 0x01, 0x08, 0x01, 0x0C, 0x01, 0x08,
    0x01, 0x0C, 0x03, 0x06, 0x07, 0x0B, 0x02, 0x09, 0x05, 0x0B, 0x01, 0x09, 0x03, 0x07, 0x04, 0x09,
    0x0A, 0x07, 0x01, 0x09, 0x01, 0x0B, 0x01, 0x09, 0x01, 0x07, 0x01, 0x06, 0x01, 0x07, 0x02, 0x09,
    0x06, 0x0B, 0x02, 0x09, 0x01, 0x0B, 0x03, 0x07, 0x02, 0x06, 0x02, 0x08, 0x01, 0x05, 0x02, 0x04,
    0x01, 0x05, 0x01, 0x04, 0x01, 0x03, 0x01, 0x04, 0x03, 0x03, 0x01, 0x02, 0x02, 0x01, 0x0A, 0x00,
    0x02, 0x01, 0x01, 0x02, 0x01, 0x03, 0x02, 0x04, 0x02, 0x0A, 0x02, 0x05, 0x01, 0x08, 0x02, 0x0C,
    0x02, 0x06, 0x02, 0x07, 0x01, 0x09, 0x05, 0x0B, 0x02, 0x09, 0x07, 0x0B, 0x01, 0x09, 0x02, 0x07,
    0x01, 0x06, 0x02, 0x07, 0x01, 0x06, 0x01, 0x0C, 0x0A, 0x06, 0x03, 0x07, 0x01, 0x09, 0x01, 0x0B,
    0x02, 0x09, 0x07, 0x0B, 0x01, 0x09, 0x02, 0x07, 0x01, 0x0B, 0x01, 0x09, 0x01, 0x07, 0x01, 0x06,
    0x01, 0x0C, 0x01, 0x08, 0x02, 0x05, 0x01, 0x0A, 0x01, 0x05, 0x01, 0x0A, 0x03, 0x04, 0x02, 0x03,
    0x01, 0x02, 0x02, 0x01, 0x0A, 0x00, 0x02, 0x01, 0x01, 0x02, 0x01, 0x03, 0x01, 0x04, 0x02, 0x0A,
    0x03, 0x05, 0x03, 0x0C, 0x02, 0x06, 0x01, 0x07, 0x01, 0x0B, 0x07, 0x09, 0x08, 0x0B, 0x01, 0x09,
    0x02, 0x07, 0x04, 0x06, 0x01, 0x0C, 0x09, 0x06, 0x01, 0x0C, 0x02, 0x06, 0x03, 0x07, 0x01, 0x09,
    0x08, 0x0B, 0x01, 0x09, 0x01, 0x06, 0x03, 0x09, 0x01, 0x07, 0x03, 0x06, 0x01, 0x08, 0x04, 0x05,
    0x04, 0x04, 0x02, 0x03, 0x01, 0x02, 0x02, 0x01, 0x09, 0x00, 0x02, 0x01, 0x01, 0x02, 0x01, 0x03,
    0x01, 0x04, 0x02, 0x0A, 0x03, 0x05, 0x02, 0x0C, 0x02, 0x06, 0x01, 0x07, 0x01, 0x09, 0x01, 0x0B,
    0x07, 0x09, 0x06, 0x0B, 0x01, 0x09, 0x02, 0x07, 0x01, 0x0C, 0x02, 0x06, 0x0C, 0x0C, 0x01, 0x06,
    0x01, 0x0C, 0x05, 0x06, 0x01, 0x07, 0x01, 0x09, 0x06, 0x0B, 0x01, 0x09, 0x01, 0x06, 0x01, 0x09,
    0x01, 0x0B, 0x03, 0x09, 0x01, 0x07, 0x03, 0x06, 0x01, 0x08, 0x01, 0x05, 0x01, 0x08, 0x01, 0x05,
    0x04, 0x04, 0x02, 0x03, 0x01, 0x02, 0x02, 0x01, 0x08, 0x00, 0x02, 0x01, 0x01, 0x02, 0x02, 0x03,
    0x01, 0x04, 0x02, 0x0A, 0x02, 0x05, 0x01, 0x08, 0x01, 0x0C, 0x03, 0x06, 0x01, 0x07, 0x01, 0x0B,
    0x02, 0x09, 0x05, 0x0B, 0x02, 0x09, 0x04, 0x0B, 0x01, 0x09, 0x01, 0x07, 0x05, 0x06, 0x0E, 0x0C,
    0x07, 0x06, 0x02, 0x09, 0x03, 0x0B, 0x01, 0x09, 0x02, 0x07, 0x06, 0x0B, 0x01, 0x07, 0x03, 0x06,
    0x02, 0x08, 0x01, 0x05, 0x04, 0x04, 0x02, 0x03, 0x01, 0x02, 0x02, 0x01, 0x08, 0x00, 0x02, 0x01,
    0x01, 0x02, 0x01, 0x03, 0x01, 0x04, 0x03, 0x0A, 0x01, 0x05, 0x02, 0x08, 0x03, 0x06, 0x01, 0x07,
    0x01, 0x09, 0x01, 0x0B, 0x01, 0x09, 0x07, 0x0B, 0x01, 0x09, 0x02, 0x0B, 0x01, 0x09, 0x01, 0x07,
    0x03, 0x06, 0x0A, 0x0C, 0x04, 0x08, 0x02, 0x0C, 0x02, 0x08, 0x04, 0x0C, 0x02, 0x06, 0x01, 0x0C,
    0x01, 0x06, 0x01, 0x07, 0x01, 0x09, 0x01, 0x0B, 0x02, 0x07, 0x02, 0x09, 0x06, 0x0B, 0x01, 0x09,
    0x01, 0x07, 0x02, 0x06, 0x02, 0x08, 0x01, 0x05, 0x01, 0x04, 0x01, 0x0A, 0x02, 0x04, 0x03, 0x03,
    0x01, 0x02, 0x02, 0x01, 0x07, 0x00, 0x02, 0x01, 0x01, 0x02, 0x01, 0x03, 0x01, 0x04, 0x02, 0x0A,
    0x02, 0x05, 0x02, 0x08, 0x03, 0x06, 0x01, 0x07, 0x01, 0x0B, 0x02, 0x09, 0x07, 0x0B, 0x03, 0x09,
    0x01, 0x07, 0x03, 0x06, 0x07, 0x0C, 0x02, 0x08, 0x02, 0x0C, 0x0C, 0x08, 0x01, 0x0C, 0x01, 0x06,
    0x01, 0x0C, 0x02, 0x06, 0x03, 0x07, 0x02, 0x09, 0x08, 0x0B, 0x01, 0x09, 0x01, 0x07, 0x03, 0x06,
    0x01, 0x08, 0x02, 0x0A, 0x02, 0x04, 0x03, 0x03, 0x01, 0x02, 0x02, 0x01, 0x07, 0x00, 0x02, 0x01,
    0x01, 0x02, 0x01, 0x03, 0x01, 0x04, 0x02, 0x0A, 0x02, 0x05, 0x02, 0x08, 0x03, 0x06, 0x02, 0x09,
    0x01, 0x07, 0x09, 0x0B, 0x01, 0x07, 0x03, 0x06, 0x06, 0x0C, 0x14, 0x08, 0x01, 0x0C, 0x01, 0x06,
    0x01, 0x0C, 0x03, 0x06, 0x01, 0x07, 0x02, 0x09, 0x09, 0x0B, 0x01, 0x07, 0x03, 0x06, 0x01, 0x08,
    0x01, 0x05, 0x01, 0x0A, 0x03, 0x04, 0x02, 0x03, 0x01, 0x02, 0x02, 0x01, 0x07, 0x00, 0x01, 0x01,
    0x01, 0x02, 0x02, 0x03, 0x01, 0x04, 0x01, 0x0A, 0x02, 0x05, 0x02, 0x08, 0x01, 0x0C, 0x02, 0x06,
    0x01, 0x07, 0x03, 0x09, 0x08, 0x0B, 0x01, 0x07, 0x03, 0x06, 0x05, 0x0C, 0x0C, 0x08, 0x01, 0x05,
    0x02, 0x08, 0x04, 0x05, 0x03, 0x08, 0x02, 0x0C, 0x01, 0x08, 0x03, 0x06, 0x02, 0x07, 0x01, 0x09,
    0x08, 0x0B, 0x02, 0x09, 0x01, 0x07, 0x03, 0x06, 0x02, 0x05, 0x04, 0x04, 0x01, 0x03, 0x01, 0x02,
    0x02, 0x01, 0x07, 0x00, 0x01, 0x01, 0x01, 0x02, 0x02, 0x03, 0x02, 0x0A, 0x02, 0x05, 0x02, 0x08,
    0x01, 0x0C, 0x01, 0x06, 0x01, 0x07, 0x01, 0x09, 0x02, 0x0B, 0x02, 0x09, 0x06, 0x0B, 0x01, 0x09,
    0x04, 0x06, 0x05, 0x0C, 0x05, 0x08, 0x01, 0x05, 0x03, 0x08, 0x05, 0x05, 0x01, 0x08, 0x07, 0x05,
    0x04, 0x08, 0x03, 0x06, 0x02, 0x07, 0x01, 0x09, 0x07, 0x0B, 0x01, 0x09, 0x01, 0x0B, 0x01, 0x09,
    0x01, 0x07, 0x02, 0x06, 0x02, 0x05, 0x01, 0x0A, 0x03, 0x04, 0x02, 0x03, 0x01, 0x02, 0x01, 0x01,
    0x06, 0x00, 0x02, 0x01, 0x01, 0x02, 0x01, 0x03, 0x01, 0x04, 0x01, 0x0A, 0x02, 0x05, 0x02, 0x08,
    0x01, 0x0C, 0x02, 0x06, 0x01, 0x07, 0x04, 0x0B, 0x02, 0x09, 0x04, 0x0B, 0x01, 0x09, 0x01, 0x06,
    0x01, 0x0C, 0x01, 0x06, 0x04, 0x0C, 0x07, 0x08, 0x02, 0x05, 0x02, 0x08, 0x06, 0x05, 0x01, 0x08,
    0x07, 0x05, 0x04, 0x08, 0x02, 0x0C, 0x02, 0x06, 0x02, 0x07, 0x06, 0x0B, 0x02, 0x09, 0x02, 0x0B,
    0x01, 0x07, 0x02, 0x06, 0x01, 0x08, 0x02, 0x05, 0x03, 0x04, 0x02, 0x03, 0x01, 0x02, 0x02, 0x01,
    0x05, 0x00, 0x02, 0x01, 0x01, 0x02, 0x01, 0x03, 0x01, 0x04, 0x01, 0x0A, 0x02, 0x05, 0x02, 0x08,
    0x02, 0x06, 0x01, 0x07, 0x01, 0x09, 0x04, 0x0B, 0x02, 0x09, 0x03, 0x0B, 0x01, 0x09, 0x01, 0x07,
    0x03, 0x06, 0x02, 0x0C, 0x09, 0x08, 0x08, 0x05, 0x01, 0x0A, 0x09, 0x05, 0x02, 0x08, 0x01, 0x05,
    0x03, 0x08, 0x02, 0x06, 0x01, 0x07, 0x01, 0x06, 0x01, 0x07, 0x04, 0x0B, 0x02, 0x09, 0x03, 0x0B,
    0x01, 0x09, 0x01, 0x07, 0x02, 0x06, 0x02, 0x05, 0x01, 0x0A, 0x03, 0x04, 0x01, 0x03, 0x01, 0x02,
    0x02, 0x01, 0x05, 0x00, 0x02, 0x01, 0x01, 0x02, 0x01, 0x03, 0x01, 0x04, 0x02, 0x05, 0x03, 0x08,
    0x02, 0x06, 0x01, 0x09, 0x06, 0x0B, 0x04, 0x09, 0x02, 0x06, 0x04, 0x0C, 0x04, 0x08, 0x01, 0x05,
    0x03, 0x08, 0x07, 0x05, 0x04, 0x0A, 0x02, 0x05, 0x01, 0x0A, 0x02, 0x05, 0x01, 0x0A, 0x03, 0x05,
    0x02, 0x08, 0x02, 0x05, 0x02, 0x08, 0x01, 0x0C, 0x04, 0x06, 0x01, 0x07, 0x05, 0x09, 0x04, 0x0B,
    0x01, 0x09, 0x02, 0x06, 0x01, 0x08, 0x02, 0x05, 0x03, 0x04, 0x01, 0x03, 0x01, 0x02, 0x02, 0x01,
    0x05, 0x00, 0x02, 0x01, 0x01, 0x02, 0x01, 0x03, 0x01, 0x04, 0x03, 0x05, 0x01, 0x08, 0x01, 0x0C,
    0x01, 0x06, 0x01, 0x07, 0x01, 0x09, 0x06, 0x0B, 0x01, 0x09, 0x02, 0x0B, 0x01, 0x07, 0x02, 0x06,
    0x03, 0x0C, 0x04, 0x08, 0x02, 0x05, 0x02, 0x08, 0x04, 0x05, 0x10, 0x0A, 0x01, 0x05, 0x02, 0x08,
    0x02, 0x05, 0x03, 0x08, 0x01, 0x0C, 0x03, 0x06, 0x01, 0x07, 0x01, 0x09, 0x03, 0x0B, 0x01, 0x09,
    0x04, 0x0B, 0x01, 0x09, 0x01, 0x07, 0x02, 0x06, 0x01, 0x08, 0x01, 0x0A, 0x03, 0x04, 0x01, 0x03,
    0x01, 0x02, 0x02, 0x01, 0x05, 0x00, 0x02, 0x01, 0x02, 0x03, 0x01, 0x04, 0x02, 0x05, 0x01, 0x08,
    0x01, 0x0C, 0x02, 0x06, 0x01, 0x07, 0x06, 0x0B, 0x02, 0x09, 0x01, 0x0B, 0x01, 0x09, 0x03, 0x06,
    0x03, 0x0C, 0x03, 0x08, 0x03, 0x05, 0x01, 0x08, 0x03, 0x05, 0x02, 0x0A, 0x0A, 0x04, 0x07, 0x0A,
    0x01, 0x08, 0x03, 0x05, 0x04, 0x08, 0x02, 0x0C, 0x02, 0x06, 0x01, 0x07, 0x03, 0x0B, 0x02, 0x09,
    0x04, 0x0B, 0x01, 0x07, 0x02, 0x06, 0x01, 0x08, 0x01, 0x05, 0x03, 0x04, 0x02, 0x03, 0x01, 0x02,
    0x01, 0x01, 0x05, 0x00, 0x01, 0x01, 0x01, 0x02, 0x02, 0x03, 0x01, 0x0A, 0x02, 0x05, 0x01, 0x08,
    0x03, 0x06, 0x01, 0x09, 0x05, 0x0B, 0x02, 0x09, 0x01, 0x0B, 0x01, 0x09, 0x01, 0x07, 0x02, 0x06,
    0x02, 0x0C, 0x05, 0x08, 0x05, 0x05, 0x02, 0x0A, 0x03, 0x04, 0x07, 0x03, 0x04, 0x04, 0x05, 0x0A,
    0x02, 0x08, 0x05, 0x05, 0x02, 0x08, 0x01, 0x0C, 0x02, 0x06, 0x02, 0x07, 0x03, 0x0B, 0x01, 0x09,
    0x04, 0x0B, 0x01, 0x09, 0x01, 0x07, 0x01, 0x06, 0x01, 0x08, 0x01, 0x05, 0x03, 0x04, 0x02, 0x03,
    0x01, 0x02, 0x01, 0x01, 0x05, 0x00, 0x01, 0x01, 0x01, 0x02, 0x01, 0x03, 0x01, 0x04, 0x01, 0x0A,
    0x02, 0x05, 0x01, 0x08, 0x02, 0x06, 0x01, 0x07, 0x01, 0x09, 0x05, 0x0B, 0x02, 0x09, 0x01, 0x0B,
    0x01, 0x07, 0x03, 0x06, 0x01, 0x0C, 0x08, 0x08, 0x02, 0x05, 0x01, 0x0A, 0x03, 0x04, 0x0C, 0x03,
    0x03, 0x04, 0x03, 0x0A, 0x02, 0x08, 0x05, 0x05, 0x02, 0x08, 0x01, 0x0C, 0x02, 0x06, 0x02, 0x07,
    0x01, 0x09, 0x02, 0x0B, 0x06, 0x09, 0x03, 0x06, 0x02, 0x05, 0x03, 0x04, 0x01, 0x03, 0x01, 0x02,
    0x01, 0x01, 0x05, 0x00, 0x01, 0x01, 0x01, 0x02, 0x01, 0x03, 0x01, 0x04, 0x01, 0x0A, 0x01, 0x05,
    0x02, 0x08, 0x02, 0x06, 0x01, 0x07, 0x06, 0x09, 0x01, 0x07, 0x01, 0x0B, 0x01, 0x09, 0x01, 0x07,
    0x02, 0x06, 0x02, 0x0C, 0x05, 0x08, 0x04, 0x05, 0x01, 0x0A, 0x02, 0x04, 0x05, 0x03, 0x06, 0x02,
    0x04, 0x03, 0x03, 0x04, 0x01, 0x0A, 0x01, 0x05, 0x02, 0x08, 0x05, 0x05, 0x02, 0x08, 0x02, 0x0C,
    0x02, 0x06, 0x02, 0x07, 0x03, 0x0B, 0x05, 0x09, 0x01, 0x07, 0x02, 0x06, 0x02, 0x05, 0x03, 0x04,
    0x01, 0x03, 0x01, 0x02, 0x02, 0x01, 0x04, 0x00, 0x01, 0x01, 0x01, 0x02, 0x01, 0x03, 0x01, 0x04,
    0x02, 0x05, 0x01, 0x08, 0x03, 0x06, 0x01, 0x07, 0x01, 0x09, 0x05, 0x0B, 0x02, 0x09, 0x01, 0x07,
    0x03, 0x06, 0x01, 0x0C, 0x04, 0x08, 0x04, 0x05, 0x02, 0x0A, 0x02, 0x04, 0x04, 0x03, 0x06, 0x02,
    0x01, 0x01, 0x04, 0x02, 0x03, 0x03, 0x02, 0x04, 0x01, 0x0A, 0x01, 0x05, 0x01, 0x08, 0x01, 0x05,
    0x03, 0x0A, 0x02, 0x05, 0x03, 0x08, 0x01, 0x0C, 0x01, 0x06, 0x02, 0x07, 0x01, 0x09, 0x01, 0x0B,
    0x02, 0x09, 0x04, 0x0B, 0x01, 0x09, 0x02, 0x06, 0x01, 0x08, 0x01, 0x05, 0x01, 0x0A, 0x02, 0x04,
    0x01, 0x03, 0x01, 0x02, 0x02, 0x01, 0x04, 0x00, 0x01, 0x01, 0x01, 0x02, 0x01, 0x03, 0x01, 0x04,
    0x02, 0x05, 0x01, 0x08, 0x02, 0x06, 0x02, 0x07, 0x01, 0x09, 0x06, 0x0B, 0x02, 0x07, 0x02, 0x06,
    0x02, 0x0C, 0x03, 0x08, 0x04, 0x05, 0x03, 0x0A, 0x01, 0x04, 0x03, 0x03, 0x03, 0x02, 0x08, 0x01,
    0x03, 0x02, 0x03, 0x03, 0x02, 0x04, 0x02, 0x05, 0x04, 0x0A, 0x02, 0x05, 0x04, 0x08, 0x02, 0x06,
    0x02, 0x07, 0x02, 0x09, 0x05, 0x0B, 0x01, 0x09, 0x01, 0x06, 0x02, 0x08, 0x01, 0x05, 0x03, 0x04,
    0x01, 0x03, 0x01, 0x02, 0x02, 0x01, 0x04, 0x00, 0x01, 0x01, 0x01, 0x02, 0x01, 0x03, 0x01, 0x04,
    0x01, 0x05, 0x02, 0x08, 0x02, 0x06, 0x01, 0x07, 0x01, 0x09, 0x07, 0x0B, 0x01, 0x07, 0x03, 0x06,
    0x01, 0x0C, 0x04, 0x08, 0x03, 0x05, 0x03, 0x0A, 0x01, 0x04, 0x03, 0x03, 0x02, 0x02, 0x0C, 0x01,
    0x02, 0x02, 0x03, 0x03, 0x02, 0x04, 0x01, 0x05, 0x04, 0x0A, 0x04, 0x05, 0x02, 0x08, 0x02, 0x06,
    0x03, 0x07, 0x07, 0x0B, 0x01, 0x07, 0x01, 0x06, 0x01, 0x08, 0x02, 0x05, 0x02, 0x04, 0x01, 0x03,
    0x01, 0x02, 0x02, 0x01, 0x04, 0x00, 0x01, 0x01, 0x01, 0x02, 0x01, 0x03, 0x01, 0x04, 0x01, 0x05,
    0x02, 0x08, 0x02, 0x06, 0x01, 0x07, 0x01, 0x09, 0x06, 0x0B, 0x01, 0x09, 0x01, 0x07, 0x02, 0x06,
    0x01, 0x0C, 0x04, 0x08, 0x02, 0x05, 0x04, 0x0A, 0x02, 0x04, 0x02, 0x03, 0x02, 0x02, 0x04, 0x01,
    0x06, 0x00, 0x04, 0x01, 0x02, 0x02, 0x02, 0x03, 0x02, 0x04, 0x05, 0x0A, 0x04, 0x05, 0x02, 0x08,
    0x01, 0x0C, 0x02, 0x06, 0x02, 0x07, 0x07, 0x0B, 0x01, 0x07, 0x01, 0x06, 0x02, 0x08, 0x01, 0x05,
    0x01, 0x0A, 0x01, 0x04, 0x01, 0x03, 0x01, 0x02, 0x02, 0x01, 0x04, 0x00, 0x01, 0x01, 0x01, 0x02,
    0x01, 0x03, 0x01, 0x04, 0x01, 0x05, 0x02, 0x08, 0x01, 0x0C, 0x01, 0x06, 0x01, 0x07, 0x07, 0x0B,
    0x02, 0x07, 0x01, 0x06, 0x02, 0x0C, 0x04, 0x08, 0x01, 0x05, 0x05, 0x0A, 0x01, 0x04, 0x03, 0x03,
    0x01, 0x02, 0x03, 0x01, 0x0A, 0x00, 0x03, 0x01, 0x02, 0x02, 0x02, 0x03, 0x02, 0x04, 0x04, 0x0A,
    0x04, 0x05, 0x02, 0x08, 0x01, 0x0C, 0x02, 0x06, 0x01, 0x07, 0x01, 0x06, 0x01, 0x09, 0x06, 0x0B,
    0x01, 0x07, 0x01, 0x06, 0x02, 0x08, 0x01, 0x05, 0x02, 0x04, 0x01, 0x03, 0x01, 0x02, 0x02, 0x01,
    0x04, 0x00, 0x01, 0x01, 0x01, 0x02, 0x01, 0x03, 0x01, 0x04, 0x01, 0x05, 0x01, 0x08, 0x01, 0x0C,
    0x01, 0x06, 0x02, 0x07, 0x01, 0x09, 0x05, 0x0B, 0x01, 0x09, 0x01, 0x07, 0x01, 0x06, 0x01, 0x0C,
    0x01, 0x06, 0x01, 0x0C, 0x02, 0x08, 0x04, 0x05, 0x03, 0x0A, 0x02, 0x04, 0x02, 0x03, 0x02, 0x02,
    0x02, 0x01, 0x0C, 0x00, 0x03, 0x01, 0x01, 0x02, 0x02, 0x03, 0x02, 0x04, 0x04, 0x0A, 0x01, 0x05,
    0x02, 0x0A, 0x02, 0x05, 0x02, 0x08, 0x02, 0x06, 0x03, 0x07, 0x06, 0x0B, 0x01, 0x09, 0x02, 0x06,
    0x01, 0x08, 0x01, 0x05, 0x02, 0x04, 0x01, 0x03, 0x01, 0x02, 0x02, 0x01, 0x04, 0x00, 0x01, 0x01,
    0x01, 0x02, 0x01, 0x03, 0x01, 0x04, 0x01, 0x05, 0x01, 0x08, 0x01, 0x0C, 0x02, 0x06, 0x02, 0x09,
    0x05, 0x0B, 0x01, 0x09, 0x01, 0x07, 0x03, 0x06, 0x02, 0x08, 0x05, 0x05, 0x03, 0x0A, 0x02, 0x04,
    0x02, 0x03, 0x01, 0x02, 0x03, 0x01, 0x0D, 0x00, 0x02, 0x01, 0x02, 0x02, 0x02, 0x03, 0x01, 0x04,
    0x03, 0x0A, 0x01, 0x05, 0x02, 0x0A, 0x03, 0x05, 0x02, 0x08, 0x01, 0x0C, 0x02, 0x06, 0x02, 0x07,
    0x01, 0x09, 0x05, 0x0B, 0x01, 0x07, 0x02, 0x06, 0x01, 0x08, 0x01, 0x05, 0x02, 0x04, 0x01, 0x03,
    0x01, 0x02, 0x02, 0x01, 0x04, 0x00, 0x01, 0x01, 0x01, 0x02, 0x01, 0x03, 0x01, 0x04, 0x01, 0x05,
    0x01, 0x08, 0x02, 0x06, 0x01, 0x07, 0x03, 0x09, 0x04, 0x0B, 0x01, 0x07, 0x03, 0x06, 0x01, 0x0C,
    0x02, 0x08, 0x02, 0x05, 0x01, 0x0A, 0x02, 0x05, 0x03, 0x0A, 0x01, 0x04, 0x02, 0x03, 0x02, 0x02,
    0x02, 0x01, 0x0E, 0x00, 0x03, 0x01, 0x01, 0x02, 0x02, 0x03, 0x01, 0x04, 0x06, 0x0A, 0x04, 0x05,
    0x02, 0x08, 0x02, 0x06, 0x02, 0x07, 0x01, 0x09, 0x05, 0x0B, 0x02, 0x07, 0x01, 0x06, 0x01, 0x08,
    0x01, 0x05, 0x02, 0x04, 0x02, 0x03, 0x01, 0x02, 0x01, 0x01, 0x04, 0x00, 0x01, 0x01, 0x01, 0x02,
    0x01, 0x03, 0x01, 0x0A, 0x01, 0x05, 0x01, 0x08, 0x02, 0x06, 0x01, 0x07, 0x01, 0x09, 0x01, 0x0B,
    0x05, 0x09, 0x01, 0x07, 0x03, 0x06, 0x03, 0x0C, 0x04, 0x08, 0x01, 0x05, 0x03, 0x0A, 0x01, 0x04,
    0x02, 0x03, 0x02, 0x02, 0x02, 0x01, 0x0F, 0x00, 0x02, 0x01, 0x01, 0x02, 0x02, 0x03, 0x02, 0x04,
    0x01, 0x0A, 0x04, 0x05, 0x04, 0x08, 0x02, 0x0C, 0x02, 0x06, 0x03, 0x07, 0x05, 0x09, 0x02, 0x07,
    0x01, 0x06, 0x01, 0x08, 0x01, 0x05, 0x03, 0x04, 0x01, 0x03, 0x02, 0x01, 0x04, 0x00, 0x01, 0x01,
    0x01, 0x02, 0x01, 0x03, 0x01, 0x0A, 0x01, 0x05, 0x01, 0x08, 0x02, 0x06, 0x01, 0x07, 0x01, 0x09,
    0x01, 0x0B, 0x05, 0x09, 0x01, 0x07, 0x04, 0x06, 0x02, 0x0C, 0x04, 0x08, 0x03, 0x05, 0x02, 0x04,
    0x02, 0x03, 0x02, 0x02, 0x01, 0x01, 0x10, 0x00, 0x02, 0x01, 0x02, 0x02, 0x02, 0x03, 0x01, 0x04,
    0x03, 0x05, 0x06, 0x08, 0x02, 0x0C, 0x02, 0x06, 0x03, 0x07, 0x05, 0x0B, 0x02, 0x07, 0x01, 0x06,
    0x01, 0x08, 0x01, 0x05, 0x02, 0x04, 0x02, 0x03, 0x02, 0x01, 0x04, 0x00, 0x01, 0x01, 0x02, 0x03,
    0x01, 0x0A, 0x01, 0x05, 0x01, 0x08, 0x02, 0x06, 0x01, 0x07, 0x03, 0x09, 0x03, 0x0B, 0x01, 0x09,
    0x02, 0x07, 0x01, 0x0C, 0x01, 0x06, 0x03, 0x08, 0x04, 0x05, 0x04, 0x0A, 0x01, 0x04, 0x02, 0x03,
    0x02, 0x02, 0x01, 0x01, 0x10, 0x00, 0x02, 0x01, 0x02, 0x02, 0x02, 0x03, 0x01, 0x04, 0x05, 0x0A,
    0x04, 0x05, 0x02, 0x08, 0x02, 0x06, 0x03, 0x07, 0x05, 0x0B, 0x01, 0x09, 0x02, 0x06, 0x01, 0x08,
    0x01, 0x05, 0x02, 0x04, 0x02, 0x03, 0x02, 0x01, 0x04, 0x00, 0x01, 0x01, 0x02, 0x03, 0x01, 0x0A,
    0x01, 0x05, 0x01, 0x08, 0x03, 0x06, 0x02, 0x09, 0x04, 0x0B, 0x01, 0x09, 0x02, 0x07, 0x02, 0x0C,
    0x02, 0x08, 0x05, 0x05, 0x04, 0x0A, 0x01, 0x04, 0x02, 0x03, 0x02, 0x02, 0x01, 0x01, 0x10, 0x00,
    0x02, 0x01, 0x02, 0x02, 0x02, 0x03, 0x01, 0x04, 0x06, 0x0A, 0x03, 0x05, 0x02, 0x08, 0x03, 0x06,
    0x02, 0x07, 0x05, 0x0B, 0x01, 0x09, 0x02, 0x06, 0x01, 0x08, 0x01, 0x05, 0x02, 0x04, 0x02, 0x03,
    0x01, 0x02, 0x01, 0x01, 0x04, 0x00, 0x01, 0x01, 0x02, 0x03, 0x01, 0x0A, 0x02, 0x08, 0x02, 0x06,
    0x02, 0x07, 0x01, 0x09, 0x04, 0x0B, 0x03, 0x07, 0x01, 0x06, 0x01, 0x0C, 0x03, 0x08, 0x04, 0x05,
    0x04, 0x0A, 0x01, 0x04, 0x02, 0x03, 0x02, 0x02, 0x02, 0x01, 0x0F, 0x00, 0x02, 0x01, 0x02, 0x02,
    0x02, 0x03, 0x01, 0x04, 0x07, 0x0A, 0x02, 0x05, 0x02, 0x08, 0x03, 0x06, 0x02, 0x07, 0x05, 0x0B,
    0x01, 0x09, 0x02, 0x06, 0x01, 0x08, 0x01, 0x05, 0x01, 0x0A, 0x01, 0x04, 0x02, 0x03, 0x01, 0x02,
    0x01, 0x01, 0x04, 0x00, 0x01, 0x01, 0x02, 0x03, 0x01, 0x0A, 0x02, 0x08, 0x01, 0x0C, 0x02, 0x06,
    0x01, 0x07, 0x05, 0x0B, 0x03, 0x07, 0x01, 0x06, 0x02, 0x0C, 0x02, 0x08, 0x04, 0x05, 0x04, 0x0A,
    0x01, 0x04, 0x02, 0x03, 0x02, 0x02, 0x02, 0x01, 0x0F, 0x00, 0x02, 0x01, 0x02, 0x02, 0x01, 0x03,
    0x04, 0x04, 0x04, 0x0A, 0x01, 0x05, 0x04, 0x08, 0x02, 0x0C, 0x01, 0x06, 0x02, 0x07, 0x05, 0x0B,
    0x01, 0x09, 0x01, 0x06, 0x01, 0x0C, 0x01, 0x08, 0x01, 0x05, 0x01, 0x0A, 0x01, 0x04, 0x02, 0x03,
    0x01, 0x02, 0x01, 0x01, 0x04, 0x00, 0x01, 0x01, 0x02, 0x03, 0x01, 0x0A, 0x02, 0x08, 0x01, 0x0C,
    0x01, 0x06, 0x02, 0x07, 0x01, 0x09, 0x04, 0x0B, 0x03, 0x07, 0x01, 0x06, 0x02, 0x0C, 0x02, 0x08,
    0x04, 0x05, 0x04, 0x0A, 0x02, 0x04, 0x02, 0x03, 0x01, 0x02, 0x02, 0x01, 0x0F, 0x00, 0x02, 0x01,
    0x01, 0x02, 0x02, 0x03, 0x03, 0x04, 0x05, 0x0A, 0x03, 0x05, 0x02, 0x08, 0x03, 0x06, 0x02, 0x07,
    0x05, 0x0B, 0x01, 0x09, 0x02, 0x06, 0x01, 0x08, 0x01, 0x05, 0x02, 0x04, 0x02, 0x03, 0x02, 0x01,
    0x04, 0x00, 0x01, 0x01, 0x02, 0x03, 0x01, 0x0A, 0x01, 0x05, 0x01, 0x08, 0x02, 0x06, 0x01, 0x07,
    0x02, 0x09, 0x04, 0x0B, 0x03, 0x07, 0x01, 0x06, 0x02, 0x0C, 0x01, 0x08, 0x05, 0x05, 0x04, 0x0A,
    0x02, 0x04, 0x02, 0x03, 0x02, 0x02, 0x02, 0x01, 0x0D, 0x00, 0x03, 0x01, 0x01, 0x02, 0x02, 0x03,
    0x01, 0x04, 0x01, 0x0A, 0x01, 0x04, 0x04, 0x0A, 0x04, 0x05, 0x01, 0x08, 0x01, 0x0C, 0x02, 0x06,
    0x03, 0x07, 0x05, 0x0B, 0x01, 0x09, 0x02, 0x06, 0x01, 0x08, 0x01, 0x05, 0x02, 0x04, 0x02, 0x03,
    0x02, 0x01, 0x04, 0x00, 0x01, 0x01, 0x02, 0x03, 0x01, 0x0A, 0x01, 0x05, 0x01, 0x08, 0x03, 0x06,
    0x03, 0x09, 0x03, 0x0B, 0x03, 0x07, 0x01, 0x0C, 0x01, 0x06, 0x01, 0x0C, 0x02, 0x08, 0x04, 0x05,
    0x04, 0x0A, 0x03, 0x04, 0x02, 0x03, 0x01, 0x02, 0x02, 0x01, 0x0D, 0x00, 0x02, 0x01, 0x01, 0x02,
    0x02, 0x03, 0x02, 0x04, 0x01, 0x0A, 0x01, 0x04, 0x04, 0x0A, 0x03, 0x05, 0x02, 0x08, 0x01, 0x0C,
    0x02, 0x06, 0x03, 0x07, 0x05, 0x0B, 0x01, 0x07, 0x02, 0x06, 0x01, 0x08, 0x01, 0x05, 0x02, 0x04,
    0x02, 0x03, 0x02, 0x01, 0x04, 0x00, 0x01, 0x01, 0x02, 0x03, 0x01, 0x0A, 0x01, 0x05, 0x01, 0x08,
    0x01, 0x0C, 0x02, 0x06, 0x01, 0x09, 0x01, 0x0B, 0x01, 0x09, 0x03, 0x0B, 0x03, 0x07, 0x02, 0x06,
    0x01, 0x0C, 0x02, 0x08, 0x02, 0x05, 0x02, 0x0A, 0x01, 0x05, 0x04, 0x0A, 0x02, 0x04, 0x02, 0x03,
    0x02, 0x02, 0x02, 0x01, 0x0B, 0x00, 0x02, 0x01, 0x02, 0x02, 0x02, 0x03, 0x02, 0x04, 0x05, 0x0A,
    0x04, 0x05, 0x02, 0x08, 0x01, 0x0C, 0x02, 0x06, 0x01, 0x09, 0x02, 0x07, 0x05, 0x09, 0x02, 0x07,
    0x01, 0x06, 0x01, 0x08, 0x01, 0x05, 0x02, 0x04, 0x02, 0x03, 0x02, 0x01, 0x04, 0x00, 0x01, 0x01,
    0x02, 0x03, 0x01, 0x0A, 0x01, 0x05, 0x02, 0x08, 0x02, 0x06, 0x01, 0x07, 0x01, 0x0B, 0x04, 0x09,
    0x04, 0x07, 0x02, 0x06, 0x02, 0x08, 0x02, 0x05, 0x01, 0x0A, 0x03, 0x05, 0x04, 0x0A, 0x02, 0x04,
    0x02, 0x03, 0x02, 0x02, 0x03, 0x01, 0x08, 0x00, 0x02, 0x01, 0x02, 0x02, 0x02, 0x03, 0x02, 0x04,
    0x06, 0x0A, 0x04, 0x05, 0x02, 0x08, 0x02, 0x06, 0x01, 0x07, 0x01, 0x09, 0x02, 0x07, 0x05, 0x09,
    0x01, 0x07, 0x02, 0x06, 0x01, 0x08, 0x01, 0x05, 0x02, 0x04, 0x02, 0x03, 0x02, 0x01, 0x04, 0x00,
    0x01, 0x01, 0x01, 0x02, 0x01, 0x03, 0x01, 0x0A, 0x01, 0x05, 0x02, 0x08, 0x02, 0x06, 0x01, 0x07,
    0x01, 0x0B, 0x01, 0x09, 0x03, 0x0B, 0x01, 0x09, 0x03, 0x07, 0x02, 0x06, 0x01, 0x0C, 0x01, 0x08,
    0x05, 0x05, 0x06, 0x0A, 0x01, 0x04, 0x03, 0x03, 0x02, 0x02, 0x04, 0x01, 0x03, 0x00, 0x05, 0x01,
    0x01, 0x02, 0x03, 0x03, 0x01, 0x04, 0x07, 0x0A, 0x04, 0x05, 0x01, 0x08, 0x01, 0x0C, 0x02, 0x06,
    0x01, 0x07, 0x01, 0x0B, 0x01, 0x07, 0x01, 0x09, 0x05, 0x0B, 0x01, 0x07, 0x02, 0x06, 0x02, 0x05,
    0x02, 0x04, 0x01, 0x03, 0x01, 0x02, 0x02, 0x01, 0x04, 0x00, 0x01, 0x01, 0x01, 0x02, 0x01, 0x03,
    0x01, 0x0A, 0x02, 0x05, 0x01, 0x08, 0x02, 0x06, 0x01, 0x07, 0x02, 0x09, 0x03, 0x0B, 0x01, 0x09,
    0x04, 0x07, 0x01, 0x06, 0x01, 0x0C, 0x02, 0x08, 0x03, 0x05, 0x08, 0x0A, 0x01, 0x04, 0x03, 0x03,
    0x02, 0x02, 0x09, 0x01, 0x02, 0x02, 0x03, 0x03, 0x02, 0x04, 0x01, 0x0A, 0x01, 0x05, 0x06, 0x0A,
    0x01, 0x05, 0x03, 0x08, 0x01, 0x0C, 0x02, 0x06, 0x02, 0x09, 0x01, 0x07, 0x01, 0x09, 0x05, 0x0B,
    0x01, 0x07, 0x02, 0x06, 0x02, 0x05, 0x02, 0x04, 0x01, 0x03, 0x01, 0x02, 0x02, 0x01, 0x04, 0x00,
    0x01, 0x01, 0x01, 0x02, 0x01, 0x03, 0x01, 0x0A, 0x02, 0x05, 0x01, 0x08, 0x02, 0x06, 0x02, 0x07,
    0x05, 0x0B, 0x02, 0x07, 0x01, 0x09, 0x03, 0x06, 0x01, 0x0C, 0x01, 0x08, 0x03, 0x05, 0x09, 0x0A,
    0x01, 0x04, 0x03, 0x03, 0x05, 0x02, 0x02, 0x01, 0x03, 0x02, 0x04, 0x03, 0x02, 0x04, 0x01, 0x0A,
    0x02, 0x05, 0x05, 0x0A, 0x02, 0x05, 0x02, 0x08, 0x01, 0x0C, 0x02, 0x06, 0x01, 0x07, 0x01, 0x09,
    0x02, 0x07, 0x05, 0x0B, 0x01, 0x09, 0x01, 0x07, 0x01, 0x06, 0x01, 0x08, 0x01, 0x05, 0x01, 0x0A,
    0x02, 0x04, 0x01, 0x03, 0x01, 0x02, 0x02, 0x01, 0x04, 0x00, 0x01, 0x01, 0x01, 0x02, 0x01, 0x03,
    0x01, 0x04, 0x02, 0x05, 0x01, 0x08, 0x01, 0x0C, 0x02, 0x06, 0x01, 0x09, 0x05, 0x0B, 0x02, 0x07,
    0x01, 0x0B, 0x01, 0x07, 0x02, 0x06, 0x01, 0x0C, 0x03, 0x08, 0x02, 0x05, 0x05, 0x0A, 0x01, 0x04,
    0x02, 0x0A, 0x03, 0x04, 0x04, 0x03, 0x05, 0x02, 0x05, 0x03, 0x02, 0x04, 0x02, 0x0A, 0x01, 0x08,
    0x01, 0x05, 0x04, 0x0A, 0x03, 0x05, 0x03, 0x08, 0x02, 0x06, 0x01, 0x07, 0x01, 0x09, 0x02, 0x07,
    0x05, 0x0B, 0x01, 0x09, 0x01, 0x07, 0x01, 0x06, 0x01, 0x08, 0x01, 0x05, 0x01, 0x0A, 0x02, 0x04,
    0x01, 0x03, 0x01, 0x02, 0x02, 0x01, 0x04, 0x00, 0x01, 0x01, 0x01, 0x02, 0x01, 0x03, 0x01, 0x04,
    0x02, 0x05, 0x02, 0x08, 0x02, 0x06, 0x01, 0x07, 0x04, 0x0B, 0x01, 0x09, 0x01, 0x06, 0x01, 0x07,
    0x01, 0x0B, 0x01, 0x07, 0x02, 0x06, 0x02, 0x0C, 0x02, 0x08, 0x02, 0x05, 0x08, 0x0A, 0x05, 0x04,
    0x0A, 0x03, 0x02, 0x04, 0x04, 0x0A, 0x01, 0x08, 0x01, 0x05, 0x03, 0x0A, 0x03, 0x05, 0x03, 0x08,
    0x03, 0x06, 0x02, 0x09, 0x01, 0x07, 0x01, 0x09, 0x05, 0x0B, 0x01, 0x07, 0x02, 0x06, 0x01, 0x08,
    0x01, 0x05, 0x01, 0x0A, 0x02, 0x04, 0x01, 0x03, 0x01, 0x02, 0x02, 0x01, 0x04, 0x00, 0x01, 0x01,
    0x01, 0x02, 0x01, 0x03, 0x01, 0x04, 0x01, 0x0A, 0x02, 0x05, 0x01, 0x08, 0x02, 0x06, 0x01, 0x07,
    0x04, 0x0B, 0x03, 0x07, 0x02, 0x09, 0x01, 0x07, 0x03, 0x06, 0x03, 0x08, 0x03, 0x05, 0x07, 0x0A,
    0x07, 0x04, 0x03, 0x03, 0x05, 0x04, 0x03, 0x0A, 0x01, 0x04, 0x01, 0x0A, 0x01, 0x08, 0x01, 0x05,
    0x03, 0x0A, 0x03, 0x05, 0x02, 0x08, 0x01, 0x0C, 0x02, 0x06, 0x01, 0x07, 0x02, 0x0B, 0x01, 0x06,
    0x01, 0x09, 0x04, 0x0B, 0x01, 0x09, 0x01, 0x07, 0x01, 0x06, 0x01, 0x08, 0x02, 0x05, 0x03, 0x04,
    0x01, 0x03, 0x01, 0x02, 0x02, 0x01, 0x04, 0x00, 0x01, 0x01, 0x01, 0x02, 0x01, 0x03, 0x01, 0x04,
    0x01, 0x0A, 0x02, 0x05, 0x01, 0x08, 0x03, 0x06, 0x01, 0x09, 0x02, 0x0B, 0x01, 0x09, 0x01, 0x07,
    0x01, 0x0B, 0x02, 0x07, 0x01, 0x0B, 0x01, 0x09, 0x01, 0x07, 0x02, 0x06, 0x01, 0x0C, 0x02, 0x08,
    0x03, 0x05, 0x09, 0x0A, 0x03, 0x04, 0x01, 0x0A, 0x06, 0x04, 0x05, 0x0A, 0x02, 0x04, 0x01, 0x0A,
    0x01, 0x08, 0x01, 0x05, 0x02, 0x0A, 0x03, 0x05, 0x02, 0x08, 0x01, 0x0C, 0x02, 0x06, 0x01, 0x07,
    0x01, 0x09, 0x01, 0x0B, 0x01, 0x09, 0x01, 0x07, 0x01, 0x09, 0x04, 0x0B, 0x01, 0x09, 0x01, 0x07,
    0x01, 0x06, 0x01, 0x08, 0x01, 0x05, 0x04, 0x04, 0x01, 0x03, 0x01, 0x02, 0x01, 0x01, 0x05, 0x00,
    0x01, 0x01, 0x01, 0x02, 0x01, 0x03, 0x01, 0x04, 0x01, 0x0A, 0x03, 0x05, 0x01, 0x08, 0x02, 0x06,
    0x01, 0x07, 0x02, 0x0B, 0x02, 0x07, 0x01, 0x0B, 0x01, 0x09, 0x01, 0x07, 0x02, 0x0B, 0x01, 0x07,
    0x03, 0x06, 0x03, 0x08, 0x03, 0x05, 0x0A, 0x0A, 0x01, 0x04, 0x02, 0x0A, 0x01, 0x04, 0x01, 0x0A,
    0x02, 0x04, 0x09, 0x0A, 0x01, 0x08, 0x05, 0x05, 0x03, 0x08, 0x03, 0x06, 0x01, 0x07, 0x02, 0x0B,
    0x01, 0x07, 0x03, 0x09, 0x03, 0x0B, 0x01, 0x07, 0x01, 0x06, 0x01, 0x0C, 0x01, 0x08, 0x01, 0x05,
    0x03, 0x04, 0x02, 0x03, 0x01, 0x02, 0x01, 0x01, 0x05, 0x00, 0x01, 0x01, 0x01, 0x02, 0x01, 0x03,
    0x01, 0x04, 0x02, 0x0A, 0x02, 0x05, 0x01, 0x08, 0x02, 0x06, 0x01, 0x07, 0x02, 0x09, 0x02, 0x07,
    0x01, 0x09, 0x02, 0x07, 0x01, 0x09, 0x01, 0x0B, 0x01, 0x09, 0x01, 0x07, 0x03, 0x06, 0x03, 0x08,
    0x05, 0x05, 0x08, 0x0A, 0x01, 0x05, 0x01, 0x0A, 0x01, 0x04, 0x04, 0x0A, 0x01, 0x05, 0x07, 0x0A,
    0x02, 0x08, 0x03, 0x05, 0x03, 0x08, 0x01, 0x0C, 0x02, 0x06, 0x01, 0x07, 0x01, 0x09, 0x01, 0x0B,
    0x01, 0x09, 0x01, 0x07, 0x01, 0x09, 0x01, 0x0B, 0x01, 0x07, 0x03, 0x09, 0x02, 0x06, 0x02, 0x08,
    0x04, 0x04, 0x02, 0x03, 0x01, 0x02, 0x01, 0x01, 0x05, 0x00, 0x01, 0x01, 0x01, 0x02, 0x02, 0x03,
    0x02, 0x0A, 0x02, 0x05, 0x02, 0x08, 0x02, 0x06, 0x01, 0x07, 0x01, 0x09, 0x01, 0x07, 0x03, 0x09,
    0x02, 0x07, 0x02, 0x0B, 0x01, 0x09, 0x03, 0x06, 0x01, 0x0C, 0x03, 0x08, 0x04, 0x05, 0x08, 0x0A,
    0x01, 0x05, 0x01, 0x0A, 0x01, 0x04, 0x03, 0x0A, 0x02, 0x05, 0x06, 0x0A, 0x01, 0x05, 0x02, 0x08,
    0x02, 0x05, 0x03, 0x08, 0x02, 0x0C, 0x01, 0x06, 0x01, 0x07, 0x01, 0x09, 0x02, 0x0B, 0x02, 0x07,
    0x01, 0x0B, 0x02, 0x09, 0x02, 0x0B, 0x01, 0x09, 0x02, 0x06, 0x01, 0x08, 0x01, 0x05, 0x04, 0x04,
    0x02, 0x03, 0x01, 0x02, 0x01, 0x01, 0x05, 0x00, 0x02, 0x01, 0x02, 0x03, 0x01, 0x04, 0x02, 0x0A,
    0x02, 0x05, 0x01, 0x08, 0x01, 0x0C, 0x01, 0x06, 0x01, 0x07, 0x01, 0x09, 0x01, 0x07, 0x02, 0x0B,
    0x02, 0x09, 0x01, 0x07, 0x01, 0x09, 0x02, 0x0B, 0x02, 0x07, 0x01, 0x06, 0x02, 0x0C, 0x02, 0x08,
    0x06, 0x05, 0x06, 0x0A, 0x01, 0x05, 0x06, 0x0A, 0x02, 0x05, 0x05, 0x0A, 0x01, 0x05, 0x02, 0x08,
    0x02, 0x05, 0x02, 0x08, 0x01, 0x0C, 0x03, 0x06, 0x01, 0x09, 0x03, 0x0B, 0x01, 0x07, 0x01, 0x09,
    0x01, 0x0B, 0x01, 0x09, 0x03, 0x0B, 0x01, 0x07, 0x02, 0x06, 0x01, 0x08, 0x01, 0x05, 0x04, 0x04,
    0x01, 0x03, 0x01, 0x02, 0x02, 0x01, 0x05, 0x00, 0x02, 0x01, 0x01, 0x02, 0x01, 0x03, 0x01, 0x04,
    0x03, 0x0A, 0x01, 0x05, 0x02, 0x08, 0x01, 0x06, 0x03, 0x07, 0x03, 0x0B, 0x02, 0x09, 0x01, 0x07,
    0x03, 0x0B, 0x01, 0x07, 0x03, 0x06, 0x01, 0x0C, 0x02, 0x08, 0x05, 0x05, 0x06, 0x0A, 0x01, 0x05,
    0x06, 0x0A, 0x03, 0x05, 0x04, 0x0A, 0x01, 0x05, 0x05, 0x08, 0x01, 0x0C, 0x02, 0x06, 0x02, 0x07,
    0x01, 0x09, 0x02, 0x0B, 0x02, 0x07, 0x01, 0x0B, 0x02, 0x09, 0x02, 0x0B, 0x01, 0x09, 0x02, 0x06,
    0x01, 0x08, 0x02, 0x05, 0x03, 0x04, 0x02, 0x03, 0x01, 0x02, 0x02, 0x01, 0x05, 0x00, 0x02, 0x01,
    0x01, 0x02, 0x01, 0x03, 0x01, 0x04, 0x03, 0x0A, 0x02, 0x05, 0x01, 0x08, 0x02, 0x06, 0x01, 0x07,
    0x01, 0x09, 0x03, 0x0B, 0x02, 0x09, 0x02, 0x07, 0x03, 0x0B, 0x01, 0x07, 0x03, 0x06, 0x01, 0x0C,
    0x02, 0x08, 0x07, 0x05, 0x02, 0x0A, 0x03, 0x05, 0x04, 0x0A, 0x09, 0x05, 0x03, 0x08, 0x01, 0x0C,
    0x04, 0x06, 0x01, 0x07, 0x02, 0x09, 0x01, 0x0B, 0x01, 0x09, 0x01, 0x07, 0x03, 0x09, 0x02, 0x0B,
    0x01, 0x09, 0x01, 0x07, 0x02, 0x06, 0x01, 0x08, 0x01, 0x05, 0x01, 0x0A, 0x04, 0x04, 0x01, 0x03,
    0x01, 0x02, 0x02, 0x01, 0x06, 0x00, 0x01, 0x01, 0x01, 0x02, 0x01, 0x03, 0x03, 0x04, 0x01, 0x0A,
    0x02, 0x05, 0x01, 0x08, 0x03, 0x06, 0x01, 0x09, 0x04, 0x0B, 0x01, 0x09, 0x03, 0x07, 0x03, 0x09,
    0x01, 0x07, 0x04, 0x06, 0x05, 0x08, 0x08, 0x05, 0x03, 0x0A, 0x09, 0x05, 0x01, 0x08, 0x03, 0x0C,
    0x04, 0x06, 0x01, 0x07, 0x02, 0x0B, 0x02, 0x09, 0x01, 0x06, 0x04, 0x09, 0x02, 0x0B, 0x01, 0x09,
    0x02, 0x06, 0x01, 0x08, 0x02, 0x05, 0x01, 0x0A, 0x03, 0x04, 0x02, 0x03, 0x01, 0x02, 0x02, 0x01,
    0x06, 0x00, 0x01, 0x01, 0x01, 0x02, 0x02, 0x03, 0x02, 0x04, 0x02, 0x0A, 0x02, 0x05, 0x01, 0x08,
    0x02, 0x06, 0x01, 0x07, 0x01, 0x09, 0x03, 0x0B, 0x01, 0x09, 0x01, 0x0B, 0x01, 0x09, 0x01, 0x07,
    0x01, 0x09, 0x01, 0x0B, 0x02, 0x09, 0x01, 0x07, 0x04, 0x06, 0x01, 0x0C, 0x03, 0x08, 0x06, 0x05,
    0x01, 0x08, 0x01, 0x05, 0x02, 0x0A, 0x0A, 0x05, 0x01, 0x08, 0x02, 0x0C, 0x03, 0x06, 0x02, 0x07,
    0x02, 0x0B, 0x02, 0x09, 0x02, 0x07, 0x03, 0x0B, 0x01, 0x09, 0x01, 0x0B, 0x01, 0x09, 0x01, 0x07,
    0x02, 0x06, 0x01, 0x08, 0x01, 0x05, 0x01, 0x0A, 0x04, 0x04, 0x02, 0x03, 0x01, 0x02, 0x01, 0x01,
    0x07, 0x00, 0x02, 0x01, 0x01, 0x02, 0x01, 0x03, 0x03, 0x04, 0x02, 0x0A, 0x02, 0x05, 0x01, 0x08,
    0x02, 0x06, 0x01, 0x07, 0x02, 0x0B, 0x02, 0x09, 0x02, 0x0B, 0x02, 0x07, 0x01, 0x0B, 0x02, 0x09,
    0x01, 0x0B, 0x02, 0x07, 0x04, 0x06, 0x01, 0x0C, 0x03, 0x08, 0x04, 0x05, 0x01, 0x08, 0x05, 0x05,
    0x03, 0x08, 0x03, 0x05, 0x02, 0x08, 0x03, 0x0C, 0x02, 0x06, 0x01, 0x07, 0x01, 0x09, 0x02, 0x0B,
    0x02, 0x09, 0x02, 0x07, 0x04, 0x0B, 0x02, 0x09, 0x01, 0x07, 0x02, 0x06, 0x01, 0x08, 0x01, 0x05,
    0x04, 0x04, 0x03, 0x03, 0x01, 0x02, 0x02, 0x01, 0x07, 0x00, 0x02, 0x01, 0x01, 0x02, 0x01, 0x03,
    0x04, 0x04, 0x01, 0x0A, 0x02, 0x05, 0x01, 0x08, 0x03, 0x06, 0x03, 0x09, 0x04, 0x0B, 0x02, 0x07,
    0x01, 0x0B, 0x02, 0x09, 0x01, 0x0B, 0x01, 0x09, 0x01, 0x07, 0x03, 0x06, 0x01, 0x0C, 0x05, 0x08,
    0x02, 0x05, 0x03, 0x08, 0x01, 0x05, 0x08, 0x08, 0x02, 0x0C, 0x04, 0x06, 0x01, 0x07, 0x01, 0x09,
    0x03, 0x0B, 0x01, 0x09, 0x02, 0x07, 0x01, 0x09, 0x05, 0x0B, 0x01, 0x07, 0x03, 0x06, 0x02, 0x05,
    0x04, 0x04, 0x03, 0x03, 0x01, 0x02, 0x02, 0x01, 0x07, 0x00, 0x02, 0x01, 0x01, 0x02, 0x01, 0x03,
    0x04, 0x04, 0x02, 0x0A, 0x02, 0x05, 0x01, 0x08, 0x02, 0x06, 0x02, 0x07, 0x01, 0x09, 0x05, 0x0B,
    0x02, 0x07, 0x01, 0x0B, 0x02, 0x09, 0x01, 0x0B, 0x01, 0x09, 0x01, 0x07, 0x05, 0x06, 0x02, 0x0C,
    0x0E, 0x08, 0x05, 0x06, 0x02, 0x07, 0x05, 0x09, 0x02, 0x07, 0x01, 0x09, 0x05, 0x0B, 0x01, 0x09,
    0x01, 0x07, 0x01, 0x06, 0x01, 0x0C, 0x01, 0x08, 0x01, 0x05, 0x02, 0x0A, 0x02, 0x04, 0x04, 0x03,
    0x01, 0x02, 0x02, 0x01, 0x08, 0x00, 0x01, 0x01, 0x02, 0x02, 0x01, 0x03, 0x05, 0x04, 0x03, 0x05,
    0x01, 0x08, 0x03, 0x06, 0x01, 0x09, 0x06, 0x0B, 0x02, 0x07, 0x05, 0x09, 0x03, 0x07, 0x06, 0x06,
    0x02, 0x0C, 0x02, 0x08, 0x02, 0x0C, 0x01, 0x08, 0x02, 0x0C, 0x06, 0x06, 0x02, 0x07, 0x06, 0x09,
    0x01, 0x07, 0x01, 0x06, 0x01, 0x09, 0x05, 0x0B, 0x01, 0x09, 0x01, 0x07, 0x01, 0x06, 0x02, 0x08,
    0x01, 0x05, 0x01, 0x0A, 0x04, 0x04, 0x03, 0x03, 0x01, 0x02, 0x02, 0x01, 0x09, 0x00, 0x02, 0x01,
    0x01, 0x02, 0x01, 0x03, 0x05, 0x04, 0x02, 0x0A, 0x02, 0x05, 0x01, 0x08, 0x03, 0x06, 0x01, 0x09,
    0x06, 0x0B, 0x01, 0x07, 0x01, 0x06, 0x01, 0x09, 0x04, 0x0B, 0x01, 0x09, 0x03, 0x07, 0x05, 0x06,
    0x02, 0x0C, 0x0A, 0x06, 0x02, 0x07, 0x01, 0x09, 0x01, 0x0B, 0x02, 0x09, 0x03, 0x0B, 0x01, 0x09,
    0x02, 0x07, 0x05, 0x0B, 0x01, 0x09, 0x01, 0x07, 0x01, 0x06, 0x01, 0x0C, 0x01, 0x08, 0x01, 0x05,
    0x01, 0x0A, 0x05, 0x04, 0x03, 0x03, 0x01, 0x02, 0x02, 0x01, 0x09, 0x00, 0x02, 0x01, 0x01, 0x02,
    0x02, 0x03, 0x03, 0x04, 0x01, 0x0A, 0x02, 0x04, 0x01, 0x0A, 0x02, 0x05, 0x01, 0x08, 0x02, 0x06,
    0x01, 0x07, 0x01, 0x09, 0x05, 0x0B, 0x02, 0x09, 0x02, 0x07, 0x04, 0x0B, 0x01, 0x09, 0x01, 0x0B,
    0x01, 0x09, 0x03, 0x07, 0x0B, 0x06, 0x03, 0x07, 0x01, 0x09, 0x02, 0x0B, 0x02, 0x09, 0x03, 0x0B,
    0x01, 0x07, 0x01, 0x06, 0x01, 0x09, 0x01, 0x0B, 0x01, 0x09, 0x03, 0x0B, 0x01, 0x09, 0x01, 0x07,
    0x02, 0x06, 0x01, 0x08, 0x02, 0x05, 0x06, 0x04, 0x03, 0x03, 0x01, 0x02, 0x02, 0x01, 0x0A, 0x00,
    0x02, 0x01, 0x01, 0x02, 0x01, 0x03, 0x07, 0x04, 0x03, 0x05, 0x03, 0x06, 0x01, 0x07, 0x01, 0x09,
    0x03, 0x0B, 0x02, 0x09, 0x01, 0x0B, 0x01, 0x09, 0x02, 0x07, 0x01, 0x09, 0x02, 0x0B, 0x02, 0x09,
    0x03, 0x0B, 0x02, 0x09, 0x0A, 0x07, 0x01, 0x09, 0x05, 0x0B, 0x01, 0x09, 0x02, 0x0B, 0x01, 0x09,
    0x02, 0x07, 0x01, 0x09, 0x02, 0x0B, 0x02, 0x09, 0x01, 0x0B, 0x01, 0x09, 0x01, 0x07, 0x02, 0x06,
    0x01, 0x08, 0x02, 0x05, 0x01, 0x0A, 0x05, 0x04, 0x03, 0x03, 0x01, 0x02, 0x02, 0x01, 0x0B, 0x00,
    0x02, 0x01, 0x01, 0x02, 0x02, 0x03, 0x07, 0x04, 0x01, 0x0A, 0x01, 0x05, 0x03, 0x08, 0x02, 0x06,
    0x01, 0x07, 0x03, 0x09, 0x04, 0x0B, 0x01, 0x09, 0x02, 0x07, 0x01, 0x09, 0x01, 0x0B, 0x0E, 0x09,
    0x02, 0x0B, 0x08, 0x09, 0x02, 0x07, 0x01, 0x09, 0x05, 0x0B, 0x01, 0x09, 0x01, 0x07, 0x03, 0x06,
    0x01, 0x08, 0x01, 0x05, 0x01, 0x0A, 0x05, 0x04, 0x05, 0x03, 0x01, 0x02, 0x02, 0x01, 0x0C, 0x00,
    0x01, 0x01, 0x02, 0x02, 0x02, 0x03, 0x01, 0x04, 0x01, 0x03, 0x05, 0x04, 0x01, 0x0A, 0x01, 0x05,
    0x02, 0x08, 0x01, 0x0C, 0x02, 0x06, 0x01, 0x07, 0x02, 0x09, 0x05, 0x0B, 0x01, 0x09, 0x01, 0x07,
    0x01, 0x06, 0x02, 0x07, 0x06, 0x09, 0x09, 0x0B, 0x01, 0x09, 0x03, 0x0B, 0x02, 0x09, 0x03, 0x07,
    0x01, 0x09, 0x05, 0x0B, 0x01, 0x09, 0x01, 0x07, 0x03, 0x06, 0x01, 0x08, 0x03, 0x05, 0x04, 0x04,
    0x05, 0x03, 0x01, 0x02, 0x02, 0x01, 0x0D, 0x00, 0x02, 0x01, 0x01, 0x02, 0x05, 0x03, 0x05, 0x04,
    0x03, 0x05, 0x01, 0x08, 0x03, 0x06, 0x02, 0x07, 0x01, 0x09, 0x06, 0x0B, 0x01, 0x09, 0x04, 0x07,
    0x02, 0x09, 0x01, 0x0B, 0x02, 0x09, 0x07, 0x0B, 0x04, 0x09, 0x04, 0x07, 0x01, 0x09, 0x06, 0x0B,
    0x01, 0x09, 0x04, 0x06, 0x01, 0x08, 0x02, 0x05, 0x02, 0x0A, 0x03, 0x04, 0x05, 0x03, 0x02, 0x02,
    0x02, 0x01, 0x0E, 0x00, 0x02, 0x01, 0x01, 0x02, 0x05, 0x03, 0x04, 0x04, 0x01, 0x0A, 0x03, 0x05,
    0x01, 0x08, 0x03, 0x06, 0x03, 0x07, 0x01, 0x09, 0x08, 0x07, 0x03, 0x06, 0x0C, 0x07, 0x03, 0x06,
    0x07, 0x07, 0x02, 0x09, 0x01, 0x07, 0x04, 0x06, 0x01, 0x08, 0x02, 0x05, 0x06, 0x04, 0x04, 0x03,
    0x02, 0x02, 0x02, 0x01, 0x0F, 0x00, 0x02, 0x01, 0x02, 0x02, 0x05, 0x03, 0x06, 0x04, 0x01, 0x0A,
    0x01, 0x05, 0x02, 0x08, 0x04, 0x06, 0x24, 0x07, 0x03, 0x06, 0x01, 0x08, 0x02, 0x05, 0x07, 0x04,
    0x05, 0x03, 0x01, 0x02, 0x03, 0x01, 0x10, 0x00, 0x02, 0x01, 0x02, 0x02, 0x04, 0x03, 0x08, 0x04,
    0x03, 0x05, 0x01, 0x08, 0x04, 0x06, 0x01, 0x07, 0x03, 0x09, 0x09, 0x0B, 0x07, 0x09, 0x08, 0x0B,
    0x01, 0x09, 0x02, 0x07, 0x03, 0x06, 0x03, 0x08, 0x02, 0x05, 0x08, 0x04, 0x04, 0x03, 0x01, 0x02,
    0x03, 0x01, 0x11, 0x00, 0x03, 0x01, 0x02, 0x02, 0x05, 0x03, 0x07, 0x04, 0x01, 0x0A, 0x02, 0x05,
    0x02, 0x08, 0x04, 0x06, 0x02, 0x07, 0x03, 0x09, 0x06, 0x0B, 0x01, 0x09, 0x05, 0x0B, 0x01, 0x09,
    0x04, 0x0B, 0x03, 0x09, 0x02, 0x07, 0x05, 0x06, 0x01, 0x08, 0x02, 0x05, 0x01, 0x0A, 0x07, 0x04,
    0x05, 0x03, 0x01, 0x02, 0x03, 0x01, 0x13, 0x00, 0x03, 0x01, 0x02, 0x02, 0x05, 0x03, 0x08, 0x04,
    0x03, 0x05, 0x01, 0x08, 0x06, 0x06, 0x05, 0x07, 0x02, 0x09, 0x02, 0x07, 0x05, 0x09, 0x06, 0x07,
    0x06, 0x06, 0x02, 0x08, 0x03, 0x05, 0x01, 0x0A, 0x04, 0x04, 0x01, 0x03, 0x03, 0x04, 0x04, 0x03,
    0x02, 0x02, 0x02, 0x01, 0x15, 0x00, 0x03, 0x01, 0x02, 0x02, 0x05, 0x03, 0x07, 0x04, 0x02, 0x0A,
    0x03, 0x05, 0x02, 0x08, 0x0B, 0x06, 0x01, 0x07, 0x01, 0x06, 0x01, 0x07, 0x0B, 0x06, 0x03, 0x08,
    0x04, 0x05, 0x01, 0x0A, 0x06, 0x04, 0x01, 0x03, 0x02, 0x04, 0x04, 0x03, 0x02, 0x02, 0x03, 0x01,
    0x16, 0x00, 0x03, 0x01, 0x02, 0x02, 0x08, 0x03, 0x04, 0x04, 0x01, 0x0A, 0x03, 0x04, 0x03, 0x05,
    0x04, 0x08, 0x04, 0x06, 0x01, 0x0C, 0x0C, 0x06, 0x03, 0x08, 0x04, 0x05, 0x01, 0x0A, 0x09, 0x04,
    0x06, 0x03, 0x02, 0x02, 0x02, 0x01, 0x19, 0x00, 0x03, 0x01, 0x02, 0x02, 0x05, 0x03, 0x0D, 0x04,
    0x04, 0x05, 0x01, 0x08, 0x01, 0x05, 0x0C, 0x08, 0x01, 0x05, 0x01, 0x08, 0x06, 0x05, 0x0B, 0x04,
    0x05, 0x03, 0x03, 0x02, 0x02, 0x01, 0x1B, 0x00, 0x03, 0x01, 0x02, 0x02, 0x09, 0x03, 0x09, 0x04,
    0x02, 0x0A, 0x01, 0x04, 0x01, 0x0A, 0x10, 0x05, 0x01, 0x04, 0x03, 0x0A, 0x06, 0x04, 0x01, 0x03,
    0x02, 0x04, 0x07, 0x03, 0x03, 0x02, 0x02, 0x01, 0x1E, 0x00, 0x03, 0x01, 0x02, 0x02, 0x07, 0x03,
    0x09, 0x04, 0x01, 0x0A, 0x06, 0x04, 0x02, 0x0A, 0x07, 0x04, 0x02, 0x0A, 0x0C, 0x04, 0x01, 0x03,
    0x02, 0x04, 0x06, 0x03, 0x02, 0x02, 0x03, 0x01, 0x20, 0x00, 0x04, 0x01, 0x02, 0x02, 0x0A, 0x03,
    0x1F, 0x04, 0x0A, 0x03, 0x02, 0x02, 0x04, 0x01, 0x23, 0x00, 0x04, 0x01, 0x03, 0x02, 0x07, 0x03,
    0x1B, 0x04, 0x01, 0x03, 0x04, 0x04, 0x06, 0x03, 0x03, 0x02, 0x04, 0x01, 0x27, 0x00, 0x05, 0x01,
    0x04, 0x02, 0x06, 0x03, 0x01, 0x04, 0x08, 0x03, 0x0A, 0x04, 0x0C, 0x03, 0x04, 0x02, 0x05, 0x01,
    0x2C, 0x00, 0x06, 0x01, 0x05, 0x02, 0x1B, 0x03, 0x05, 0x02, 0x06, 0x01, 0x32, 0x00, 0x09, 0x01,
    0x19, 0x02, 0x09, 0x01, 0x3A, 0x00, 0x21, 0x01, 0xE0, 0x00,
};

constexpr uint8_t NIXIE_PALETTE_7_SIZE = 14;
static constexpr uint16_t NIXIE_PALETTE_7[] = {
    0x0000, 0x0800, 0x2000, 0x4000, 0x4800, 0x6800, 0x7820, 0x9040,
    0x80C0, 0xB900, 0xC1C0, 0xD3C0, 0xE661, 0xEF80,
};
static constexpr uint8_t NIXIE_RLE_7[] = {
    0x72, 0x00, 0x3D, 0x01, 0x1D, 0x00, 0x18, 0x01, 0x1B, 0x02, 0x16, 0x01, 0x14, 0x00, 0x0C, 0x01,
    0x39, 0x02, 0x0A, 0x01, 0x10, 0x00, 0x07, 0x01, 0x0B, 0x02, 0x2E, 0x03, 0x0B, 0x02, 0x06, 0x01,
    0x0E, 0x00, 0x05, 0x01, 0x07, 0x02, 0x05, 0x03, 0x09, 0x04, 0x22, 0x05, 0x08, 0x04, 0x04, 0x03,
    0x06, 0x02, 0x06, 0x01, 0x0B, 0x00, 0x05, 0x01, 0x05, 0x02, 0x03, 0x03, 0x07, 0x04, 0x31, 0x05,
    0x05, 0x04, 0x02, 0x03, 0x06, 0x02, 0x04, 0x01, 0x09, 0x00, 0x04, 0x01, 0x04, 0x02, 0x02, 0x03,
    0x01, 0x04, 0x01, 0x03, 0x08, 0x04, 0x21, 0x05, 0x01, 0x06, 0x01, 0x05, 0x05, 0x06, 0x0F, 0x05,
    0x03, 0x04, 0x02, 0x03, 0x04, 0x02, 0x03, 0x01, 0x09, 0x00, 0x03, 0x01, 0x03, 0x02, 0x02, 0x03,
    0x05, 0x04, 0x01, 0x05, 0x05, 0x04, 0x18, 0x05, 0x01, 0x06, 0x08, 0x05, 0x02, 0x06, 0x05, 0x05,
    0x02, 0x06, 0x0F, 0x05, 0x04, 0x04, 0x02, 0x03, 0x03, 0x02, 0x03, 0x01, 0x07, 0x00, 0x03, 0x01,
    0x03, 0x02, 0x02, 0x03, 0x02, 0x04, 0x01, 0x03, 0x03, 0x04, 0x01, 0x05, 0x02, 0x04, 0x0C, 0x05,
    0x01, 0x06, 0x07, 0x05, 0x16, 0x06, 0x01, 0x05, 0x07, 0x06, 0x02, 0x05, 0x01, 0x06, 0x08, 0x05,
    0x05, 0x04, 0x01, 0x03, 0x02, 0x02, 0x03, 0x01, 0x07, 0x00, 0x03, 0x01, 0x02, 0x02, 0x02, 0x03,
    0x02, 0x04, 0x01, 0x03, 0x04, 0x04, 0x08, 0x05, 0x01, 0x06, 0x05, 0x05, 0x2C, 0x06, 0x07, 0x05,
    0x05, 0x04, 0x01, 0x03, 0x02, 0x02, 0x03, 0x01, 0x06, 0x00, 0x02, 0x01, 0x02, 0x02, 0x02, 0x03,
    0x02, 0x04, 0x01, 0x03, 0x01, 0x04, 0x09, 0x05, 0x1B, 0x06, 0x0E, 0x07, 0x01, 0x06, 0x03, 0x07,
    0x04, 0x06, 0x01, 0x07, 0x09, 0x06, 0x04, 0x05, 0x02, 0x04, 0x01, 0x03, 0x02, 0x02, 0x03, 0x01,
    0x05, 0x00, 0x03, 0x01, 0x02, 0x02, 0x02, 0x03, 0x01, 0x04, 0x02, 0x03, 0x04, 0x05, 0x03, 0x08,
    0x01, 0x05, 0x01, 0x08, 0x01, 0x06, 0x0C, 0x08, 0x07, 0x07, 0x06, 0x08, 0x1B, 0x07, 0x06, 0x08,
    0x02, 0x06, 0x05, 0x05, 0x01, 0x04, 0x01, 0x03, 0x02, 0x02, 0x03, 0x01, 0x04, 0x00, 0x03, 0x01,
    0x02, 0x02, 0x02, 0x03, 0x01, 0x04, 0x02, 0x05, 0x16, 0x08, 0x01, 0x07, 0x04, 0x08, 0x01, 0x09,
    0x01, 0x07, 0x02, 0x08, 0x06, 0x09, 0x02, 0x07, 0x04, 0x09, 0x02, 0x07, 0x0E, 0x09, 0x01, 0x07,
    0x02, 0x09, 0x06, 0x08, 0x01, 0x07, 0x02, 0x08, 0x01, 0x06, 0x03, 0x05, 0x01, 0x04, 0x01, 0x03,
    0x02, 0x02, 0x03, 0x01, 0x04, 0x00, 0x03, 0x01, 0x02, 0x02, 0x02, 0x03, 0x02, 0x05, 0x06, 0x08,
    0x01, 0x0A, 0x01, 0x08, 0x01, 0x09, 0x01, 0x0A, 0x01, 0x09, 0x03, 0x0A, 0x01, 0x08, 0x01, 0x09,
    0x01, 0x0A, 0x02, 0x09, 0x01, 0x0A, 0x04, 0x09, 0x03, 0x0A, 0x01, 0x09, 0x01, 0x0A, 0x02, 0x09,
    0x01, 0x0A, 0x07, 0x09, 0x01, 0x0A, 0x0F, 0x09, 0x01, 0x0A, 0x06, 0x09, 0x01, 0x0A, 0x05, 0x09,
    0x05, 0x08, 0x01, 0x06, 0x03, 0x05, 0x01, 0x03, 0x02, 0x02, 0x03, 0x01, 0x04, 0x00, 0x03, 0x01,
    0x01, 0x02, 0x02, 0x03, 0x01, 0x04, 0x03, 0x08, 0x06, 0x0A, 0x01, 0x09, 0x07, 0x0A, 0x01, 0x09,
    0x06, 0x0A, 0x01, 0x09, 0x07, 0x0A, 0x01, 0x09, 0x06, 0x0A, 0x01, 0x09, 0x07, 0x0A, 0x02, 0x09,
    0x05, 0x0A, 0x02, 0x09, 0x07, 0x0A, 0x01, 0x09, 0x06, 0x0A, 0x01, 0x09, 0x01, 0x0A, 0x02, 0x09,
    0x02, 0x08, 0x03, 0x05, 0x01, 0x04, 0x01, 0x03, 0x01, 0x02, 0x03, 0x01, 0x03, 0x00, 0x03, 0x01,
    0x02, 0x02, 0x02, 0x03, 0x01, 0x05, 0x02, 0x08, 0x05, 0x0B, 0x01, 0x0C, 0x01, 0x0B, 0x08, 0x0C,
    0x02, 0x0B, 0x04, 0x0C, 0x02, 0x0B, 0x08, 0x0C, 0x01, 0x0B, 0x02, 0x0C, 0x01, 0x0B, 0x01, 0x0C,
    0x02, 0x0B, 0x08, 0x0C, 0x07, 0x0B, 0x08, 0x0C, 0x0A, 0x0B, 0x01, 0x0A, 0x01, 0x09, 0x02, 0x08,
    0x02, 0x05, 0x01, 0x04, 0x01, 0x03, 0x02, 0x02, 0x02, 0x01, 0x03, 0x00, 0x03, 0x01, 0x02, 0x02,
    0x02, 0x03, 0x02, 0x08, 0x04, 0x0B, 0x04, 0x0C, 0x08, 0x0D, 0x06, 0x0C, 0x01, 0x0B, 0x09, 0x0D,
    0x01, 0x0B, 0x06, 0x0C, 0x08, 0x0D, 0x07, 0x0C, 0x09, 0x0D, 0x01, 0x0C, 0x01, 0x0D, 0x02, 0x0C,
    0x01, 0x0D, 0x01, 0x0B, 0x01, 0x0C, 0x02, 0x0D, 0x01, 0x0C, 0x01, 0x0A, 0x01, 0x09, 0x01, 0x08,
    0x01, 0x06, 0x02, 0x05, 0x01, 0x03, 0x02, 0x02, 0x02, 0x01, 0x03, 0x00, 0x03, 0x01, 0x02, 0x02,
    0x02, 0x03, 0x01, 0x08, 0x05, 0x0B, 0x03, 0x0C, 0x18, 0x0B, 0x08, 0x0A, 0x07, 0x0B, 0x01, 0x0A,
    0x14, 0x0B, 0x02, 0x0C, 0x01, 0x0B, 0x03, 0x0D, 0x01, 0x0B, 0x01, 0x09, 0x02, 0x08, 0x01, 0x06,
    0x01, 0x05, 0x01, 0x03, 0x02, 0x02, 0x02, 0x01, 0x03, 0x00, 0x03, 0x01, 0x02, 0x02, 0x02, 0x03,
    0x01, 0x08, 0x05, 0x0B, 0x03, 0x0C, 0x01, 0x0B, 0x01, 0x0A, 0x01, 0x0B, 0x02, 0x0A, 0x01, 0x0B,
    0x07, 0x0A, 0x01, 0x09, 0x06, 0x0A, 0x03, 0x09, 0x0A, 0x0A, 0x03, 0x09, 0x0B, 0x0A, 0x01, 0x09,
    0x03, 0x0A, 0x01, 0x09, 0x01, 0x0A, 0x01, 0x0B, 0x02, 0x0A, 0x01, 0x0B, 0x02, 0x0A, 0x01, 0x09,
    0x01, 0x0A, 0x01, 0x0D, 0x02, 0x0C, 0x02, 0x0D, 0x01, 0x0C, 0x01, 0x0A, 0x02, 0x08, 0x01, 0x06,
    0x01, 0x05, 0x01, 0x03, 0x02, 0x02, 0x02, 0x01, 0x03, 0x00, 0x03, 0x01, 0x02, 0x02, 0x02, 0x03,
    0x02, 0x08, 0x04, 0x0B, 0x03, 0x0C, 0x01, 0x0D, 0x02, 0x0C, 0x03, 0x0D, 0x01, 0x0C, 0x01, 0x0A,
    0x01, 0x0B, 0x06, 0x0C, 0x01, 0x0B, 0x05, 0x0A, 0x01, 0x0B, 0x01, 0x0C, 0x01, 0x0B, 0x04, 0x0C,
    0x01, 0x0A, 0x01, 0x0B, 0x02, 0x0C, 0x02, 0x0B, 0x06, 0x0A, 0x07, 0x0C, 0x02, 0x0B, 0x01, 0x0D,
    0x02, 0x0C, 0x02, 0x0D, 0x01, 0x0B, 0x03, 0x0D, 0x01, 0x0B, 0x01, 0x0A, 0x01, 0x0C, 0x01, 0x0D,
    0x01, 0x0C, 0x01, 0x0B, 0x03, 0x0D, 0x01, 0x0A, 0x01, 0x09, 0x01, 0x08, 0x01, 0x06, 0x01, 0x05,
    0x01, 0x04, 0x01, 0x03, 0x01, 0x02, 0x02, 0x01, 0x03, 0x00, 0x03, 0x01, 0x02, 0x02, 0x02, 0x03,
    0x01, 0x08, 0x05, 0x0B, 0x03, 0x0C, 0x01, 0x0D, 0x04, 0x0C, 0x01, 0x0D, 0x01, 0x0B, 0x01, 0x0A,
    0x01, 0x0C, 0x04, 0x0D, 0x01, 0x0B, 0x05, 0x0A, 0x01, 0x0B, 0x04, 0x0C, 0x03, 0x0D, 0x01, 0x0C,
    0x01, 0x0A, 0x01, 0x0C, 0x02, 0x0D, 0x03, 0x0C, 0x01, 0x0B, 0x04, 0x0A, 0x01, 0x0B, 0x01, 0x0C,
    0x06, 0x0D, 0x01, 0x0B, 0x06, 0x0C, 0x03, 0x0D, 0x01, 0x0A, 0x01, 0x0B, 0x03, 0x0D, 0x01, 0x0C,
    0x01, 0x0B, 0x02, 0x0C, 0x01, 0x0A, 0x01, 0x09, 0x01, 0x08, 0x01, 0x06, 0x01, 0x05, 0x01, 0x04,
    0x01, 0x03, 0x01, 0x02, 0x02, 0x01, 0x03, 0x00, 0x03, 0x01, 0x02, 0x02, 0x02, 0x03, 0x01, 0x08,
    0x01, 0x0A, 0x04, 0x0B, 0x03, 0x0C, 0x02, 0x0D, 0x01, 0x0B, 0x03, 0x0C, 0x01, 0x0B, 0x01, 0x0A,
    0x01, 0x0C, 0x02, 0x0D, 0x01, 0x0C, 0x01, 0x0B, 0x03, 0x0A, 0x02, 0x0B, 0x05, 0x0C, 0x01, 0x0B,
    0x03, 0x0D, 0x01, 0x0A, 0x01, 0x0B, 0x03, 0x0D, 0x02, 0x0C, 0x01, 0x0D, 0x01, 0x0B, 0x01, 0x0A,
    0x01, 0x0B, 0x04, 0x0A, 0x01, 0x0B, 0x04, 0x0D, 0x01, 0x0C, 0x01, 0x0B, 0x06, 0x0C, 0x02, 0x0D,
    0x01, 0x0C, 0x01, 0x0A, 0x01, 0x0C, 0x03, 0x0D, 0x02, 0x0C, 0x01, 0x0D, 0x01, 0x0C, 0x01, 0x0A,
    0x01, 0x09, 0x01, 0x08, 0x01, 0x06, 0x01, 0x05, 0x01, 0x04, 0x01, 0x03, 0x01, 0x02, 0x02, 0x01,
    0x04, 0x00, 0x02, 0x01, 0x02, 0x02, 0x02, 0x03, 0x01, 0x05, 0x01, 0x08, 0x04, 0x0B, 0x03, 0x0C,
    0x01, 0x0D, 0x02, 0x0C, 0x03, 0x0D, 0x02, 0x0B, 0x01, 0x0C, 0x01, 0x0D, 0x01, 0x0B, 0x04, 0x0A,
    0x03, 0x0C, 0x05, 0x0D, 0x02, 0x0C, 0x01, 0x0D, 0x01, 0x0C, 0x01, 0x0A, 0x01, 0x0C, 0x03, 0x0D,
    0x01, 0x0B, 0x02, 0x0D, 0x02, 0x0B, 0x01, 0x0D, 0x01, 0x0B, 0x04, 0x0A, 0x01, 0x0B, 0x01, 0x0C,
    0x02, 0x0D, 0x02, 0x0C, 0x05, 0x0D, 0x01, 0x0B, 0x01, 0x0C, 0x01, 0x0D, 0x01, 0x0A, 0x01, 0x0B,
    0x03, 0x0D, 0x02, 0x0C, 0x02, 0x0D, 0x01, 0x0C, 0x01, 0x0A, 0x01, 0x09, 0x01, 0x08, 0x01, 0x06,
    0x01, 0x05, 0x01, 0x04, 0x01, 0x03, 0x01, 0x02, 0x02, 0x01, 0x04, 0x00, 0x03, 0x01, 0x01, 0x02,
    0x03, 0x03, 0x02, 0x08, 0x10, 0x0B, 0x04, 0x0A, 0x0A, 0x0B, 0x01, 0x0A, 0x02, 0x0B, 0x01, 0x0A,
    0x07, 0x0B, 0x01, 0x0A, 0x03, 0x0B, 0x06, 0x0A, 0x02, 0x0B, 0x01, 0x0A, 0x0A, 0x0B, 0x04, 0x0D,
    0x01, 0x0B, 0x01, 0x0C, 0x02, 0x0D, 0x01, 0x0B, 0x01, 0x0A, 0x01, 0x09, 0x01, 0x08, 0x02, 0x06,
    0x01, 0x04, 0x01, 0x03, 0x01, 0x02, 0x02, 0x01, 0x04, 0x00, 0x03, 0x01, 0x02, 0x02, 0x02, 0x03,
    0x01, 0x05, 0x03, 0x08, 0x04, 0x0A, 0x01, 0x09, 0x08, 0x0A, 0x01, 0x09, 0x05, 0x0A, 0x02, 0x09,
    0x08, 0x0A, 0x01, 0x09, 0x05, 0x0A, 0x01, 0x09, 0x08, 0x0A, 0x01, 0x09, 0x05, 0x0A, 0x02, 0x09,
    0x09, 0x0A, 0x01, 0x0C, 0x03, 0x0D, 0x02, 0x0C, 0x02, 0x0D, 0x01, 0x0C, 0x01, 0x0A, 0x01, 0x09,
    0x02, 0x08, 0x02, 0x06, 0x01, 0x05, 0x01, 0x03, 0x02, 0x02, 0x01, 0x01, 0x04, 0x00, 0x03, 0x01,
    0x02, 0x02, 0x02, 0x03, 0x02, 0x05, 0x0B, 0x08, 0x01, 0x09, 0x01, 0x08, 0x01, 0x09, 0x01, 0x08,
    0x01, 0x09, 0x03, 0x08, 0x02, 0x09, 0x01, 0x07, 0x08, 0x09, 0x01, 0x0A, 0x1B, 0x09, 0x04, 0x0A,
    0x01, 0x0B, 0x04, 0x0C, 0x01, 0x0B, 0x01, 0x0C, 0x02, 0x0D, 0x01, 0x0C, 0x01, 0x0A, 0x01, 0x09,
    0x02, 0x08, 0x02, 0x06, 0x01, 0x05, 0x01, 0x03, 0x02, 0x02, 0x01, 0x01, 0x04, 0x00, 0x03, 0x01,
    0x02, 0x02, 0x03, 0x03, 0x04, 0x05, 0x1B, 0x08, 0x01, 0x09, 0x03, 0x07, 0x01, 0x09, 0x01, 0x07,
    0x02, 0x09, 0x02, 0x07, 0x01, 0x09, 0x01, 0x07, 0x04, 0x09, 0x01, 0x07, 0x0C, 0x09, 0x03, 0x0A,
    0x01, 0x0C, 0x02, 0x0D, 0x01, 0x0C, 0x01, 0x0D, 0x02, 0x0C, 0x02, 0x0D, 0x01, 0x0B, 0x01, 0x0A,
    0x01, 0x09, 0x02, 0x08, 0x02, 0x06, 0x01, 0x05, 0x01, 0x03, 0x02, 0x02, 0x01, 0x01, 0x04, 0x00,
    0x04, 0x01, 0x02, 0x02, 0x02, 0x03, 0x02, 0x04, 0x09, 0x05, 0x05, 0x08, 0x01, 0x06, 0x06, 0x08,
    0x02, 0x07, 0x04, 0x08, 0x04, 0x07, 0x01, 0x08, 0x03, 0x07, 0x01, 0x09, 0x0E, 0x07, 0x08, 0x09,
    0x02, 0x0A, 0x01, 0x0B, 0x06, 0x0D, 0x01, 0x0B, 0x02, 0x0D, 0x01, 0x0B, 0x01, 0x0A, 0x01, 0x09,
    0x01, 0x08, 0x02, 0x06, 0x02, 0x05, 0x01, 0x03, 0x01, 0x02, 0x02, 0x01, 0x05, 0x00, 0x03, 0x01,
    0x02, 0x02, 0x02, 0x03, 0x06, 0x04, 0x09, 0x05, 0x15, 0x06, 0x13, 0x07, 0x05, 0x09, 0x02, 0x0A,
    0x01, 0x0C, 0x06, 0x0D, 0x03, 0x0C, 0x01, 0x0A, 0x02, 0x09, 0x01, 0x08, 0x02, 0x06, 0x02, 0x05,
    0x01, 0x03, 0x02, 0x02, 0x01, 0x01, 0x05, 0x00, 0x04, 0x01, 0x02, 0x02, 0x05, 0x03, 0x04, 0x04,
    0x0F, 0x05, 0x02, 0x06, 0x04, 0x05, 0x08, 0x06, 0x13, 0x07, 0x05, 0x09, 0x01, 0x0B, 0x08, 0x0D,
    0x01, 0x0C, 0x01, 0x0B, 0x01, 0x0A, 0x01, 0x09, 0x02, 0x07, 0x02, 0x06, 0x02, 0x05, 0x01, 0x03,
    0x02, 0x02, 0x01, 0x01, 0x06, 0x00, 0x03, 0x01, 0x03, 0x02, 0x04, 0x03, 0x05, 0x04, 0x10, 0x05,
    0x06, 0x06, 0x01, 0x07, 0x08, 0x06, 0x0F, 0x07, 0x06, 0x09, 0x01, 0x0B, 0x08, 0x0D, 0x01, 0x0C,
    0x01, 0x0A, 0x02, 0x09, 0x02, 0x07, 0x01, 0x06, 0x03, 0x05, 0x01, 0x03, 0x01, 0x02, 0x02, 0x01,
    0x07, 0x00, 0x03, 0x01, 0x03, 0x02, 0x06, 0x03, 0x07, 0x04, 0x03, 0x05, 0x01, 0x04, 0x0C, 0x05,
    0x01, 0x06, 0x01, 0x07, 0x01, 0x06, 0x02, 0x05, 0x03, 0x06, 0x01, 0x07, 0x05, 0x06, 0x0D, 0x07,
    0x02, 0x09, 0x02, 0x0A, 0x01, 0x0B, 0x08, 0x0D, 0x01, 0x0B, 0x02, 0x0A, 0x01, 0x09, 0x02, 0x07,
    0x02, 0x06, 0x02, 0x05, 0x01, 0x03, 0x01, 0x02, 0x02, 0x01, 0x07, 0x00, 0x04, 0x01, 0x03, 0x02,
    0x06, 0x03, 0x04, 0x04, 0x01, 0x03, 0x02, 0x04, 0x02, 0x05, 0x03, 0x04, 0x02, 0x05, 0x01, 0x04,
    0x08, 0x05, 0x01, 0x07, 0x05, 0x05, 0x02, 0x07, 0x06, 0x06, 0x0B, 0x07, 0x04, 0x09, 0x01, 0x0B,
    0x02, 0x0C, 0x06, 0x0D, 0x01, 0x0C, 0x02, 0x0A, 0x01, 0x09, 0x02, 0x07, 0x03, 0x06, 0x01, 0x05,
    0x01, 0x04, 0x01, 0x03, 0x01, 0x02, 0x02, 0x01, 0x08, 0x00, 0x03, 0x01, 0x04, 0x02, 0x08, 0x03,
    0x0B, 0x04, 0x03, 0x05, 0x01, 0x04, 0x05, 0x05, 0x01, 0x07, 0x05, 0x05, 0x01, 0x07, 0x02, 0x06,
    0x01, 0x05, 0x04, 0x06, 0x0B, 0x07, 0x03, 0x09, 0x02, 0x0A, 0x02, 0x0C, 0x06, 0x0D, 0x01, 0x0B,
    0x02, 0x0A, 0x01, 0x09, 0x02, 0x07, 0x03, 0x06, 0x01, 0x05, 0x01, 0x04, 0x01, 0x03, 0x01, 0x02,
    0x02, 0x01, 0x09, 0x00, 0x03, 0x01, 0x04, 0x02, 0x0A, 0x03, 0x08, 0x04, 0x01, 0x05, 0x05, 0x04,
    0x01, 0x05, 0x01, 0x04, 0x01, 0x05, 0x01, 0x06, 0x05, 0x05, 0x01, 0x07, 0x01, 0x06, 0x02, 0x05,
    0x05, 0x06, 0x0A, 0x07, 0x02, 0x09, 0x03, 0x0A, 0x01, 0x0B, 0x01, 0x0C, 0x01, 0x0B, 0x05, 0x0C,
    0x01, 0x0B, 0x01, 0x0A, 0x02, 0x09, 0x02, 0x07, 0x02, 0x06, 0x02, 0x05, 0x01, 0x04, 0x01, 0x03,
    0x01, 0x02, 0x02, 0x01, 0x0A, 0x00, 0x04, 0x01, 0x04, 0x02, 0x0A, 0x03, 0x0E, 0x04, 0x01, 0x05,
    0x01, 0x06, 0x05, 0x05, 0x01, 0x07, 0x01, 0x06, 0x02, 0x05, 0x05, 0x06, 0x0A, 0x07, 0x02, 0x09,
    0x01, 0x0A, 0x01, 0x0B, 0x02, 0x0A, 0x02, 0x0B, 0x04, 0x0C, 0x02, 0x0B, 0x01, 0x0A, 0x02, 0x09,
    0x02, 0x07, 0x01, 0x06, 0x03, 0x05, 0x01, 0x04, 0x01, 0x03, 0x01, 0x02, 0x02, 0x01, 0x0B, 0x00,
    0x05, 0x01, 0x05, 0x02, 0x0C, 0x03, 0x09, 0x04, 0x01, 0x05, 0x01, 0x06, 0x05, 0x05, 0x01, 0x07,
    0x01, 0x06, 0x03, 0x05, 0x04, 0x06, 0x09, 0x07, 0x03, 0x09, 0x02, 0x0A, 0x01, 0x0B, 0x02, 0x0A,
    0x01, 0x0C, 0x04, 0x0D, 0x01, 0x0C, 0x02, 0x0A, 0x01, 0x09, 0x02, 0x07, 0x02, 0x06, 0x03, 0x05,
    0x01, 0x04, 0x01, 0x03, 0x01, 0x02, 0x02, 0x01, 0x0C, 0x00, 0x06, 0x01, 0x06, 0x02, 0x0A, 0x03,
    0x09, 0x04, 0x06, 0x05, 0x02, 0x06, 0x03, 0x05, 0x05, 0x06, 0x08, 0x07, 0x03, 0x09, 0x02, 0x0A,
    0x01, 0x0B, 0x02, 0x0A, 0x01, 0x0C, 0x04, 0x0D, 0x01, 0x0C, 0x01, 0x0A, 0x02, 0x09, 0x02, 0x07,
    0x02, 0x06, 0x01, 0x05, 0x01, 0x06, 0x01, 0x05, 0x01, 0x04, 0x01, 0x03, 0x01, 0x02, 0x02, 0x01,
    0x0E, 0x00, 0x06, 0x01, 0x08, 0x02, 0x0A, 0x03, 0x09, 0x04, 0x07, 0x05, 0x06, 0x06, 0x07, 0x07,
    0x03, 0x09, 0x01, 0x0B, 0x01, 0x0C, 0x03, 0x0A, 0x01, 0x0B, 0x04, 0x0D, 0x01, 0x0B, 0x01, 0x0A,
    0x02, 0x09, 0x02, 0x07, 0x03, 0x06, 0x02, 0x05, 0x01, 0x04, 0x02, 0x02, 0x02, 0x01, 0x10, 0x00,
    0x07, 0x01, 0x0B, 0x02, 0x0C, 0x03, 0x03, 0x04, 0x05, 0x05, 0x06, 0x06, 0x07, 0x07, 0x03, 0x09,
    0x01, 0x0B, 0x01, 0x0C, 0x02, 0x0A, 0x01, 0x0B, 0x01, 0x0A, 0x01, 0x0C, 0x02, 0x0D, 0x01, 0x0C,
    0x02, 0x0A, 0x01, 0x09, 0x03, 0x07, 0x03, 0x06, 0x02, 0x05, 0x01, 0x04, 0x02, 0x02, 0x02, 0x01,
    0x13, 0x00, 0x07, 0x01, 0x02, 0x02, 0x01, 0x01, 0x11, 0x02, 0x03, 0x03, 0x02, 0x04, 0x04, 0x05,
    0x06, 0x06, 0x05, 0x07, 0x03, 0x09, 0x01, 0x0A, 0x01, 0x0B, 0x01, 0x0D, 0x01, 0x0B, 0x02, 0x0A,
    0x02, 0x0B, 0x02, 0x0D, 0x01, 0x0C, 0x01, 0x0A, 0x01, 0x09, 0x03, 0x07, 0x03, 0x06, 0x03, 0x05,
    0x01, 0x04, 0x02, 0x02, 0x02, 0x01, 0x16, 0x00, 0x0E, 0x01, 0x0C, 0x02, 0x02, 0x03, 0x02, 0x04,
    0x03, 0x05, 0x06, 0x06, 0x05, 0x07, 0x02, 0x09, 0x02, 0x0A, 0x01, 0x0B, 0x02, 0x0D, 0x02, 0x0A,
    0x01, 0x0B, 0x01, 0x0A, 0x02, 0x0D, 0x01, 0x0B, 0x01, 0x0A, 0x01, 0x09, 0x03, 0x07, 0x03, 0x06,
    0x03, 0x05, 0x01, 0x03, 0x02, 0x02, 0x02, 0x01, 0x1B, 0x00, 0x12, 0x01, 0x04, 0x02, 0x02, 0x03,
    0x01, 0x04, 0x04, 0x05, 0x05, 0x06, 0x05, 0x07, 0x02, 0x09, 0x02, 0x0A, 0x01, 0x0B, 0x02, 0x0D,
    0x01, 0x0B, 0x01, 0x09, 0x01, 0x0B, 0x01, 0x0A, 0x02, 0x0C, 0x01, 0x0A, 0x02, 0x09, 0x02, 0x07,
    0x03, 0x06, 0x04, 0x05, 0x01, 0x03, 0x02, 0x02, 0x02, 0x01, 0x28, 0x00, 0x07, 0x01, 0x03, 0x02,
    0x01, 0x03, 0x02, 0x04, 0x05, 0x05, 0x01, 0x06, 0x07, 0x07, 0x02, 0x09, 0x01, 0x0B, 0x01, 0x0A,
    0x01, 0x0B, 0x02, 0x0D, 0x01, 0x0C, 0x01, 0x0A, 0x03, 0x0B, 0x01, 0x0C, 0x01, 0x0A, 0x01, 0x09,
    0x03, 0x07, 0x03, 0x06, 0x04, 0x05, 0x01, 0x03, 0x01, 0x02, 0x03, 0x01, 0x2C, 0x00, 0x04, 0x01,
    0x02, 0x02, 0x02, 0x03, 0x01, 0x04, 0x05, 0x05, 0x01, 0x06, 0x06, 0x07, 0x02, 0x09, 0x01, 0x0A,
    0x03, 0x0B, 0x03, 0x0D, 0x01, 0x0A, 0x02, 0x0B, 0x01, 0x0A, 0x01, 0x0B, 0x02, 0x09, 0x03, 0x07,
    0x02, 0x06, 0x04, 0x05, 0x01, 0x04, 0x01, 0x03, 0x01, 0x02, 0x03, 0x01, 0x2D, 0x00, 0x03, 0x01,
    0x02, 0x02, 0x02, 0x03, 0x01, 0x04, 0x04, 0x05, 0x03, 0x06, 0x05, 0x07, 0x02, 0x09, 0x01, 0x0A,
    0x01, 0x0C, 0x02, 0x0B, 0x03, 0x0D, 0x03, 0x0B, 0x02, 0x0A, 0x02, 0x09, 0x03, 0x07, 0x02, 0x06,
    0x04, 0x05, 0x01, 0x04, 0x01, 0x03, 0x01, 0x02, 0x02, 0x01, 0x2F, 0x00, 0x02, 0x01, 0x03, 0x02,
    0x01, 0x03, 0x01, 0x04, 0x04, 0x05, 0x03, 0x06, 0x04, 0x07, 0x03, 0x09, 0x01, 0x0A, 0x01, 0x0D,
    0x02, 0x0B, 0x03, 0x0D, 0x01, 0x0B, 0x01, 0x0A, 0x01, 0x0C, 0x02, 0x0A, 0x02, 0x09, 0x03, 0x07,
    0x02, 0x06, 0x04, 0x05, 0x01, 0x04, 0x02, 0x02, 0x02, 0x01, 0x2F, 0x00, 0x03, 0x01, 0x02, 0x02,
    0x01, 0x03, 0x01, 0x04, 0x04, 0x05, 0x03, 0x06, 0x04, 0x07, 0x03, 0x09, 0x01, 0x0B, 0x01, 0x0D,
    0x01, 0x0A, 0x01, 0x0C, 0x02, 0x0D, 0x01, 0x0C, 0x01, 0x0B, 0x01, 0x0A, 0x01, 0x0C, 0x02, 0x0A,
    0x01, 0x09, 0x03, 0x07, 0x02, 0x06, 0x05, 0x05, 0x01, 0x04, 0x02, 0x02, 0x02, 0x01, 0x30, 0x00,
    0x02, 0x01, 0x02, 0x02, 0x01, 0x03, 0x01, 0x04, 0x03, 0x05, 0x05, 0x06, 0x03, 0x07, 0x02, 0x09,
    0x01, 0x0A, 0x01, 0x0B, 0x01, 0x0C, 0x01, 0x0A, 0x01, 0x0C, 0x01, 0x0D, 0x02, 0x0C, 0x01, 0x0B,
    0x01, 0x0A, 0x01, 0x0B, 0x01, 0x0A, 0x02, 0x09, 0x03, 0x07, 0x02, 0x06, 0x04, 0x05, 0x01, 0x04,
    0x01, 0x03, 0x02, 0x02, 0x02, 0x01, 0x30, 0x00, 0x01, 0x01, 0x02, 0x02, 0x02, 0x03, 0x01, 0x04,
    0x03, 0x05, 0x04, 0x06, 0x04, 0x07, 0x02, 0x09, 0x01, 0x0A, 0x02, 0x0B, 0x01, 0x0A, 0x02, 0x0C,
    0x01, 0x0B, 0x01, 0x0C, 0x01, 0x0B, 0x01, 0x09, 0x02, 0x0A, 0x02, 0x09, 0x03, 0x07, 0x02, 0x06,
    0x04, 0x05, 0x01, 0x04, 0x01, 0x03, 0x02, 0x02, 0x02, 0x01, 0x30, 0x00, 0x02, 0x01, 0x01, 0x02,
    0x01, 0x03, 0x02, 0x04, 0x04, 0x05, 0x03, 0x06, 0x03, 0x07, 0x02, 0x09, 0x02, 0x0A, 0x01, 0x0C,
    0x02, 0x0B, 0x02, 0x0D, 0x02, 0x0C, 0x01, 0x0B, 0x03, 0x0A, 0x01, 0x09, 0x03, 0x07, 0x02, 0x06,
    0x05, 0x05, 0x01, 0x04, 0x01, 0x03, 0x01, 0x02, 0x03, 0x01, 0x2F, 0x00, 0x02, 0x01, 0x02, 0x02,
    0x01, 0x03, 0x01, 0x04, 0x05, 0x05, 0x02, 0x06, 0x04, 0x07, 0x01, 0x09, 0x02, 0x0A, 0x01, 0x0B,
    0x01, 0x0D, 0x01, 0x0A, 0x01, 0x0C, 0x03, 0x0D, 0x01, 0x0C, 0x01, 0x0A, 0x01, 0x0B, 0x01, 0x0A,
    0x02, 0x09, 0x03, 0x07, 0x02, 0x06, 0x05, 0x05, 0x01, 0x04, 0x01, 0x03, 0x01, 0x02, 0x02, 0x01,
    0x30, 0x00, 0x02, 0x01, 0x02, 0x02, 0x01, 0x03, 0x01, 0x04, 0x05, 0x05, 0x02, 0x06, 0x04, 0x07,
    0x01, 0x09, 0x02, 0x0A, 0x02, 0x0C, 0x01, 0x0A, 0x05, 0x0D, 0x01, 0x0A, 0x01, 0x0B, 0x01, 0x0A,
    0x02, 0x09, 0x03, 0x07, 0x02, 0x06, 0x05, 0x05, 0x01, 0x04, 0x02, 0x02, 0x02, 0x01, 0x30, 0x00,
    0x02, 0x01, 0x01, 0x02, 0x02, 0x03, 0x01, 0x04, 0x05, 0x05, 0x02, 0x06, 0x04, 0x07, 0x01, 0x09,
    0x02, 0x0A, 0x01, 0x0D, 0x02, 0x0B, 0x04, 0x0D, 0x01, 0x0C, 0x03, 0x0A, 0x01, 0x09, 0x03, 0x07,
    0x02, 0x06, 0x05, 0x05, 0x02, 0x04, 0x02, 0x02, 0x02, 0x01, 0x2F, 0x00, 0x02, 0x01, 0x02, 0x02,
    0x02, 0x03, 0x01, 0x04, 0x04, 0x05, 0x03, 0x06, 0x03, 0x07, 0x02, 0x09, 0x01, 0x0A, 0x01, 0x0B,
    0x01, 0x0D, 0x01, 0x0A, 0x01, 0x0C, 0x04, 0x0D, 0x01, 0x0C, 0x02, 0x0A, 0x02, 0x09, 0x03, 0x07,
    0x02, 0x06, 0x04, 0x05, 0x02, 0x04, 0x01, 0x03, 0x02, 0x02, 0x02, 0x01, 0x2F, 0x00, 0x02, 0x01,
    0x02, 0x02, 0x01, 0x03, 0x01, 0x04, 0x05, 0x05, 0x03, 0x06, 0x03, 0x07, 0x01, 0x09, 0x01, 0x0A,
    0x01, 0x0B, 0x01, 0x0C, 0x02, 0x0B, 0x05, 0x0D, 0x01, 0x0C, 0x02, 0x0A, 0x02, 0x09, 0x02, 0x07,
    0x03, 0x06, 0x04, 0x05, 0x02, 0x04, 0x01, 0x03, 0x01, 0x02, 0x03, 0x01, 0x2F, 0x00, 0x02, 0x01,
    0x02, 0x02, 0x01, 0x03, 0x01, 0x04, 0x05, 0x05, 0x02, 0x06, 0x03, 0x07, 0x02, 0x09, 0x01, 0x0A,
    0x01, 0x0B, 0x01, 0x0D, 0x01, 0x0A, 0x01, 0x0C, 0x05, 0x0D, 0x01, 0x0B, 0x02, 0x0A, 0x01, 0x09,
    0x02, 0x07, 0x03, 0x06, 0x04, 0x05, 0x03, 0x04, 0x01, 0x03, 0x01, 0x02, 0x02, 0x01, 0x2F, 0x00,
    0x02, 0x01, 0x02, 0x02, 0x02, 0x03, 0x06, 0x05, 0x02, 0x06, 0x03, 0x07, 0x01, 0x08, 0x01, 0x09,
    0x01, 0x0A, 0x01, 0x0C, 0x01, 0x0B, 0x01, 0x0A, 0x01, 0x0C, 0x05, 0x0D, 0x03, 0x0A, 0x01, 0x09,
    0x02, 0x07, 0x03, 0x06, 0x04, 0x05, 0x03, 0x04, 0x02, 0x02, 0x02, 0x01, 0x2F, 0x00, 0x02, 0x01,
    0x02, 0x02, 0x01, 0x03, 0x01, 0x04, 0x05, 0x05, 0x03, 0x06, 0x03, 0x07, 0x01, 0x09, 0x01, 0x0A,
    0x02, 0x0B, 0x01, 0x0A, 0x01, 0x0D, 0x01, 0x0B, 0x04, 0x0C, 0x01, 0x0B, 0x02, 0x0A, 0x02, 0x09,
    0x02, 0x07, 0x02, 0x06, 0x01, 0x05, 0x01, 0x06, 0x03, 0x05, 0x02, 0x04, 0x01, 0x03, 0x02, 0x02,
    0x02, 0x01, 0x2F, 0x00, 0x01, 0x01, 0x02, 0x02, 0x02, 0x03, 0x01, 0x04, 0x05, 0x05, 0x03, 0x06,
    0x02, 0x07, 0x02, 0x09, 0x01, 0x0A, 0x01, 0x0B, 0x01, 0x0A, 0x01, 0x0C, 0x01, 0x0D, 0x01, 0x0B,
    0x04, 0x0C, 0x01, 0x0B, 0x02, 0x0A, 0x01, 0x09, 0x02, 0x07, 0x03, 0x06, 0x05, 0x05, 0x02, 0x04,
    0x01, 0x03, 0x02, 0x02, 0x02, 0x01, 0x2E, 0x00, 0x02, 0x01, 0x02, 0x02, 0x01, 0x03, 0x01, 0x04,
    0x06, 0x05, 0x03, 0x06, 0x02, 0x07, 0x01, 0x09, 0x03, 0x0A, 0x01, 0x0C, 0x01, 0x0D, 0x01, 0x0B,
    0x01, 0x0C, 0x03, 0x0D, 0x01, 0x0C, 0x02, 0x0A, 0x02, 0x09, 0x02, 0x07, 0x02, 0x06, 0x04, 0x05,
    0x04, 0x04, 0x01, 0x03, 0x01, 0x02, 0x02, 0x01, 0x2F, 0x00, 0x02, 0x01, 0x02, 0x02, 0x01, 0x03,
    0x01, 0x04, 0x06, 0x05, 0x02, 0x06, 0x03, 0x07, 0x01, 0x09, 0x02, 0x0A, 0x01, 0x0C, 0x01, 0x0D,
    0x01, 0x0C, 0x01, 0x0B, 0x04, 0x0D, 0x01, 0x0B, 0x02, 0x0A, 0x02, 0x09, 0x01, 0x07, 0x03, 0x06,
    0x04, 0x05, 0x03, 0x04, 0x01, 0x03, 0x02, 0x02, 0x02, 0x01, 0x2F, 0x00, 0x01, 0x01, 0x02, 0x02,
    0x02, 0x03, 0x01, 0x04, 0x06, 0x05, 0x02, 0x06, 0x03, 0x07, 0x01, 0x09, 0x01, 0x0A, 0x01, 0x0B,
    0x02, 0x0D, 0x02, 0x0C, 0x03, 0x0D, 0x01, 0x0C, 0x01, 0x0A, 0x01, 0x0B, 0x01, 0x0A, 0x01, 0x09,
    0x02, 0x07, 0x03, 0x06, 0x05, 0x05, 0x02, 0x04, 0x01, 0x03, 0x02, 0x02, 0x02, 0x01, 0x2E, 0x00,
    0x02, 0x01, 0x02, 0x02, 0x01, 0x03, 0x02, 0x04, 0x01, 0x06, 0x05, 0x05, 0x02, 0x06, 0x01, 0x08,
    0x01, 0x07, 0x02, 0x09, 0x01, 0x0A, 0x01, 0x0B, 0x02, 0x0C, 0x01, 0x0B, 0x04, 0x0D, 0x01, 0x0A,
    0x02, 0x0B, 0x01, 0x0A, 0x01, 0x09, 0x03, 0x07, 0x03, 0x06, 0x03, 0x05, 0x03, 0x04, 0x01, 0x03,
    0x01, 0x02, 0x02, 0x01, 0x2F, 0x00, 0x02, 0x01, 0x02, 0x02, 0x01, 0x03, 0x02, 0x04, 0x02, 0x06,
    0x03, 0x05, 0x03, 0x06, 0x01, 0x08, 0x01, 0x07, 0x01, 0x09, 0x02, 0x0A, 0x01, 0x09, 0x01, 0x0A,
    0x03, 0x0C, 0x02, 0x0D, 0x01, 0x0B, 0x01, 0x0A, 0x01, 0x0B, 0x01, 0x0A, 0x01, 0x09, 0x03, 0x07,
    0x03, 0x06, 0x04, 0x05, 0x02, 0x04, 0x01, 0x03, 0x02, 0x02, 0x02, 0x01, 0x2F, 0x00, 0x02, 0x01,
    0x01, 0x02, 0x02, 0x03, 0x02, 0x04, 0x02, 0x06, 0x03, 0x05, 0x02, 0x06, 0x03, 0x07, 0x01, 0x09,
    0x02, 0x0A, 0x01, 0x0B, 0x02, 0x0A, 0x01, 0x0B, 0x01, 0x0C, 0x01, 0x0D, 0x01, 0x0C, 0x01, 0x0A,
    0x01, 0x0C, 0x01, 0x0B, 0x01, 0x0A, 0x01, 0x09, 0x03, 0x07, 0x02, 0x06, 0x04, 0x05, 0x03, 0x04,
    0x01, 0x03, 0x02, 0x02, 0x02, 0x01, 0x2E, 0x00, 0x02, 0x01, 0x02, 0x02, 0x01, 0x03, 0x03, 0x04,
    0x02, 0x06, 0x03, 0x05, 0x02, 0x06, 0x01, 0x08, 0x02, 0x07, 0x01, 0x09, 0x01, 0x0A, 0x01, 0x0B,
    0x01, 0x0A, 0x02, 0x0B, 0x02, 0x0A, 0x01, 0x0C, 0x01, 0x0A, 0x01, 0x0B, 0x01, 0x0C, 0x01, 0x0A,
    0x02, 0x09, 0x02, 0x07, 0x02, 0x06, 0x06, 0x05, 0x02, 0x04, 0x01, 0x03, 0x02, 0x02, 0x01, 0x01,
    0x2F, 0x00, 0x02, 0x01, 0x02, 0x02, 0x01, 0x03, 0x03, 0x04, 0x03, 0x05, 0x04, 0x06, 0x02, 0x07,
    0x01, 0x09, 0x01, 0x0A, 0x01, 0x0B, 0x01, 0x0D, 0x01, 0x0C, 0x01, 0x0B, 0x01, 0x0A, 0x01, 0x0B,
    0x02, 0x0A, 0x01, 0x0B, 0x01, 0x0D, 0x01, 0x0B, 0x01, 0x0A, 0x01, 0x09, 0x03, 0x07, 0x02, 0x06,
    0x06, 0x05, 0x01, 0x04, 0x01, 0x03, 0x02, 0x02, 0x02, 0x01, 0x2F, 0x00, 0x02, 0x01, 0x01, 0x02,
    0x02, 0x03, 0x04, 0x04, 0x02, 0x05, 0x03, 0x06, 0x03, 0x07, 0x01, 0x09, 0x01, 0x0A, 0x01, 0x0B,
    0x03, 0x0D, 0x03, 0x0B, 0x02, 0x0A, 0x01, 0x0B, 0x01, 0x0A, 0x02, 0x09, 0x02, 0x07, 0x02, 0x06,
    0x06, 0x05, 0x02, 0x04, 0x01, 0x03, 0x02, 0x02, 0x02, 0x01, 0x2E, 0x00, 0x02, 0x01, 0x02, 0x02,
    0x01, 0x03, 0x03, 0x04, 0x04, 0x05, 0x03, 0x06, 0x02, 0x07, 0x02, 0x09, 0x01, 0x0A, 0x01, 0x0C,
    0x04, 0x0D, 0x01, 0x0B, 0x01, 0x09, 0x02, 0x0B, 0x03, 0x0A, 0x01, 0x09, 0x02, 0x07, 0x02, 0x06,
    0x06, 0x05, 0x02, 0x04, 0x01, 0x03, 0x02, 0x02, 0x01, 0x01, 0x2F, 0x00, 0x02, 0x01, 0x02, 0x02,
    0x01, 0x03, 0x03, 0x04, 0x01, 0x05, 0x02, 0x06, 0x02, 0x05, 0x02, 0x06, 0x02, 0x07, 0x02, 0x09,
    0x01, 0x0B, 0x04, 0x0D, 0x03, 0x0B, 0x01, 0x0A, 0x02, 0x0B, 0x01, 0x0A, 0x02, 0x09, 0x02, 0x07,
    0x02, 0x06, 0x05, 0x05, 0x02, 0x04, 0x01, 0x03, 0x02, 0x02, 0x02, 0x01, 0x2F, 0x00, 0x02, 0x01,
    0x01, 0x02, 0x02, 0x03, 0x03, 0x04, 0x01, 0x05, 0x02, 0x06, 0x01, 0x05, 0x03, 0x06, 0x02, 0x07,
    0x01, 0x09, 0x02, 0x0A, 0x01, 0x0C, 0x01, 0x0D, 0x01, 0x0C, 0x01, 0x0A, 0x01, 0x0B, 0x03, 0x0C,
    0x01, 0x0A, 0x01, 0x0B, 0x01, 0x0A, 0x01, 0x09, 0x03, 0x07, 0x02, 0x06, 0x05, 0x05, 0x02, 0x04,
    0x01, 0x03, 0x02, 0x02, 0x02, 0x01, 0x2F, 0x00, 0x01, 0x01, 0x02, 0x02, 0x02, 0x03, 0x01, 0x04,
    0x03, 0x05, 0x01, 0x07, 0x01, 0x06, 0x01, 0x05, 0x02, 0x06, 0x02, 0x07, 0x02, 0x09, 0x01, 0x0A,
    0x01, 0x0B, 0x01, 0x0A, 0x01, 0x0B, 0x01, 0x0A, 0x01, 0x0B, 0x02, 0x0C, 0x02, 0x0D, 0x01, 0x0B,
    0x02, 0x0A, 0x01, 0x09, 0x02, 0x07, 0x02, 0x06, 0x06, 0x05, 0x02, 0x04, 0x01, 0x03, 0x02, 0x02,
    0x02, 0x01, 0x2E, 0x00, 0x02, 0x01, 0x02, 0x02, 0x01, 0x03, 0x02, 0x04, 0x03, 0x05, 0x01, 0x07,
    0x01, 0x06, 0x01, 0x05, 0x02, 0x06, 0x02, 0x07, 0x01, 0x09, 0x01, 0x0A, 0x01, 0x0B, 0x01, 0x0C,
    0x03, 0x0A, 0x01, 0x0B, 0x01, 0x0C, 0x01, 0x0B, 0x02, 0x0D, 0x01, 0x0B, 0x01, 0x0A, 0x02, 0x09,
    0x01, 0x07, 0x03, 0x06, 0x05, 0x05, 0x02, 0x04, 0x01, 0x03, 0x02, 0x02, 0x02, 0x01, 0x2F, 0x00,
    0x02, 0x01, 0x02, 0x02, 0x01, 0x03, 0x03, 0x04, 0x02, 0x05, 0x02, 0x07, 0x02, 0x06, 0x02, 0x07,
    0x02, 0x09, 0x03, 0x0A, 0x01, 0x0B, 0x02, 0x0C, 0x01, 0x0A, 0x01, 0x0B, 0x02, 0x0C, 0x01, 0x0D,
    0x01, 0x0B, 0x01, 0x0A, 0x01, 0x09, 0x02, 0x07, 0x03, 0x06, 0x05, 0x05, 0x02, 0x04, 0x01, 0x03,
    0x02, 0x02, 0x02, 0x01, 0x2E, 0x00, 0x02, 0x01, 0x02, 0x02, 0x01, 0x03, 0x03, 0x04, 0x03, 0x05,
    0x01, 0x07, 0x03, 0x06, 0x02, 0x07, 0x01, 0x09, 0x03, 0x0A, 0x01, 0x0B, 0x03, 0x0D, 0x01, 0x0C,
    0x01, 0x0A, 0x03, 0x0B, 0x01, 0x0A, 0x02, 0x09, 0x02, 0x07, 0x03, 0x06, 0x04, 0x05, 0x03, 0x04,
    0x01, 0x03, 0x02, 0x02, 0x02, 0x01, 0x2E, 0x00, 0x02, 0x01, 0x02, 0x02, 0x01, 0x03, 0x03, 0x04,
    0x03, 0x05, 0x01, 0x07, 0x03, 0x06, 0x02, 0x08, 0x01, 0x09, 0x03, 0x0A, 0x06, 0x0D, 0x01, 0x0B,
    0x03, 0x0A, 0x02, 0x09, 0x02, 0x07, 0x02, 0x06, 0x05, 0x05, 0x02, 0x04, 0x01, 0x03, 0x02, 0x02,
    0x02, 0x01, 0x2F, 0x00, 0x02, 0x01, 0x02, 0x02, 0x01, 0x03, 0x01, 0x04, 0x05, 0x05, 0x01, 0x07,
    0x02, 0x06, 0x03, 0x07, 0x01, 0x09, 0x03, 0x0A, 0x06, 0x0D, 0x01, 0x0B, 0x01, 0x09, 0x01, 0x0A,
    0x02, 0x09, 0x03, 0x07, 0x02, 0x06, 0x04, 0x05, 0x03, 0x04, 0x01, 0x03, 0x02, 0x02, 0x02, 0x01,
    0x2F, 0x00, 0x01, 0x01, 0x02, 0x02, 0x01, 0x03, 0x01, 0x04, 0x06, 0x05, 0x01, 0x07, 0x02, 0x06,
    0x02, 0x07, 0x02, 0x09, 0x01, 0x0A, 0x01, 0x0B, 0x01, 0x0A, 0x04, 0x0D, 0x01, 0x0C, 0x04, 0x0A,
    0x02, 0x09, 0x02, 0x07, 0x02, 0x06, 0x05, 0x05, 0x03, 0x04, 0x01, 0x03, 0x02, 0x02, 0x02, 0x01,
    0x2E, 0x00, 0x02, 0x01, 0x02, 0x02, 0x01, 0x03, 0x01, 0x04, 0x02, 0x05, 0x01, 0x04, 0x03, 0x05,
    0x05, 0x07, 0x01, 0x09, 0x01, 0x0A, 0x02, 0x0B, 0x01, 0x0A, 0x03, 0x0D, 0x01, 0x0B, 0x01, 0x0A,
    0x01, 0x0B, 0x01, 0x0C, 0x01, 0x0B, 0x01, 0x0A, 0x01, 0x09, 0x03, 0x07, 0x03, 0x06, 0x03, 0x05,
    0x03, 0x04, 0x01, 0x03, 0x02, 0x02, 0x02, 0x01, 0x2F, 0x00, 0x02, 0x01, 0x02, 0x02, 0x01, 0x03,
    0x01, 0x04, 0x06, 0x05, 0x01, 0x06, 0x03, 0x07, 0x02, 0x09, 0x01, 0x0A, 0x02, 0x0C, 0x01, 0x0A,
    0x02, 0x0C, 0x02, 0x0A, 0x01, 0x0C, 0x01, 0x0D, 0x01, 0x0C, 0x02, 0x0A, 0x01, 0x09, 0x02, 0x07,
    0x04, 0x06, 0x03, 0x05, 0x03, 0x04, 0x01, 0x03, 0x02, 0x02, 0x02, 0x01, 0x2F, 0x00, 0x02, 0x01,
    0x01, 0x02, 0x02, 0x03, 0x01, 0x04, 0x06, 0x05, 0x02, 0x06, 0x02, 0x07, 0x01, 0x09, 0x02, 0x0A,
    0x02, 0x0C, 0x03, 0x0A, 0x01, 0x0B, 0x03, 0x0D, 0x01, 0x0B, 0x02, 0x0A, 0x01, 0x08, 0x02, 0x07,
    0x02, 0x06, 0x05, 0x05, 0x03, 0x04, 0x01, 0x03, 0x02, 0x02, 0x02, 0x01, 0x2E, 0x00, 0x02, 0x01,
    0x02, 0x02, 0x01, 0x03, 0x02, 0x04, 0x01, 0x06, 0x04, 0x05, 0x01, 0x06, 0x04, 0x07, 0x01, 0x09,
    0x01, 0x0A, 0x02, 0x0B, 0x02, 0x0A, 0x02, 0x0B, 0x04, 0x0C, 0x02, 0x0A, 0x01, 0x09, 0x02, 0x07,
    0x03, 0x06, 0x05, 0x05, 0x02, 0x04, 0x01, 0x03, 0x02, 0x02, 0x02, 0x01, 0x2F, 0x00, 0x02, 0x01,
    0x02, 0x02, 0x01, 0x03, 0x02, 0x04, 0x01, 0x06, 0x04, 0x05, 0x01, 0x06, 0x03, 0x07, 0x01, 0x08,
    0x01, 0x09, 0x02, 0x0A, 0x02, 0x0B, 0x01, 0x0A, 0x02, 0x0C, 0x01, 0x0D, 0x01, 0x0C, 0x01, 0x0D,
    0x01, 0x0C, 0x01, 0x0A, 0x02, 0x09, 0x01, 0x07, 0x01, 0x08, 0x02, 0x06, 0x05, 0x05, 0x03, 0x04,
    0x01, 0x03, 0x02, 0x02, 0x02, 0x01, 0x2F, 0x00, 0x02, 0x01, 0x02, 0x02, 0x01, 0x03, 0x02, 0x04,
    0x05, 0x05, 0x01, 0x06, 0x03, 0x07, 0x01, 0x09, 0x02, 0x0A, 0x01, 0x0C, 0x01, 0x0D, 0x01, 0x0C,
    0x01, 0x0A, 0x01, 0x0C, 0x04, 0x0D, 0x01, 0x0C, 0x01, 0x0A, 0x02, 0x09, 0x02, 0x07, 0x02, 0x06,
    0x04, 0x05, 0x04, 0x04, 0x01, 0x03, 0x02, 0x02, 0x01, 0x01, 0x30, 0x00, 0x01, 0x01, 0x02, 0x02,
    0x01, 0x03, 0x02, 0x04, 0x05, 0x05, 0x02, 0x06, 0x03, 0x07, 0x01, 0x09, 0x01, 0x0A, 0x01, 0x0B,
    0x02, 0x0D, 0x01, 0x0B, 0x01, 0x0A, 0x05, 0x0D, 0x01, 0x0B, 0x01, 0x0A, 0x01, 0x09, 0x03, 0x07,
    0x02, 0x06, 0x04, 0x05, 0x03, 0x04, 0x01, 0x03, 0x02, 0x02, 0x02, 0x01, 0x2F, 0x00, 0x02, 0x01,
    0x02, 0x02, 0x01, 0x03, 0x02, 0x04, 0x01, 0x05, 0x01, 0x06, 0x03, 0x05, 0x02, 0x06, 0x01, 0x07,
    0x01, 0x09, 0x01, 0x07, 0x01, 0x09, 0x01, 0x0A, 0x01, 0x0B, 0x02, 0x0D, 0x01, 0x0B, 0x01, 0x0A,
    0x04, 0x0D, 0x01, 0x0C, 0x02, 0x0A, 0x01, 0x09, 0x02, 0x07, 0x03, 0x06, 0x04, 0x05, 0x03, 0x04,
    0x01, 0x03, 0x02, 0x02, 0x02, 0x01, 0x2F, 0x00, 0x02, 0x01, 0x02, 0x02, 0x01, 0x03, 0x01, 0x04,
    0x02, 0x05, 0x01, 0x06, 0x02, 0x05, 0x03, 0x06, 0x01, 0x07, 0x03, 0x09, 0x01, 0x0A, 0x01, 0x0B,
    0x02, 0x0C, 0x01, 0x0B, 0x01, 0x0A, 0x04, 0x0D, 0x01, 0x0B, 0x02, 0x0A, 0x01, 0x09, 0x02, 0x07,
    0x03, 0x06, 0x04, 0x05, 0x02, 0x04, 0x02, 0x03, 0x02, 0x02, 0x01, 0x01, 0x30, 0x00, 0x02, 0x01,
    0x01, 0x02, 0x02, 0x03, 0x02, 0x04, 0x01, 0x05, 0x01, 0x07, 0x02, 0x05, 0x02, 0x06, 0x02, 0x07,
    0x03, 0x09, 0x01, 0x0B, 0x03, 0x0D, 0x01, 0x0B, 0x01, 0x0A, 0x03, 0x0D, 0x01, 0x0C, 0x01, 0x0B,
    0x01, 0x0A, 0x01, 0x09, 0x02, 0x07, 0x03, 0x06, 0x04, 0x05, 0x03, 0x04, 0x01, 0x03, 0x02, 0x02,
    0x02, 0x01, 0x2F, 0x00, 0x02, 0x01, 0x02, 0x02, 0x01, 0x03, 0x03, 0x04, 0x01, 0x05, 0x01, 0x07,
    0x02, 0x05, 0x03, 0x06, 0x03, 0x09, 0x01, 0x0A, 0x01, 0x0C, 0x03, 0x0D, 0x01, 0x0B, 0x01, 0x0A,
    0x03, 0x0D, 0x01, 0x0B, 0x02, 0x0A, 0x01, 0x09, 0x02, 0x07, 0x03, 0x06, 0x05, 0x05, 0x02, 0x04,
    0x01, 0x03, 0x02, 0x02, 0x02, 0x01, 0x2F, 0x00, 0x02, 0x01, 0x02, 0x02, 0x01, 0x03, 0x03, 0x04,
    0x01, 0x05, 0x02, 0x06, 0x01, 0x05, 0x02, 0x06, 0x01, 0x07, 0x03, 0x09, 0x01, 0x0A, 0x01, 0x0C,
    0x03, 0x0D, 0x01, 0x0B, 0x01, 0x0A, 0x01, 0x0C, 0x01, 0x0D, 0x01, 0x0C, 0x01, 0x0B, 0x02, 0x0A,
    0x03, 0x07, 0x02, 0x06, 0x06, 0x05, 0x01, 0x04, 0x02, 0x03, 0x01, 0x02, 0x02, 0x01, 0x30, 0x00,
    0x02, 0x01, 0x02, 0x02, 0x01, 0x03, 0x01, 0x04, 0x03, 0x05, 0x04, 0x06, 0x02, 0x07, 0x02, 0x09,
    0x01, 0x0A, 0x01, 0x0B, 0x01, 0x0C, 0x03, 0x0D, 0x01, 0x0B, 0x01, 0x0A, 0x01, 0x0B, 0x01, 0x0C,
    0x01, 0x0B, 0x02, 0x0A, 0x01, 0x09, 0x03, 0x07, 0x02, 0x06, 0x05, 0x05, 0x02, 0x04, 0x01, 0x03,
    0x02, 0x02, 0x02, 0x01, 0x30, 0x00, 0x01, 0x01, 0x02, 0x02, 0x01, 0x03, 0x02, 0x04, 0x03, 0x05,
    0x04, 0x06, 0x03, 0x07, 0x01, 0x09, 0x0C, 0x0A, 0x02, 0x09, 0x02, 0x07, 0x02, 0x06, 0x06, 0x05,
    0x02, 0x04, 0x01, 0x03, 0x02, 0x02, 0x02, 0x01, 0x2F, 0x00, 0x02, 0x01, 0x02, 0x02, 0x01, 0x03,
    0x02, 0x04, 0x03, 0x05, 0x04, 0x06, 0x02, 0x07, 0x02, 0x09, 0x01, 0x0A, 0x05, 0x0B, 0x02, 0x0A,
    0x02, 0x0B, 0x02, 0x0A, 0x02, 0x09, 0x02, 0x07, 0x02, 0x06, 0x06, 0x05, 0x01, 0x04, 0x02, 0x03,
    0x01, 0x02, 0x02, 0x01, 0x30, 0x00, 0x02, 0x01, 0x02, 0x02, 0x01, 0x03, 0x02, 0x04, 0x03, 0x05,
    0x01, 0x07, 0x03, 0x06, 0x02, 0x07, 0x01, 0x0A, 0x01, 0x09, 0x01, 0x0B, 0x05, 0x0D, 0x01, 0x0B,
    0x01, 0x0A, 0x01, 0x0C, 0x02, 0x0B, 0x01, 0x0A, 0x01, 0x09, 0x03, 0x07, 0x02, 0x06, 0x05, 0x05,
    0x02, 0x04, 0x01, 0x03, 0x02, 0x02, 0x02, 0x01, 0x2F, 0x00, 0x03, 0x01, 0x01, 0x02, 0x02, 0x03,
    0x01, 0x04, 0x03, 0x05, 0x01, 0x06, 0x01, 0x07, 0x02, 0x06, 0x02, 0x07, 0x01, 0x09, 0x02, 0x0A,
    0x01, 0x0B, 0x05, 0x0D, 0x01, 0x0B, 0x01, 0x0A, 0x01, 0x0B, 0x01, 0x0A, 0x01, 0x0B, 0x02, 0x09,
    0x03, 0x07, 0x02, 0x06, 0x05, 0x05, 0x02, 0x04, 0x01, 0x03, 0x02, 0x02, 0x02, 0x01, 0x2F, 0x00,
    0x02, 0x01, 0x02, 0x02, 0x01, 0x03, 0x02, 0x04, 0x03, 0x05, 0x01, 0x06, 0x01, 0x07, 0x02, 0x06,
    0x02, 0x07, 0x01, 0x09, 0x01, 0x0A, 0x01, 0x0B, 0x01, 0x0C, 0x01, 0x0B, 0x04, 0x0C, 0x01, 0x0B,
    0x02, 0x0A, 0x01, 0x0B, 0x01, 0x0A, 0x02, 0x09, 0x02, 0x07, 0x03, 0x06, 0x05, 0x05, 0x01, 0x04,
    0x01, 0x03, 0x02, 0x02, 0x02, 0x01, 0x30, 0x00, 0x02, 0x01, 0x02, 0x02, 0x01, 0x03, 0x01, 0x04,
    0x04, 0x05, 0x01, 0x06, 0x01, 0x07, 0x02, 0x06, 0x02, 0x07, 0x01, 0x09, 0x01, 0x0A, 0x01, 0x0B,
    0x06, 0x0C, 0x01, 0x0B, 0x01, 0x0A, 0x02, 0x0B, 0x01, 0x0A, 0x01, 0x09, 0x02, 0x07, 0x03, 0x06,
    0x05, 0x05, 0x02, 0x04, 0x01, 0x03, 0x02, 0x02, 0x02, 0x01, 0x30, 0x00, 0x02, 0x01, 0x02, 0x02,
    0x01, 0x03, 0x03, 0x04, 0x02, 0x05, 0x01, 0x06, 0x01, 0x07, 0x01, 0x06, 0x02, 0x07, 0x02, 0x09,
    0x01, 0x0A, 0x02, 0x0C, 0x05, 0x0D, 0x01, 0x0C, 0x01, 0x09, 0x01, 0x0C, 0x01, 0x0B, 0x01, 0x0A,
    0x01, 0x09, 0x02, 0x07, 0x03, 0x06, 0x05, 0x05, 0x02, 0x04, 0x01, 0x03, 0x02, 0x02, 0x02, 0x01,
    0x2F, 0x00, 0x02, 0x01, 0x02, 0x02, 0x02, 0x03, 0x02, 0x04, 0x03, 0x05, 0x01, 0x06, 0x04, 0x07,
    0x02, 0x09, 0x01, 0x0B, 0x02, 0x0C, 0x05, 0x0D, 0x01, 0x0B, 0x01, 0x0A, 0x01, 0x0B, 0x01, 0x0A,
    0x02, 0x09, 0x02, 0x07, 0x02, 0x06, 0x04, 0x05, 0x03, 0x04, 0x01, 0x03, 0x02, 0x02, 0x02, 0x01,
    0x30, 0x00, 0x02, 0x01, 0x02, 0x02, 0x01, 0x03, 0x02, 0x04, 0x04, 0x05, 0x01, 0x06, 0x04, 0x07,
    0x01, 0x09, 0x01, 0x0A, 0x02, 0x0B, 0x06, 0x0D, 0x01, 0x0B, 0x03, 0x0A, 0x01, 0x09, 0x02, 0x07,
    0x03, 0x06, 0x04, 0x05, 0x03, 0x04, 0x01, 0x03, 0x02, 0x02, 0x02, 0x01, 0x30, 0x00, 0x02, 0x01,
    0x02, 0x02, 0x01, 0x03, 0x02, 0x04, 0x04, 0x05, 0x01, 0x06, 0x04, 0x07, 0x01, 0x09, 0x01, 0x0A,
    0x01, 0x0B, 0x01, 0x0C, 0x05, 0x0D, 0x01, 0x0C, 0x03, 0x0A, 0x02, 0x09, 0x03, 0x07, 0x02, 0x06,
    0x04, 0x05, 0x03, 0x04, 0x01, 0x03, 0x02, 0x02, 0x02, 0x01, 0x2F, 0x00, 0x02, 0x01, 0x02, 0x02,
    0x02, 0x03, 0x02, 0x04, 0x04, 0x05, 0x01, 0x06, 0x03, 0x07, 0x02, 0x09, 0x01, 0x0A, 0x02, 0x0C,
    0x05, 0x0D, 0x01, 0x0B, 0x03, 0x0A, 0x02, 0x09, 0x02, 0x07, 0x03, 0x06, 0x04, 0x05, 0x02, 0x04,
    0x01, 0x03, 0x02, 0x02, 0x02, 0x01, 0x30, 0x00, 0x02, 0x01, 0x02, 0x02, 0x01, 0x03, 0x02, 0x04,
    0x05, 0x05, 0x01, 0x06, 0x03, 0x07, 0x01, 0x09, 0x01, 0x0A, 0x01, 0x0B, 0x01, 0x0D, 0x01, 0x0B,
    0x01, 0x0C, 0x03, 0x0D, 0x01, 0x0B, 0x01, 0x0A, 0x01, 0x0C, 0x01, 0x0A, 0x02, 0x09, 0x02, 0x08,
    0x03, 0x06, 0x04, 0x05, 0x03, 0x04, 0x01, 0x03, 0x02, 0x02, 0x02, 0x01, 0x30, 0x00, 0x02, 0x01,
    0x02, 0x02, 0x01, 0x03, 0x01, 0x04, 0x01, 0x05, 0x01, 0x04, 0x04, 0x05, 0x01, 0x06, 0x02, 0x07,
    0x02, 0x09, 0x01, 0x0A, 0x01, 0x0C, 0x01, 0x0D, 0x01, 0x0C, 0x01, 0x0B, 0x03, 0x0D, 0x01, 0x0A,
    0x02, 0x0C, 0x02, 0x0A, 0x01, 0x09, 0x02, 0x07, 0x03, 0x06, 0x03, 0x05, 0x04, 0x04, 0x01, 0x03,
    0x02, 0x02, 0x02, 0x01, 0x2F, 0x00, 0x02, 0x01, 0x03, 0x02, 0x01, 0x03, 0x01, 0x04, 0x05, 0x05,
    0x01, 0x06, 0x03, 0x07, 0x01, 0x09, 0x01, 0x0A, 0x01, 0x0B, 0x01, 0x0C, 0x02, 0x0D, 0x02, 0x0C,
    0x01, 0x0D, 0x01, 0x0C, 0x01, 0x0A, 0x01, 0x0D, 0x01, 0x0B, 0x01, 0x09, 0x01, 0x0A, 0x01, 0x09,
    0x01, 0x07, 0x03, 0x06, 0x04, 0x05, 0x03, 0x04, 0x01, 0x03, 0x02, 0x02, 0x02, 0x01, 0x30, 0x00,
    0x02, 0x01, 0x02, 0x02, 0x01, 0x03, 0x02, 0x04, 0x04, 0x05, 0x02, 0x06, 0x01, 0x07, 0x03, 0x09,
    0x01, 0x0A, 0x01, 0x0B, 0x03, 0x0D, 0x01, 0x0C, 0x01, 0x0B, 0x01, 0x0C, 0x01, 0x0A, 0x01, 0x0B,
    0x01, 0x0C, 0x02, 0x0A, 0x01, 0x09, 0x02, 0x07, 0x02, 0x06, 0x06, 0x05, 0x02, 0x04, 0x01, 0x03,
    0x02, 0x02, 0x02, 0x01, 0x30, 0x00, 0x02, 0x01, 0x02, 0x02, 0x01, 0x03, 0x02, 0x04, 0x05, 0x05,
    0x01, 0x06, 0x01, 0x07, 0x03, 0x09, 0x01, 0x0A, 0x01, 0x0C, 0x03, 0x0D, 0x01, 0x0B, 0x02, 0x0C,
    0x01, 0x0A, 0x01, 0x0D, 0x01, 0x0C, 0x01, 0x0A, 0x02, 0x09, 0x02, 0x07, 0x02, 0x06, 0x05, 0x05,
    0x02, 0x04, 0x01, 0x03, 0x02, 0x02, 0x02, 0x01, 0x30, 0x00, 0x02, 0x01, 0x03, 0x02, 0x01, 0x03,
    0x01, 0x04, 0x05, 0x05, 0x02, 0x06, 0x01, 0x07, 0x02, 0x09, 0x01, 0x0A, 0x01, 0x0B, 0x03, 0x0D,
    0x01, 0x0C, 0x01, 0x0B, 0x01, 0x0D, 0x01, 0x0A, 0x01, 0x0B, 0x01, 0x0D, 0x01, 0x0C, 0x01, 0x0A,
    0x01, 0x09, 0x01, 0x07, 0x01, 0x08, 0x02, 0x06, 0x05, 0x05, 0x03, 0x04, 0x01, 0x03, 0x02, 0x02,
    0x02, 0x01, 0x30, 0x00, 0x02, 0x01, 0x02, 0x02, 0x01, 0x03, 0x02, 0x04, 0x05, 0x05, 0x02, 0x06,
    0x01, 0x07, 0x02, 0x09, 0x01, 0x0A, 0x01, 0x0B, 0x03, 0x0D, 0x01, 0x0B, 0x01, 0x0D, 0x01, 0x0C,
    0x01, 0x0A, 0x02, 0x0D, 0x01, 0x0B, 0x01, 0x0A, 0x01, 0x09, 0x01, 0x07, 0x01, 0x08, 0x02, 0x06,
    0x04, 0x05, 0x03, 0x04, 0x02, 0x03, 0x02, 0x02, 0x02, 0x01, 0x30, 0x00, 0x02, 0x01, 0x02, 0x02,
    0x01, 0x03, 0x01, 0x04, 0x02, 0x05, 0x01, 0x04, 0x03, 0x05, 0x02, 0x06, 0x01, 0x08, 0x02, 0x09,
    0x01, 0x0A, 0x01, 0x0C, 0x02, 0x0D, 0x02, 0x0C, 0x01, 0x0D, 0x01, 0x0A, 0x01, 0x0B, 0x01, 0x0D,
    0x01, 0x0C, 0x02, 0x0A, 0x01, 0x09, 0x02, 0x07, 0x03, 0x06, 0x04, 0x05, 0x02, 0x04, 0x01, 0x03,
    0x02, 0x02, 0x02, 0x01, 0x31, 0x00, 0x01, 0x01, 0x03, 0x02, 0x01, 0x03, 0x01, 0x04, 0x06, 0x05,
    0x01, 0x06, 0x02, 0x08, 0x02, 0x09, 0x01, 0x0A, 0x03, 0x0C, 0x01, 0x0B, 0x02, 0x0C, 0x01, 0x0A,
    0x02, 0x0D, 0x01, 0x0C, 0x01, 0x0A, 0x02, 0x09, 0x02, 0x07, 0x02, 0x06, 0x04, 0x05, 0x03, 0x04,
    0x01, 0x03, 0x02, 0x02, 0x02, 0x01, 0x30, 0x00, 0x02, 0x01, 0x02, 0x02, 0x02, 0x03, 0x02, 0x04,
    0x05, 0x05, 0x01, 0x06, 0x02, 0x08, 0x02, 0x09, 0x01, 0x0B, 0x04, 0x0D, 0x01, 0x0B, 0x01, 0x0A,
    0x01, 0x0B, 0x02, 0x0D, 0x01, 0x0B, 0x01, 0x0A, 0x01, 0x09, 0x02, 0x07, 0x02, 0x06, 0x05, 0x05,
    0x02, 0x04, 0x01, 0x03, 0x03, 0x02, 0x01, 0x01, 0x31, 0x00, 0x02, 0x01, 0x02, 0x02, 0x02, 0x03,
    0x02, 0x04, 0x04, 0x05, 0x02, 0x06, 0x02, 0x08, 0x01, 0x09, 0x01, 0x0A, 0x01, 0x0C, 0x04, 0x0D,
    0x01, 0x0B, 0x01, 0x0A, 0x02, 0x0D, 0x01, 0x0C, 0x02, 0x0A, 0x01, 0x09, 0x02, 0x07, 0x01, 0x06,
    0x06, 0x05, 0x02, 0x04, 0x01, 0x03, 0x02, 0x02, 0x02, 0x01, 0x31, 0x00, 0x02, 0x01, 0x02, 0x02,
    0x01, 0x03, 0x03, 0x04, 0x04, 0x05, 0x01, 0x06, 0x03, 0x08, 0x01, 0x0A, 0x01, 0x0B, 0x05, 0x0D,
    0x02, 0x0B, 0x02, 0x0D, 0x01, 0x0C, 0x01, 0x0A, 0x02, 0x09, 0x01, 0x07, 0x02, 0x06, 0x05, 0x05,
    0x02, 0x04, 0x02, 0x03, 0x02, 0x02, 0x02, 0x01, 0x30, 0x00, 0x02, 0x01, 0x03, 0x02, 0x01, 0x03,
    0x03, 0x04, 0x04, 0x05, 0x01, 0x06, 0x02, 0x08, 0x01, 0x09, 0x01, 0x0A, 0x01, 0x0B, 0x04, 0x0D,
    0x01, 0x0C, 0x01, 0x0A, 0x01, 0x0C, 0x01, 0x0B, 0x01, 0x0C, 0x01, 0x0B, 0x02, 0x09, 0x02, 0x07,
    0x02, 0x06, 0x04, 0x05, 0x03, 0x04, 0x01, 0x03, 0x02, 0x02, 0x02, 0x01, 0x31, 0x00, 0x02, 0x01,
    0x03, 0x02, 0x01, 0x03, 0x03, 0x04, 0x03, 0x05, 0x02, 0x06, 0x02, 0x08, 0x01, 0x09, 0x01, 0x0A,
    0x01, 0x0C, 0x04, 0x0D, 0x02, 0x0B, 0x03, 0x0C, 0x01, 0x0A, 0x02, 0x09, 0x02, 0x07, 0x01, 0x06,
    0x05, 0x05, 0x03, 0x04, 0x01, 0x03, 0x02, 0x02, 0x02, 0x01, 0x31, 0x00, 0x02, 0x01, 0x02, 0x02,
    0x02, 0x03, 0x03, 0x04, 0x03, 0x05, 0x01, 0x06, 0x02, 0x08, 0x02, 0x09, 0x01, 0x0B, 0x04, 0x0D,
    0x01, 0x0C, 0x01, 0x0A, 0x01, 0x0C, 0x01, 0x0B, 0x01, 0x0D, 0x01, 0x0C, 0x01, 0x0A, 0x01, 0x09,
    0x01, 0x08, 0x01, 0x07, 0x02, 0x06, 0x04, 0x05, 0x03, 0x04, 0x01, 0x03, 0x03, 0x02, 0x01, 0x01,
    0x32, 0x00, 0x02, 0x01, 0x02, 0x02, 0x03, 0x03, 0x02, 0x04, 0x03, 0x05, 0x01, 0x06, 0x02, 0x08,
    0x01, 0x09, 0x01, 0x0A, 0x01, 0x0B, 0x04, 0x0D, 0x02, 0x0B, 0x02, 0x0C, 0x01, 0x0D, 0x01, 0x0B,
    0x01, 0x0A, 0x01, 0x09, 0x02, 0x08, 0x02, 0x06, 0x04, 0x05, 0x03, 0x04, 0x01, 0x03, 0x02, 0x02,
    0x02, 0x01, 0x32, 0x00, 0x02, 0x01, 0x02, 0x02, 0x03, 0x03, 0x01, 0x04, 0x04, 0x05, 0x01, 0x06,
    0x02, 0x08, 0x01, 0x0A, 0x02, 0x0B, 0x01, 0x0C, 0x02, 0x0D, 0x01, 0x0C, 0x01, 0x0A, 0x02, 0x0C,
    0x01, 0x0D, 0x01, 0x0C, 0x02, 0x0A, 0x01, 0x09, 0x01, 0x08, 0x03, 0x06, 0x03, 0x05, 0x03, 0x04,
    0x01, 0x03, 0x03, 0x02, 0x02, 0x01, 0x32, 0x00, 0x02, 0x01, 0x02, 0x02, 0x01, 0x03, 0x03, 0x04,
    0x04, 0x05, 0x01, 0x06, 0x02, 0x08, 0x01, 0x0A, 0x01, 0x0B, 0x01, 0x0D, 0x01, 0x0B, 0x02, 0x0C,
    0x01, 0x0A, 0x02, 0x0B, 0x01, 0x0C, 0x01, 0x0D, 0x01, 0x0C, 0x01, 0x0A, 0x01, 0x09, 0x02, 0x08,
    0x01, 0x06, 0x01, 0x05, 0x01, 0x06, 0x04, 0x05, 0x02, 0x04, 0x01, 0x03, 0x02, 0x02, 0x02, 0x01,
    0x33, 0x00, 0x02, 0x01, 0x02, 0x02, 0x02, 0x03, 0x02, 0x04, 0x04, 0x05, 0x02, 0x08, 0x02, 0x0A,
    0x01, 0x0C, 0x01, 0x0D, 0x01, 0x0B, 0x01, 0x0D, 0x01, 0x0C, 0x01, 0x0A, 0x03, 0x0C, 0x01, 0x0D,
    0x01, 0x0B, 0x01, 0x0A, 0x01, 0x09, 0x02, 0x08, 0x06, 0x05, 0x02, 0x04, 0x02, 0x03, 0x02, 0x02,
    0x02, 0x01, 0x33, 0x00, 0x02, 0x01, 0x02, 0x02, 0x03, 0x03, 0x01, 0x04, 0x04, 0x05, 0x02, 0x08,
    0x01, 0x0A, 0x01, 0x0B, 0x03, 0x0C, 0x01, 0x0D, 0x02, 0x0B, 0x02, 0x0D, 0x02, 0x0C, 0x02, 0x0A,
    0x02, 0x08, 0x02, 0x06, 0x03, 0x05, 0x04, 0x04, 0x01, 0x03, 0x02, 0x02, 0x02, 0x01, 0x34, 0x00,
    0x02, 0x01, 0x02, 0x02, 0x03, 0x03, 0x02, 0x04, 0x03, 0x05, 0x02, 0x08, 0x01, 0x0A, 0x01, 0x0B,
    0x02, 0x0C, 0x01, 0x0D, 0x01, 0x0C, 0x01, 0x0A, 0x01, 0x0C, 0x03, 0x0D, 0x02, 0x0A, 0x01, 0x09,
    0x02, 0x08, 0x01, 0x06, 0x04, 0x05, 0x03, 0x04, 0x02, 0x03, 0x02, 0x02, 0x02, 0x01, 0x34, 0x00,
    0x02, 0x01, 0x02, 0x02, 0x03, 0x03, 0x02, 0x04, 0x02, 0x05, 0x02, 0x08, 0x01, 0x09, 0x01, 0x0A,
    0x03, 0x0C, 0x01, 0x0D, 0x02, 0x0B, 0x04, 0x0D, 0x01, 0x0A, 0x02, 0x09, 0x01, 0x08, 0x02, 0x06,
    0x03, 0x05, 0x04, 0x04, 0x01, 0x03, 0x02, 0x02, 0x03, 0x01, 0x34, 0x00, 0x02, 0x01, 0x02, 0x02,
    0x04, 0x03, 0x01, 0x04, 0x02, 0x05, 0x01, 0x06, 0x02, 0x08, 0x01, 0x0A, 0x01, 0x0B, 0x01, 0x0C,
    0x01, 0x0D, 0x01, 0x0C, 0x01, 0x0A, 0x01, 0x0C, 0x03, 0x0D, 0x01, 0x0C, 0x01, 0x0A, 0x01, 0x07,
    0x02, 0x08, 0x01, 0x06, 0x04, 0x05, 0x03, 0x04, 0x02, 0x03, 0x02, 0x02, 0x02, 0x01, 0x35, 0x00,
    0x02, 0x01, 0x02, 0x02, 0x04, 0x03, 0x01, 0x04, 0x02, 0x05, 0x02, 0x08, 0x01, 0x0A, 0x01, 0x0B,
    0x01, 0x0C, 0x01, 0x0B, 0x01, 0x0D, 0x02, 0x0B, 0x04, 0x0D, 0x01, 0x0B, 0x02, 0x09, 0x01, 0x08,
    0x01, 0x06, 0x04, 0x05, 0x04, 0x04, 0x01, 0x03, 0x03, 0x02, 0x02, 0x01, 0x35, 0x00, 0x02, 0x01,
    0x02, 0x02, 0x04, 0x03, 0x01, 0x04, 0x02, 0x05, 0x02, 0x08, 0x04, 0x0A, 0x01, 0x0B, 0x01, 0x0A,
    0x05, 0x0B, 0x01, 0x0A, 0x03, 0x08, 0x01, 0x06, 0x04, 0x05, 0x03, 0x04, 0x02, 0x03, 0x02, 0x02,
    0x02, 0x01, 0x36, 0x00, 0x02, 0x01, 0x02, 0x02, 0x04, 0x03, 0x01, 0x04, 0x02, 0x05, 0x02, 0x08,
    0x02, 0x0A, 0x01, 0x09, 0x04, 0x0A, 0x06, 0x09, 0x02, 0x08, 0x03, 0x05, 0x01, 0x04, 0x01, 0x05,
    0x02, 0x04, 0x02, 0x03, 0x03, 0x02, 0x02, 0x01, 0x36, 0x00, 0x03, 0x01, 0x02, 0x02, 0x03, 0x03,
    0x02, 0x04, 0x02, 0x05, 0x01, 0x08, 0x01, 0x0A, 0x09, 0x0B, 0x01, 0x0A, 0x01, 0x09, 0x03, 0x08,
    0x02, 0x05, 0x05, 0x04, 0x02, 0x03, 0x02, 0x02, 0x03, 0x01, 0x36, 0x00, 0x03, 0x01, 0x02, 0x02,
    0x03, 0x03, 0x03, 0x04, 0x01, 0x05, 0x01, 0x08, 0x01, 0x0A, 0x01, 0x0B, 0x08, 0x0C, 0x01, 0x0A,
    0x01, 0x09, 0x02, 0x08, 0x02, 0x05, 0x06, 0x04, 0x01, 0x03, 0x03, 0x02, 0x02, 0x01, 0x37, 0x00,
    0x03, 0x01, 0x02, 0x02, 0x03, 0x03, 0x02, 0x04, 0x01, 0x03, 0x01, 0x05, 0x02, 0x08, 0x01, 0x0B,
    0x08, 0x0C, 0x01, 0x0A, 0x02, 0x08, 0x03, 0x05, 0x05, 0x04, 0x02, 0x03, 0x02, 0x02, 0x02, 0x01,
    0x38, 0x00, 0x03, 0x01, 0x03, 0x02, 0x03, 0x03, 0x02, 0x04, 0x01, 0x05, 0x03, 0x08, 0x01, 0x0B,
    0x01, 0x0C, 0x01, 0x0B, 0x04, 0x0C, 0x01, 0x0B, 0x02, 0x08, 0x01, 0x06, 0x02, 0x05, 0x03, 0x04,
    0x01, 0x03, 0x01, 0x04, 0x02, 0x03, 0x02, 0x02, 0x03, 0x01, 0x39, 0x00, 0x03, 0x01, 0x02, 0x02,
    0x03, 0x03, 0x02, 0x04, 0x01, 0x03, 0x01, 0x05, 0x02, 0x08, 0x01, 0x0A, 0x05, 0x0B, 0x01, 0x0A,
    0x03, 0x08, 0x02, 0x05, 0x02, 0x04, 0x05, 0x03, 0x03, 0x02, 0x02, 0x01, 0x3A, 0x00, 0x03, 0x01,
    0x04, 0x02, 0x02, 0x03, 0x02, 0x04, 0x02, 0x05, 0x03, 0x08, 0x03, 0x0A, 0x04, 0x08, 0x03, 0x05,
    0x04, 0x04, 0x02, 0x03, 0x03, 0x02, 0x03, 0x01, 0x3B, 0x00, 0x03, 0x01, 0x04, 0x02, 0x01, 0x03,
    0x04, 0x04, 0x01, 0x05, 0x08, 0x08, 0x04, 0x05, 0x02, 0x04, 0x04, 0x03, 0x03, 0x02, 0x02, 0x01,
    0x3C, 0x00, 0x03, 0x01, 0x03, 0x02, 0x07, 0x03, 0x03, 0x05, 0x01, 0x08, 0x04, 0x05, 0x04, 0x04,
    0x05, 0x03, 0x03, 0x02, 0x03, 0x01, 0x3D, 0x00, 0x03, 0x01, 0x03, 0x02, 0x07, 0x03, 0x01, 0x04,
    0x02, 0x05, 0x04, 0x04, 0x01, 0x03, 0x02, 0x04, 0x04, 0x03, 0x03, 0x02, 0x04, 0x01, 0x3F, 0x00,
    0x04, 0x01, 0x04, 0x02, 0x05, 0x03, 0x02, 0x04, 0x09, 0x03, 0x04, 0x02, 0x04, 0x01, 0x40, 0x00,
    0x05, 0x01, 0x06, 0x02, 0x0A, 0x03, 0x05, 0x02, 0x05, 0x01, 0x42, 0x00, 0x07, 0x01, 0x10, 0x02,
    0x06, 0x01, 0x44, 0x00, 0x0A, 0x01, 0x08, 0x02, 0x08, 0x01, 0x48, 0x00, 0x16, 0x01, 0x4C, 0x00,
    0x12, 0x01, 0xEB, 0x00,
};

constexpr uint8_t NIXIE_PALETTE_8_SIZE = 14;
static constexpr uint16_t NIXIE_PALETTE_8[] = {
    0x0000, 0x0800, 0x2800, 0x4800, 0x6840, 0x7000, 0x9060, 0xA860,
    0xB920, 0xCA80, 0xE5C1, 0xEF41, 0xEF80, 0x9000,
};
static constexpr uint8_t NIXIE_RLE_8[] = {
    0x83, 0x00, 0x1A, 0x01, 0x3F, 0x00, 0x28, 0x01, 0x35, 0x00, 0x0D, 0x01, 0x14, 0x02, 0x0C, 0x01,
    0x31, 0x00, 0x08, 0x01, 0x21, 0x02, 0x08, 0x01, 0x2E, 0x00, 0x06, 0x01, 0x09, 0x02, 0x15, 0x03,
    0x09, 0x02, 0x07, 0x01, 0x2A, 0x00, 0x06, 0x01, 0x06, 0x02, 0x08, 0x03, 0x0F, 0x04, 0x08, 0x03,
    0x07, 0x02, 0x05, 0x01, 0x28, 0x00, 0x04, 0x01, 0x06, 0x02, 0x06, 0x03, 0x06, 0x04, 0x01, 0x05,
    0x01, 0x04, 0x0D, 0x05, 0x05, 0x04, 0x06, 0x03, 0x05, 0x02, 0x05, 0x01, 0x24, 0x00, 0x05, 0x01,
    0x04, 0x02, 0x05, 0x03, 0x05, 0x04, 0x02, 0x05, 0x02, 0x04, 0x01, 0x06, 0x01, 0x05, 0x0E, 0x06,
    0x05, 0x05, 0x04, 0x04, 0x04, 0x03, 0x05, 0x02, 0x04, 0x01, 0x22, 0x00, 0x04, 0x01, 0x04, 0x02,
    0x05, 0x03, 0x07, 0x04, 0x01, 0x05, 0x17, 0x06, 0x01, 0x05, 0x01, 0x04, 0x01, 0x05, 0x04, 0x04,
    0x04, 0x03, 0x04, 0x02, 0x04, 0x01, 0x21, 0x00, 0x03, 0x01, 0x04, 0x02, 0x04, 0x03, 0x08, 0x04,
    0x06, 0x06, 0x01, 0x07, 0x01, 0x08, 0x01, 0x07, 0x09, 0x08, 0x02, 0x06, 0x01, 0x07, 0x05, 0x06,
    0x03, 0x05, 0x04, 0x04, 0x04, 0x03, 0x04, 0x02, 0x04, 0x01, 0x1F, 0x00, 0x03, 0x01, 0x04, 0x02,
    0x05, 0x03, 0x01, 0x04, 0x01, 0x05, 0x04, 0x04, 0x01, 0x05, 0x04, 0x06, 0x07, 0x08, 0x01, 0x09,
    0x0C, 0x08, 0x05, 0x06, 0x03, 0x05, 0x04, 0x04, 0x03, 0x03, 0x04, 0x02, 0x04, 0x01, 0x1D, 0x00,
    0x03, 0x01, 0x04, 0x02, 0x04, 0x03, 0x03, 0x04, 0x02, 0x05, 0x02, 0x04, 0x03, 0x06, 0x02, 0x07,
    0x04, 0x08, 0x05, 0x09, 0x04, 0x0A, 0x05, 0x09, 0x05, 0x08, 0x05, 0x06, 0x02, 0x04, 0x02, 0x05,
    0x01, 0x04, 0x04, 0x03, 0x04, 0x02, 0x04, 0x01, 0x1B, 0x00, 0x03, 0x01, 0x04, 0x02, 0x05, 0x03,
    0x04, 0x04, 0x01, 0x05, 0x03, 0x06, 0x04, 0x08, 0x03, 0x09, 0x02, 0x0A, 0x03, 0x0B, 0x01, 0x0A,
    0x05, 0x0C, 0x02, 0x0A, 0x01, 0x0B, 0x02, 0x0A, 0x03, 0x09, 0x02, 0x08, 0x01, 0x07, 0x01, 0x08,
    0x03, 0x06, 0x02, 0x05, 0x04, 0x04, 0x03, 0x03, 0x04, 0x02, 0x03, 0x01, 0x1A, 0x00, 0x04, 0x01,
    0x03, 0x02, 0x04, 0x03, 0x05, 0x04, 0x04, 0x06, 0x04, 0x08, 0x01, 0x09, 0x01, 0x0A, 0x02, 0x0B,
    0x03, 0x0C, 0x01, 0x0B, 0x01, 0x0C, 0x07, 0x0A, 0x04, 0x0C, 0x01, 0x0B, 0x02, 0x0A, 0x02, 0x09,
    0x02, 0x08, 0x01, 0x07, 0x04, 0x06, 0x01, 0x05, 0x04, 0x04, 0x03, 0x03, 0x04, 0x02, 0x03, 0x01,
    0x19, 0x00, 0x03, 0x01, 0x03, 0x02, 0x04, 0x03, 0x04, 0x04, 0x01, 0x05, 0x03, 0x06, 0x01, 0x07,
    0x02, 0x08, 0x02, 0x09, 0x02, 0x0A, 0x04, 0x0C, 0x03, 0x0B, 0x01, 0x0C, 0x02, 0x0A, 0x04, 0x0B,
    0x01, 0x0A, 0x01, 0x0B, 0x01, 0x0C, 0x01, 0x0B, 0x04, 0x0C, 0x01, 0x0B, 0x01, 0x0A, 0x02, 0x09,
    0x03, 0x08, 0x03, 0x06, 0x05, 0x04, 0x03, 0x03, 0x04, 0x02, 0x03, 0x01, 0x17, 0x00, 0x03, 0x01,
    0x04, 0x02, 0x02, 0x03, 0x04, 0x04, 0x01, 0x05, 0x03, 0x06, 0x01, 0x07, 0x02, 0x08, 0x02, 0x09,
    0x01, 0x0A, 0x01, 0x0C, 0x01, 0x0B, 0x01, 0x0A, 0x01, 0x0B, 0x01, 0x0C, 0x01, 0x0B, 0x02, 0x0C,
    0x01, 0x0B, 0x01, 0x0C, 0x02, 0x0A, 0x05, 0x0C, 0x02, 0x0A, 0x01, 0x0C, 0x01, 0x0B, 0x02, 0x0C,
    0x02, 0x0B, 0x01, 0x0C, 0x03, 0x0A, 0x02, 0x09, 0x02, 0x08, 0x04, 0x06, 0x02, 0x05, 0x02, 0x04,
    0x03, 0x03, 0x03, 0x02, 0x03, 0x01, 0x17, 0x00, 0x03, 0x01, 0x03, 0x02, 0x03, 0x03, 0x04, 0x04,
    0x03, 0x06, 0x03, 0x08, 0x01, 0x09, 0x01, 0x0A, 0x01, 0x0B, 0x01, 0x0C, 0x01, 0x0B, 0x01, 0x0C,
    0x02, 0x0A, 0x01, 0x0C, 0x01, 0x0B, 0x03, 0x0C, 0x01, 0x0B, 0x01, 0x0A, 0x01, 0x0B, 0x06, 0x0C,
    0x02, 0x0A, 0x05, 0x0C, 0x02, 0x0A, 0x02, 0x0C, 0x01, 0x0B, 0x02, 0x09, 0x02, 0x08, 0x04, 0x06,
    0x01, 0x05, 0x03, 0x04, 0x03, 0x03, 0x03, 0x02, 0x03, 0x01, 0x15, 0x00, 0x03, 0x01, 0x03, 0x02,
    0x04, 0x03, 0x01, 0x04, 0x03, 0x05, 0x02, 0x06, 0x03, 0x08, 0x01, 0x09, 0x01, 0x0A, 0x05, 0x0C,
    0x01, 0x0B, 0x01, 0x0A, 0x01, 0x0B, 0x02, 0x0C, 0x01, 0x0B, 0x01, 0x0C, 0x02, 0x0A, 0x01, 0x0C,
    0x03, 0x0B, 0x01, 0x0C, 0x01, 0x0B, 0x01, 0x0C, 0x01, 0x0B, 0x01, 0x0A, 0x05, 0x0B, 0x01, 0x0A,
    0x01, 0x0B, 0x01, 0x0C, 0x01, 0x0B, 0x01, 0x0C, 0x01, 0x0B, 0x01, 0x0A, 0x01, 0x09, 0x02, 0x08,
    0x03, 0x06, 0x01, 0x05, 0x03, 0x04, 0x03, 0x03, 0x04, 0x02, 0x02, 0x01, 0x14, 0x00, 0x03, 0x01,
    0x03, 0x02, 0x04, 0x03, 0x02, 0x04, 0x02, 0x05, 0x03, 0x06, 0x02, 0x08, 0x01, 0x09, 0x01, 0x0B,
    0x05, 0x0C, 0x01, 0x0B, 0x01, 0x0C, 0x07, 0x0A, 0x01, 0x0B, 0x06, 0x0C, 0x01, 0x0B, 0x01, 0x0C,
    0x07, 0x0A, 0x01, 0x0C, 0x01, 0x0B, 0x03, 0x0C, 0x01, 0x0B, 0x01, 0x0A, 0x01, 0x09, 0x01, 0x08,
    0x01, 0x07, 0x02, 0x06, 0x01, 0x05, 0x02, 0x04, 0x01, 0x05, 0x01, 0x04, 0x03, 0x03, 0x03, 0x02,
    0x03, 0x01, 0x13, 0x00, 0x03, 0x01, 0x03, 0x02, 0x04, 0x03, 0x02, 0x04, 0x01, 0x05, 0x03, 0x06,
    0x02, 0x08, 0x01, 0x09, 0x01, 0x0A, 0x01, 0x0C, 0x01, 0x0B, 0x04, 0x0C, 0x01, 0x0B, 0x01, 0x0C,
    0x02, 0x0A, 0x04, 0x0B, 0x02, 0x0A, 0x01, 0x0B, 0x04, 0x0A, 0x01, 0x0B, 0x01, 0x0C, 0x01, 0x0B,
    0x01, 0x0A, 0x05, 0x0B, 0x01, 0x0A, 0x01, 0x0B, 0x04, 0x0C, 0x01, 0x0B, 0x01, 0x0C, 0x01, 0x0A,
    0x01, 0x09, 0x02, 0x08, 0x02, 0x06, 0x02, 0x04, 0x01, 0x05, 0x01, 0x04, 0x03, 0x03, 0x04, 0x02,
    0x02, 0x01, 0x13, 0x00, 0x02, 0x01, 0x03, 0x02, 0x04, 0x03, 0x02, 0x04, 0x01, 0x05, 0x03, 0x06,
    0x02, 0x08, 0x01, 0x09, 0x02, 0x0A, 0x01, 0x0B, 0x04, 0x0C, 0x01, 0x0B, 0x01, 0x0C, 0x02, 0x0A,
    0x04, 0x0C, 0x01, 0x0B, 0x01, 0x0A, 0x07, 0x09, 0x01, 0x0A, 0x01, 0x09, 0x01, 0x0A, 0x03, 0x0C,
    0x01, 0x0B, 0x01, 0x0C, 0x02, 0x0A, 0x01, 0x0C, 0x01, 0x0B, 0x04, 0x0C, 0x01, 0x0B, 0x02, 0x09,
    0x02, 0x08, 0x02, 0x06, 0x03, 0x05, 0x02, 0x04, 0x02, 0x03, 0x03, 0x02, 0x03, 0x01, 0x11, 0x00,
    0x03, 0x01, 0x03, 0x02, 0x03, 0x03, 0x03, 0x04, 0x01, 0x05, 0x02, 0x06, 0x02, 0x08, 0x01, 0x09,
    0x01, 0x0A, 0x01, 0x0C, 0x02, 0x0A, 0x01, 0x0C, 0x02, 0x0B, 0x03, 0x0C, 0x01, 0x0A, 0x01, 0x0B,
    0x01, 0x0C, 0x01, 0x0B, 0x01, 0x0A, 0x03, 0x09, 0x02, 0x08, 0x01, 0x09, 0x03, 0x08, 0x01, 0x09,
    0x02, 0x08, 0x01, 0x09, 0x02, 0x0A, 0x02, 0x0C, 0x02, 0x0B, 0x01, 0x0A, 0x01, 0x0B, 0x05, 0x0C,
    0x03, 0x0A, 0x01, 0x09, 0x01, 0x08, 0x03, 0x06, 0x03, 0x05, 0x01, 0x04, 0x03, 0x03, 0x03, 0x02,
    0x02, 0x01, 0x11, 0x00, 0x02, 0x01, 0x03, 0x02, 0x03, 0x03, 0x03, 0x04, 0x01, 0x05, 0x03, 0x06,
    0x01, 0x08, 0x01, 0x09, 0x01, 0x0A, 0x03, 0x0C, 0x01, 0x0A, 0x01, 0x0B, 0x04, 0x0C, 0x02, 0x0A,
    0x01, 0x0C, 0x01, 0x0A, 0x03, 0x09, 0x03, 0x08, 0x01, 0x07, 0x08, 0x08, 0x02, 0x09, 0x01, 0x0A,
    0x01, 0x0B, 0x02, 0x0C, 0x02, 0x0A, 0x05, 0x0B, 0x01, 0x0A, 0x02, 0x0B, 0x01, 0x09, 0x02, 0x08,
    0x02, 0x06, 0x03, 0x05, 0x02, 0x04, 0x02, 0x03, 0x03, 0x02, 0x03, 0x01, 0x0F, 0x00, 0x03, 0x01,
    0x03, 0x02, 0x02, 0x03, 0x04, 0x04, 0x01, 0x05, 0x02, 0x06, 0x02, 0x08, 0x01, 0x09, 0x01, 0x0B,
    0x01, 0x0C, 0x01, 0x0B, 0x01, 0x0C, 0x07, 0x0A, 0x01, 0x0B, 0x01, 0x0A, 0x01, 0x09, 0x06, 0x08,
    0x03, 0x07, 0x01, 0x06, 0x03, 0x07, 0x04, 0x08, 0x02, 0x09, 0x01, 0x0A, 0x02, 0x0C, 0x07, 0x0A,
    0x01, 0x0C, 0x01, 0x0B, 0x01, 0x0A, 0x01, 0x09, 0x02, 0x08, 0x03, 0x06, 0x01, 0x05, 0x02, 0x04,
    0x03, 0x03, 0x03, 0x02, 0x02, 0x01, 0x0F, 0x00, 0x03, 0x01, 0x02, 0x02, 0x03, 0x03, 0x03, 0x04,
    0x01, 0x05, 0x02, 0x06, 0x02, 0x08, 0x01, 0x09, 0x01, 0x0A, 0x01, 0x0C, 0x02, 0x0B, 0x01, 0x0C,
    0x02, 0x0A, 0x04, 0x0B, 0x01, 0x0A, 0x02, 0x09, 0x04, 0x08, 0x05, 0x07, 0x03, 0x06, 0x04, 0x07,
    0x03, 0x08, 0x02, 0x09, 0x03, 0x0A, 0x01, 0x0C, 0x01, 0x0B, 0x02, 0x0C, 0x01, 0x0B, 0x01, 0x0A,
    0x01, 0x0B, 0x01, 0x0C, 0x01, 0x0B, 0x01, 0x0A, 0x01, 0x09, 0x01, 0x08, 0x03, 0x06, 0x01, 0x05,
    0x03, 0x04, 0x02, 0x03, 0x03, 0x02, 0x02, 0x01, 0x0F, 0x00, 0x02, 0x01, 0x03, 0x02, 0x03, 0x03,
    0x04, 0x04, 0x02, 0x06, 0x01, 0x08, 0x01, 0x09, 0x01, 0x0A, 0x01, 0x0C, 0x02, 0x0B, 0x01, 0x0C,
    0x01, 0x0B, 0x01, 0x0A, 0x04, 0x0C, 0x01, 0x0B, 0x01, 0x09, 0x04, 0x08, 0x02, 0x07, 0x01, 0x06,
    0x03, 0x07, 0x06, 0x06, 0x02, 0x07, 0x01, 0x06, 0x01, 0x07, 0x02, 0x08, 0x03, 0x09, 0x01, 0x0B,
    0x03, 0x0C, 0x01, 0x0B, 0x01, 0x0C, 0x02, 0x0A, 0x01, 0x0C, 0x02, 0x0B, 0x01, 0x09, 0x02, 0x08,
    0x01, 0x07, 0x01, 0x06, 0x01, 0x05, 0x03, 0x04, 0x03, 0x03, 0x02, 0x02, 0x02, 0x01, 0x0F, 0x00,
    0x02, 0x01, 0x02, 0x02, 0x04, 0x03, 0x04, 0x04, 0x02, 0x06, 0x01, 0x08, 0x01, 0x09, 0x01, 0x0A,
    0x01, 0x0C, 0x02, 0x0B, 0x01, 0x0C, 0x01, 0x0A, 0x01, 0x0B, 0x01, 0x0C, 0x01, 0x0B, 0x01, 0x0C,
    0x01, 0x0B, 0x02, 0x09, 0x01, 0x08, 0x01, 0x07, 0x01, 0x08, 0x01, 0x07, 0x03, 0x06, 0x01, 0x0D,
    0x01, 0x07, 0x01, 0x06, 0x04, 0x0D, 0x02, 0x06, 0x02, 0x0D, 0x01, 0x06, 0x02, 0x07, 0x04, 0x08,
    0x01, 0x0A, 0x06, 0x0C, 0x01, 0x0A, 0x01, 0x0B, 0x02, 0x0C, 0x01, 0x0A, 0x01, 0x09, 0x01, 0x08,
    0x02, 0x06, 0x01, 0x05, 0x03, 0x04, 0x03, 0x03, 0x03, 0x02, 0x02, 0x01, 0x0D, 0x00, 0x02, 0x01,
    0x03, 0x02, 0x04, 0x03, 0x03, 0x04, 0x02, 0x06, 0x02, 0x08, 0x01, 0x09, 0x01, 0x0B, 0x01, 0x0C,
    0x01, 0x0B, 0x01, 0x0C, 0x01, 0x0B, 0x01, 0x0A, 0x01, 0x0C, 0x01, 0x0B, 0x01, 0x0C, 0x01, 0x0B,
    0x02, 0x09, 0x02, 0x08, 0x02, 0x07, 0x03, 0x06, 0x02, 0x0D, 0x01, 0x07, 0x09, 0x0D, 0x02, 0x06,
    0x03, 0x07, 0x02, 0x08, 0x01, 0x09, 0x01, 0x0A, 0x05, 0x0C, 0x01, 0x0B, 0x01, 0x0A, 0x02, 0x0B,
    0x01, 0x0A, 0x01, 0x09, 0x01, 0x08, 0x01, 0x07, 0x02, 0x06, 0x02, 0x05, 0x02, 0x04, 0x02, 0x03,
    0x03, 0x02, 0x02, 0x01, 0x0D, 0x00, 0x02, 0x01, 0x03, 0x02, 0x04, 0x03, 0x03, 0x04, 0x02, 0x06,
    0x02, 0x08, 0x01, 0x09, 0x05, 0x0A, 0x01, 0x0B, 0x02, 0x0C, 0x01, 0x0B, 0x02, 0x09, 0x03, 0x08,
    0x01, 0x07, 0x14, 0x0D, 0x02, 0x07, 0x01, 0x08, 0x02, 0x09, 0x01, 0x0A, 0x04, 0x0C, 0x01, 0x0B,
    0x04, 0x0A, 0x01, 0x09, 0x02, 0x08, 0x02, 0x06, 0x03, 0x05, 0x01, 0x04, 0x02, 0x03, 0x03, 0x02,
    0x02, 0x01, 0x0D, 0x00, 0x02, 0x01, 0x03, 0x02, 0x04, 0x03, 0x03, 0x04, 0x01, 0x06, 0x01, 0x07,
    0x01, 0x08, 0x01, 0x09, 0x01, 0x0A, 0x01, 0x0C, 0x02, 0x0B, 0x01, 0x0C, 0x02, 0x0A, 0x02, 0x0C,
    0x01, 0x0A, 0x01, 0x09, 0x03, 0x08, 0x02, 0x07, 0x01, 0x06, 0x04, 0x0D, 0x01, 0x07, 0x0D, 0x0D,
    0x02, 0x06, 0x02, 0x07, 0x01, 0x08, 0x02, 0x09, 0x01, 0x0B, 0x01, 0x0C, 0x01, 0x0B, 0x01, 0x0C,
    0x02, 0x0A, 0x01, 0x0C, 0x01, 0x0B, 0x01, 0x0C, 0x01, 0x0B, 0x01, 0x09, 0x02, 0x07, 0x01, 0x06,
    0x01, 0x05, 0x01, 0x06, 0x02, 0x04, 0x03, 0x03, 0x02, 0x02, 0x03, 0x01, 0x0C, 0x00, 0x02, 0x01,
    0x02, 0x02, 0x03, 0x03, 0x04, 0x04, 0x02, 0x06, 0x02, 0x08, 0x01, 0x09, 0x01, 0x0B, 0x05, 0x0C,
    0x01, 0x0A, 0x02, 0x0B, 0x02, 0x09, 0x02, 0x08, 0x01, 0x07, 0x01, 0x06, 0x05, 0x0D, 0x01, 0x06,
    0x0E, 0x0D, 0x02, 0x06, 0x02, 0x07, 0x02, 0x08, 0x01, 0x09, 0x01, 0x0A, 0x02, 0x0C, 0x01, 0x0B,
    0x01, 0x0A, 0x02, 0x0C, 0x01, 0x0B, 0x01, 0x0C, 0x01, 0x0B, 0x01, 0x09, 0x01, 0x08, 0x01, 0x07,
    0x03, 0x06, 0x03, 0x04, 0x02, 0x03, 0x03, 0x02, 0x02, 0x01, 0x0B, 0x00, 0x03, 0x01, 0x02, 0x02,
    0x03, 0x03, 0x04, 0x04, 0x02, 0x06, 0x02, 0x08, 0x01, 0x0A, 0x01, 0x0C, 0x01, 0x0B, 0x02, 0x0C,
    0x01, 0x0B, 0x01, 0x0C, 0x01, 0x0B, 0x02, 0x0A, 0x01, 0x09, 0x02, 0x08, 0x01, 0x07, 0x01, 0x06,
    0x16, 0x0D, 0x01, 0x06, 0x03, 0x07, 0x01, 0x08, 0x02, 0x09, 0x01, 0x0A, 0x01, 0x0C, 0x02, 0x0A,
    0x01, 0x0C, 0x01, 0x0B, 0x03, 0x0C, 0x01, 0x0A, 0x01, 0x08, 0x01, 0x07, 0x03, 0x06, 0x01, 0x05,
    0x02, 0x04, 0x02, 0x03, 0x03, 0x02, 0x02, 0x01, 0x0B, 0x00, 0x03, 0x01, 0x02, 0x02, 0x03, 0x03,
    0x01, 0x04, 0x03, 0x05, 0x02, 0x06, 0x02, 0x08, 0x01, 0x0B, 0x05, 0x0C, 0x01, 0x0B, 0x01, 0x0C,
    0x01, 0x0A, 0x01, 0x09, 0x02, 0x08, 0x03, 0x07, 0x11, 0x0D, 0x01, 0x05, 0x05, 0x0D, 0x01, 0x06,
    0x03, 0x07, 0x02, 0x08, 0x01, 0x09, 0x02, 0x0A, 0x06, 0x0C, 0x01, 0x0A, 0x01, 0x09, 0x01, 0x08,
    0x03, 0x06, 0x02, 0x05, 0x01, 0x04, 0x03, 0x03, 0x02, 0x02, 0x02, 0x01, 0x0B, 0x00, 0x02, 0x01,
    0x03, 0x02, 0x03, 0x03, 0x01, 0x04, 0x02, 0x05, 0x02, 0x06, 0x01, 0x07, 0x01, 0x08, 0x01, 0x09,
    0x02, 0x0B, 0x04, 0x0C, 0x01, 0x0B, 0x01, 0x0C, 0x01, 0x0A, 0x02, 0x08, 0x02, 0x07, 0x01, 0x06,
    0x12, 0x0D, 0x01, 0x05, 0x06, 0x0D, 0x04, 0x07, 0x01, 0x08, 0x02, 0x09, 0x01, 0x0A, 0x01, 0x0C,
    0x01, 0x0B, 0x04, 0x0C, 0x01, 0x0B, 0x01, 0x09, 0x01, 0x08, 0x01, 0x07, 0x02, 0x06, 0x03, 0x05,
    0x01, 0x04, 0x02, 0x03, 0x02, 0x02, 0x02, 0x01, 0x0B, 0x00, 0x02, 0x01, 0x02, 0x02, 0x03, 0x03,
    0x03, 0x04, 0x01, 0x05, 0x02, 0x06, 0x02, 0x08, 0x01, 0x09, 0x01, 0x0B, 0x06, 0x0C, 0x01, 0x0B,
    0x01, 0x09, 0x02, 0x08, 0x01, 0x07, 0x02, 0x06, 0x0D, 0x0D, 0x01, 0x05, 0x0A, 0x0D, 0x01, 0x06,
    0x01, 0x0D, 0x01, 0x07, 0x01, 0x06, 0x03, 0x08, 0x01, 0x09, 0x01, 0x0A, 0x01, 0x0B, 0x01, 0x0C,
    0x01, 0x0B, 0x01, 0x0C, 0x01, 0x0B, 0x01, 0x0C, 0x01, 0x0B, 0x01, 0x09, 0x02, 0x08, 0x02, 0x06,
    0x03, 0x05, 0x01, 0x04, 0x02, 0x03, 0x02, 0x02, 0x02, 0x01, 0x0B, 0x00, 0x02, 0x01, 0x02, 0x02,
    0x03, 0x03, 0x03, 0x04, 0x01, 0x05, 0x02, 0x06, 0x01, 0x08, 0x02, 0x09, 0x01, 0x0A, 0x01, 0x0C,
    0x04, 0x0B, 0x01, 0x0C, 0x01, 0x0A, 0x03, 0x08, 0x03, 0x06, 0x0D, 0x0D, 0x01, 0x05, 0x0D, 0x0D,
    0x01, 0x06, 0x01, 0x07, 0x02, 0x08, 0x01, 0x09, 0x02, 0x0A, 0x01, 0x0C, 0x03, 0x0B, 0x01, 0x0C,
    0x01, 0x0B, 0x01, 0x09, 0x02, 0x08, 0x02, 0x06, 0x03, 0x05, 0x01, 0x04, 0x02, 0x03, 0x02, 0x02,
    0x03, 0x01, 0x0A, 0x00, 0x02, 0x01, 0x02, 0x02, 0x03, 0x03, 0x03, 0x04, 0x01, 0x05, 0x02, 0x06,
    0x01, 0x08, 0x01, 0x09, 0x02, 0x0A, 0x01, 0x0B, 0x05, 0x0C, 0x01, 0x09, 0x02, 0x08, 0x01, 0x07,
    0x02, 0x06, 0x0D, 0x0D, 0x02, 0x05, 0x0D, 0x0D, 0x01, 0x06, 0x01, 0x07, 0x02, 0x08, 0x01, 0x09,
    0x02, 0x0A, 0x01, 0x0B, 0x04, 0x0C, 0x01, 0x0B, 0x01, 0x09, 0x02, 0x08, 0x02, 0x06, 0x03, 0x05,
    0x01, 0x04, 0x02, 0x03, 0x02, 0x02, 0x03, 0x01, 0x0A, 0x00, 0x02, 0x01, 0x02, 0x02, 0x03, 0x03,
    0x03, 0x04, 0x01, 0x05, 0x01, 0x06, 0x01, 0x07, 0x01, 0x08, 0x01, 0x09, 0x03, 0x0A, 0x04, 0x0B,
    0x01, 0x0A, 0x01, 0x09, 0x02, 0x08, 0x01, 0x07, 0x01, 0x06, 0x06, 0x0D, 0x01, 0x07, 0x05, 0x0D,
    0x05, 0x05, 0x0C, 0x0D, 0x01, 0x06, 0x02, 0x07, 0x02, 0x08, 0x01, 0x0A, 0x01, 0x0B, 0x06, 0x0A,
    0x02, 0x09, 0x01, 0x08, 0x02, 0x06, 0x03, 0x05, 0x01, 0x04, 0x02, 0x03, 0x02, 0x02, 0x03, 0x01,
    0x0A, 0x00, 0x02, 0x01, 0x02, 0x02, 0x02, 0x03, 0x04, 0x04, 0x01, 0x05, 0x01, 0x06, 0x02, 0x08,
    0x01, 0x09, 0x01, 0x0A, 0x01, 0x0B, 0x05, 0x0A, 0x02, 0x09, 0x02, 0x08, 0x01, 0x07, 0x01, 0x06,
    0x0B, 0x0D, 0x07, 0x05, 0x0A, 0x0D, 0x03, 0x06, 0x01, 0x07, 0x02, 0x08, 0x01, 0x09, 0x07, 0x0A,
    0x02, 0x09, 0x01, 0x08, 0x02, 0x06, 0x03, 0x05, 0x02, 0x04, 0x02, 0x03, 0x01, 0x02, 0x03, 0x01,
    0x09, 0x00, 0x03, 0x01, 0x02, 0x02, 0x02, 0x03, 0x04, 0x04, 0x01, 0x05, 0x02, 0x06, 0x01, 0x08,
    0x01, 0x09, 0x03, 0x0A, 0x04, 0x0C, 0x01, 0x0A, 0x03, 0x08, 0x01, 0x07, 0x01, 0x06, 0x05, 0x0D,
    0x01, 0x07, 0x04, 0x0D, 0x09, 0x05, 0x0B, 0x0D, 0x01, 0x06, 0x01, 0x07, 0x02, 0x08, 0x02, 0x09,
    0x01, 0x0B, 0x05, 0x0C, 0x01, 0x09, 0x02, 0x08, 0x02, 0x06, 0x04, 0x05, 0x03, 0x03, 0x01, 0x02,
    0x03, 0x01, 0x09, 0x00, 0x03, 0x01, 0x02, 0x02, 0x03, 0x03, 0x03, 0x04, 0x02, 0x06, 0x01, 0x07,
    0x01, 0x08, 0x01, 0x09, 0x02, 0x0A, 0x01, 0x0C, 0x01, 0x0B, 0x01, 0x0C, 0x01, 0x0B, 0x01, 0x0C,
    0x01, 0x0A, 0x03, 0x08, 0x01, 0x07, 0x01, 0x06, 0x0A, 0x0D, 0x09, 0x05, 0x0B, 0x0D, 0x01, 0x06,
    0x01, 0x07, 0x03, 0x08, 0x01, 0x0A, 0x01, 0x0C, 0x02, 0x0B, 0x01, 0x0C, 0x01, 0x0B, 0x01, 0x0C,
    0x01, 0x09, 0x02, 0x08, 0x01, 0x07, 0x01, 0x06, 0x04, 0x05, 0x01, 0x04, 0x02, 0x03, 0x02, 0x02,
    0x02, 0x01, 0x09, 0x00, 0x03, 0x01, 0x02, 0x02, 0x03, 0x03, 0x01, 0x04, 0x01, 0x05, 0x01, 0x04,
    0x03, 0x06, 0x01, 0x08, 0x02, 0x09, 0x01, 0x0B, 0x05, 0x0C, 0x01, 0x0A, 0x01, 0x08, 0x01, 0x07,
    0x01, 0x08, 0x01, 0x07, 0x02, 0x06, 0x03, 0x0D, 0x01, 0x07, 0x05, 0x0D, 0x09, 0x05, 0x0B, 0x0D,
    0x01, 0x06, 0x01, 0x07, 0x03, 0x08, 0x01, 0x0A, 0x01, 0x0C, 0x01, 0x0B, 0x02, 0x0C, 0x01, 0x0B,
    0x01, 0x0C, 0x01, 0x0A, 0x02, 0x08, 0x01, 0x07, 0x02, 0x06, 0x03, 0x05, 0x01, 0x04, 0x02, 0x03,
    0x02, 0x02, 0x02, 0x01, 0x09, 0x00, 0x03, 0x01, 0x02, 0x02, 0x02, 0x03, 0x02, 0x04, 0x02, 0x05,
    0x03, 0x06, 0x01, 0x08, 0x01, 0x09, 0x01, 0x0A, 0x01, 0x0C, 0x02, 0x0B, 0x01, 0x0C, 0x01, 0x0B,
    0x01, 0x0C, 0x01, 0x0A, 0x01, 0x09, 0x01, 0x08, 0x02, 0x07, 0x05, 0x0D, 0x01, 0x07, 0x05, 0x0D,
    0x09, 0x05, 0x0B, 0x0D, 0x02, 0x07, 0x03, 0x08, 0x01, 0x0A, 0x01, 0x0C, 0x01, 0x0B, 0x02, 0x0C,
    0x01, 0x0B, 0x01, 0x0C, 0x01, 0x0A, 0x01, 0x08, 0x02, 0x07, 0x02, 0x06, 0x03, 0x05, 0x01, 0x04,
    0x02, 0x03, 0x02, 0x02, 0x02, 0x01, 0x09, 0x00, 0x03, 0x01, 0x02, 0x02, 0x02, 0x03, 0x03, 0x04,
    0x01, 0x05, 0x03, 0x06, 0x02, 0x08, 0x01, 0x0A, 0x01, 0x0C, 0x02, 0x0B, 0x01, 0x0C, 0x01, 0x0B,
    0x01, 0x0C, 0x01, 0x0A, 0x01, 0x09, 0x01, 0x08, 0x03, 0x07, 0x02, 0x0D, 0x02, 0x07, 0x07, 0x0D,
    0x08, 0x05, 0x0A, 0x0D, 0x03, 0x07, 0x02, 0x08, 0x01, 0x09, 0x01, 0x0B, 0x01, 0x0C, 0x01, 0x0B,
    0x02, 0x0C, 0x01, 0x0B, 0x01, 0x0C, 0x01, 0x09, 0x01, 0x08, 0x02, 0x07, 0x02, 0x06, 0x03, 0x05,
    0x01, 0x04, 0x02, 0x03, 0x02, 0x02, 0x02, 0x01, 0x09, 0x00, 0x03, 0x01, 0x02, 0x02, 0x02, 0x03,
    0x02, 0x04, 0x02, 0x05, 0x02, 0x06, 0x01, 0x07, 0x01, 0x08, 0x02, 0x09, 0x04, 0x0C, 0x01, 0x0B,
    0x01, 0x0C, 0x01, 0x0A, 0x02, 0x08, 0x02, 0x07, 0x01, 0x06, 0x02, 0x0D, 0x02, 0x07, 0x07, 0x0D,
    0x07, 0x05, 0x0B, 0x0D, 0x02, 0x07, 0x02, 0x08, 0x02, 0x09, 0x01, 0x0A, 0x04, 0x0C, 0x01, 0x0B,
    0x01, 0x0C, 0x01, 0x09, 0x02, 0x08, 0x01, 0x07, 0x02, 0x06, 0x03, 0x05, 0x01, 0x04, 0x02, 0x03,
    0x02, 0x02, 0x02, 0x01, 0x09, 0x00, 0x03, 0x01, 0x02, 0x02, 0x02, 0x03, 0x02, 0x04, 0x02, 0x05,
    0x02, 0x06, 0x01, 0x07, 0x01, 0x08, 0x01, 0x09, 0x02, 0x0A, 0x01, 0x0C, 0x01, 0x0B, 0x01, 0x0C,
    0x01, 0x0B, 0x01, 0x0C, 0x01, 0x0A, 0x01, 0x09, 0x02, 0x08, 0x01, 0x07, 0x02, 0x06, 0x01, 0x0D,
    0x01, 0x07, 0x09, 0x0D, 0x05, 0x05, 0x0A, 0x0D, 0x01, 0x07, 0x01, 0x0D, 0x03, 0x07, 0x02, 0x08,
    0x01, 0x09, 0x01, 0x0A, 0x02, 0x0C, 0x03, 0x0B, 0x01, 0x0C, 0x01, 0x09, 0x02, 0x08, 0x01, 0x07,
    0x02, 0x06, 0x03, 0x05, 0x01, 0x04, 0x02, 0x03, 0x02, 0x02, 0x02, 0x01, 0x09, 0x00, 0x03, 0x01,
    0x02, 0x02, 0x02, 0x03, 0x01, 0x04, 0x03, 0x05, 0x02, 0x06, 0x01, 0x07, 0x01, 0x08, 0x01, 0x09,
    0x02, 0x0A, 0x01, 0x0B, 0x04, 0x0C, 0x01, 0x0B, 0x01, 0x09, 0x02, 0x08, 0x05, 0x07, 0x17, 0x0D,
    0x05, 0x07, 0x02, 0x08, 0x01, 0x09, 0x03, 0x0A, 0x04, 0x0C, 0x01, 0x0B, 0x01, 0x09, 0x02, 0x08,
    0x01, 0x07, 0x02, 0x06, 0x03, 0x05, 0x01, 0x04, 0x02, 0x03, 0x02, 0x02, 0x02, 0x01, 0x0A, 0x00,
    0x02, 0x01, 0x02, 0x02, 0x02, 0x03, 0x03, 0x04, 0x01, 0x05, 0x02, 0x06, 0x01, 0x07, 0x02, 0x08,
    0x03, 0x0A, 0x01, 0x0B, 0x02, 0x0A, 0x01, 0x0B, 0x01, 0x0A, 0x02, 0x09, 0x02, 0x08, 0x03, 0x07,
    0x03, 0x0D, 0x01, 0x07, 0x14, 0x0D, 0x05, 0x07, 0x02, 0x08, 0x01, 0x09, 0x02, 0x0B, 0x01, 0x09,
    0x05, 0x0A, 0x01, 0x09, 0x02, 0x08, 0x01, 0x07, 0x02, 0x06, 0x03, 0x05, 0x01, 0x04, 0x02, 0x03,
    0x02, 0x02, 0x02, 0x01, 0x0A, 0x00, 0x02, 0x01, 0x02, 0x02, 0x02, 0x03, 0x03, 0x04, 0x01, 0x05,
    0x02, 0x06, 0x01, 0x07, 0x02, 0x08, 0x01, 0x0A, 0x01, 0x0B, 0x04, 0x0A, 0x01, 0x0B, 0x02, 0x0A,
    0x01, 0x09, 0x02, 0x08, 0x03, 0x07, 0x03, 0x0D, 0x01, 0x07, 0x14, 0x0D, 0x04, 0x07, 0x03, 0x08,
    0x01, 0x09, 0x01, 0x0C, 0x02, 0x0A, 0x04, 0x0B, 0x01, 0x0A, 0x01, 0x09, 0x02, 0x08, 0x01, 0x07,
    0x02, 0x06, 0x03, 0x05, 0x03, 0x03, 0x02, 0x02, 0x02, 0x01, 0x0A, 0x00, 0x02, 0x01, 0x02, 0x02,
    0x02, 0x03, 0x01, 0x04, 0x03, 0x05, 0x02, 0x06, 0x01, 0x07, 0x02, 0x08, 0x02, 0x0A, 0x01, 0x0B,
    0x04, 0x0C, 0x01, 0x0B, 0x01, 0x0A, 0x01, 0x09, 0x04, 0x08, 0x02, 0x07, 0x01, 0x0D, 0x01, 0x07,
    0x15, 0x0D, 0x04, 0x07, 0x02, 0x08, 0x01, 0x09, 0x01, 0x0A, 0x01, 0x0C, 0x01, 0x0A, 0x01, 0x0B,
    0x04, 0x0C, 0x01, 0x0A, 0x03, 0x08, 0x01, 0x07, 0x02, 0x06, 0x03, 0x05, 0x03, 0x03, 0x02, 0x02,
    0x02, 0x01, 0x0A, 0x00, 0x02, 0x01, 0x02, 0x02, 0x02, 0x03, 0x01, 0x04, 0x03, 0x05, 0x02, 0x06,
    0x01, 0x07, 0x02, 0x08, 0x01, 0x09, 0x01, 0x0A, 0x01, 0x0C, 0x04, 0x0B, 0x01, 0x0C, 0x01, 0x0A,
    0x02, 0x09, 0x03, 0x08, 0x04, 0x07, 0x15, 0x0D, 0x03, 0x07, 0x03, 0x08, 0x01, 0x09, 0x01, 0x0B,
    0x02, 0x0A, 0x01, 0x0C, 0x01, 0x0B, 0x01, 0x0C, 0x01, 0x0B, 0x01, 0x0C, 0x01, 0x0A, 0x03, 0x08,
    0x03, 0x06, 0x03, 0x05, 0x03, 0x03, 0x01, 0x02, 0x03, 0x01, 0x0A, 0x00, 0x02, 0x01, 0x02, 0x02,
    0x02, 0x03, 0x02, 0x04, 0x02, 0x05, 0x02, 0x06, 0x01, 0x07, 0x03, 0x08, 0x01, 0x0A, 0x01, 0x0C,
    0x04, 0x0B, 0x01, 0x0C, 0x01, 0x0B, 0x01, 0x0A, 0x02, 0x09, 0x02, 0x08, 0x05, 0x07, 0x0B, 0x0D,
    0x01, 0x07, 0x06, 0x0D, 0x05, 0x07, 0x02, 0x08, 0x01, 0x09, 0x01, 0x0A, 0x01, 0x0C, 0x01, 0x0A,
    0x02, 0x0B, 0x04, 0x0C, 0x01, 0x09, 0x02, 0x08, 0x01, 0x07, 0x02, 0x06, 0x01, 0x0D, 0x03, 0x05,
    0x02, 0x03, 0x02, 0x02, 0x03, 0x01, 0x0A, 0x00, 0x02, 0x01, 0x02, 0x02, 0x03, 0x03, 0x02, 0x04,
    0x01, 0x05, 0x01, 0x0D, 0x02, 0x06, 0x01, 0x07, 0x02, 0x08, 0x01, 0x0A, 0x05, 0x0C, 0x01, 0x0B,
    0x01, 0x0C, 0x02, 0x0A, 0x01, 0x09, 0x03, 0x08, 0x04, 0x07, 0x0A, 0x0D, 0x03, 0x07, 0x05, 0x0D,
    0x03, 0x07, 0x01, 0x08, 0x01, 0x07, 0x02, 0x08, 0x01, 0x09, 0x03, 0x0A, 0x01, 0x0C, 0x01, 0x0B,
    0x01, 0x0C, 0x01, 0x0B, 0x01, 0x0C, 0x01, 0x0B, 0x01, 0x09, 0x02, 0x08, 0x01, 0x07, 0x01, 0x06,
    0x02, 0x0D, 0x03, 0x05, 0x02, 0x03, 0x02, 0x02, 0x03, 0x01, 0x0A, 0x00, 0x03, 0x01, 0x02, 0x02,
    0x02, 0x03, 0x01, 0x04, 0x02, 0x05, 0x03, 0x06, 0x02, 0x07, 0x01, 0x08, 0x01, 0x09, 0x05, 0x0C,
    0x01, 0x0B, 0x01, 0x0C, 0x03, 0x0A, 0x01, 0x09, 0x02, 0x08, 0x04, 0x07, 0x04, 0x0D, 0x02, 0x07,
    0x04, 0x0D, 0x03, 0x07, 0x04, 0x0D, 0x04, 0x07, 0x03, 0x08, 0x01, 0x09, 0x01, 0x0A, 0x01, 0x0B,
    0x02, 0x0A, 0x01, 0x0B, 0x02, 0x0C, 0x01, 0x0B, 0x01, 0x0C, 0x01, 0x0A, 0x01, 0x09, 0x02, 0x08,
    0x01, 0x07, 0x02, 0x06, 0x01, 0x0D, 0x02, 0x05, 0x01, 0x04, 0x02, 0x03, 0x02, 0x02, 0x03, 0x01,
    0x0A, 0x00, 0x03, 0x01, 0x02, 0x02, 0x02, 0x03, 0x01, 0x04, 0x02, 0x05, 0x04, 0x06, 0x01, 0x08,
    0x01, 0x07, 0x01, 0x09, 0x01, 0x0B, 0x05, 0x0C, 0x01, 0x0B, 0x01, 0x0A, 0x01, 0x0B, 0x01, 0x0C,
    0x01, 0x0A, 0x01, 0x09, 0x02, 0x08, 0x0A, 0x07, 0x03, 0x0D, 0x0A, 0x07, 0x03, 0x08, 0x01, 0x09,
    0x01, 0x0A, 0x03, 0x0C, 0x02, 0x0A, 0x01, 0x0C, 0x02, 0x0B, 0x01, 0x0C, 0x01, 0x0A, 0x02, 0x08,
    0x01, 0x07, 0x01, 0x0D, 0x02, 0x06, 0x01, 0x0D, 0x03, 0x05, 0x02, 0x03, 0x02, 0x02, 0x02, 0x01,
    0x0B, 0x00, 0x03, 0x01, 0x02, 0x02, 0x02, 0x03, 0x04, 0x05, 0x03, 0x06, 0x01, 0x07, 0x02, 0x08,
    0x01, 0x0A, 0x01, 0x0C, 0x01, 0x0B, 0x01, 0x0C, 0x01, 0x0B, 0x01, 0x0C, 0x02, 0x0A, 0x01, 0x0C,
    0x01, 0x0B, 0x01, 0x0C, 0x01, 0x09, 0x03, 0x08, 0x09, 0x07, 0x03, 0x0D, 0x09, 0x07, 0x03, 0x08,
    0x01, 0x09, 0x01, 0x0A, 0x02, 0x0C, 0x01, 0x0B, 0x01, 0x0C, 0x01, 0x0B, 0x01, 0x0A, 0x01, 0x0B,
    0x02, 0x0C, 0x01, 0x0B, 0x01, 0x09, 0x02, 0x08, 0x01, 0x07, 0x03, 0x06, 0x01, 0x0D, 0x02, 0x05,
    0x01, 0x04, 0x02, 0x03, 0x02, 0x02, 0x03, 0x01, 0x0A, 0x00, 0x03, 0x01, 0x02, 0x02, 0x02, 0x03,
    0x01, 0x04, 0x03, 0x05, 0x02, 0x0D, 0x01, 0x06, 0x01, 0x07, 0x01, 0x08, 0x01, 0x07, 0x01, 0x09,
    0x01, 0x0B, 0x03, 0x0C, 0x01, 0x0B, 0x01, 0x0A, 0x02, 0x0C, 0x01, 0x0B, 0x01, 0x0C, 0x01, 0x0B,
    0x01, 0x09, 0x04, 0x08, 0x11, 0x07, 0x05, 0x08, 0x01, 0x0A, 0x03, 0x0C, 0x02, 0x0B, 0x01, 0x0C,
    0x02, 0x0A, 0x02, 0x0C, 0x01, 0x0A, 0x03, 0x08, 0x01, 0x07, 0x02, 0x06, 0x02, 0x0D, 0x02, 0x05,
    0x01, 0x04, 0x02, 0x03, 0x02, 0x02, 0x02, 0x01, 0x0B, 0x00, 0x03, 0x01, 0x02, 0x02, 0x02, 0x03,
    0x01, 0x04, 0x03, 0x05, 0x02, 0x0D, 0x01, 0x06, 0x01, 0x07, 0x03, 0x08, 0x01, 0x09, 0x05, 0x0A,
    0x01, 0x0C, 0x01, 0x0B, 0x01, 0x0C, 0x01, 0x0B, 0x01, 0x0C, 0x01, 0x0B, 0x01, 0x09, 0x02, 0x08,
    0x01, 0x07, 0x01, 0x08, 0x0F, 0x07, 0x01, 0x08, 0x01, 0x07, 0x03, 0x08, 0x01, 0x0A, 0x01, 0x0B,
    0x06, 0x0C, 0x01, 0x0B, 0x03, 0x0A, 0x01, 0x09, 0x01, 0x08, 0x03, 0x07, 0x02, 0x06, 0x02, 0x0D,
    0x02, 0x05, 0x01, 0x04, 0x02, 0x03, 0x02, 0x02, 0x02, 0x01, 0x0C, 0x00, 0x02, 0x01, 0x02, 0x02,
    0x02, 0x03, 0x01, 0x04, 0x03, 0x05, 0x03, 0x0D, 0x01, 0x06, 0x02, 0x07, 0x02, 0x08, 0x01, 0x0A,
    0x02, 0x0B, 0x02, 0x0A, 0x04, 0x0C, 0x01, 0x0B, 0x01, 0x0C, 0x01, 0x0B, 0x01, 0x09, 0x06, 0x08,
    0x08, 0x07, 0x01, 0x08, 0x02, 0x07, 0x04, 0x08, 0x02, 0x09, 0x01, 0x0B, 0x01, 0x0C, 0x01, 0x0B,
    0x03, 0x0C, 0x01, 0x0B, 0x01, 0x0C, 0x02, 0x0A, 0x01, 0x0C, 0x01, 0x0A, 0x03, 0x08, 0x02, 0x07,
    0x02, 0x06, 0x02, 0x0D, 0x02, 0x05, 0x01, 0x04, 0x02, 0x03, 0x02, 0x02, 0x02, 0x01, 0x0C, 0x00,
    0x02, 0x01, 0x02, 0x02, 0x02, 0x03, 0x01, 0x04, 0x03, 0x05, 0x03, 0x0D, 0x01, 0x06, 0x02, 0x07,
    0x02, 0x08, 0x01, 0x09, 0x01, 0x0B, 0x01, 0x0C, 0x01, 0x0B, 0x01, 0x0A, 0x01, 0x0B, 0x04, 0x0C,
    0x01, 0x0B, 0x01, 0x0C, 0x01, 0x0B, 0x02, 0x09, 0x05, 0x08, 0x01, 0x07, 0x0C, 0x08, 0x01, 0x09,
    0x03, 0x0A, 0x06, 0x0C, 0x01, 0x0B, 0x01, 0x0A, 0x01, 0x0B, 0x01, 0x0A, 0x01, 0x09, 0x03, 0x08,
    0x01, 0x07, 0x02, 0x0D, 0x01, 0x06, 0x02, 0x0D, 0x02, 0x05, 0x01, 0x04, 0x02, 0x03, 0x02, 0x02,
    0x02, 0x01, 0x0C, 0x00, 0x02, 0x01, 0x02, 0x02, 0x02, 0x03, 0x01, 0x04, 0x03, 0x05, 0x05, 0x0D,
    0x01, 0x07, 0x03, 0x08, 0x01, 0x09, 0x01, 0x0B, 0x01, 0x0C, 0x02, 0x0A, 0x01, 0x0C, 0x01, 0x0B,
    0x01, 0x0C, 0x02, 0x0B, 0x01, 0x0C, 0x01, 0x0A, 0x01, 0x0B, 0x01, 0x0A, 0x01, 0x09, 0x0F, 0x08,
    0x01, 0x09, 0x01, 0x0A, 0x01, 0x0B, 0x02, 0x0C, 0x01, 0x0A, 0x01, 0x0B, 0x05, 0x0C, 0x02, 0x0A,
    0x01, 0x0B, 0x01, 0x09, 0x03, 0x08, 0x01, 0x07, 0x01, 0x06, 0x05, 0x0D, 0x02, 0x05, 0x01, 0x04,
    0x02, 0x03, 0x02, 0x02, 0x02, 0x01, 0x0C, 0x00, 0x02, 0x01, 0x02, 0x02, 0x02, 0x03, 0x01, 0x04,
    0x02, 0x05, 0x05, 0x0D, 0x03, 0x07, 0x03, 0x08, 0x01, 0x0A, 0x01, 0x0C, 0x01, 0x0B, 0x01, 0x0A,
    0x01, 0x0B, 0x04, 0x0C, 0x02, 0x0A, 0x02, 0x0C, 0x01, 0x0B, 0x01, 0x0A, 0x02, 0x09, 0x0A, 0x08,
    0x01, 0x09, 0x01, 0x0A, 0x01, 0x0B, 0x02, 0x0C, 0x01, 0x0B, 0x01, 0x0C, 0x01, 0x0B, 0x01, 0x0A,
    0x05, 0x0B, 0x01, 0x0A, 0x01, 0x0B, 0x01, 0x09, 0x04, 0x08, 0x01, 0x07, 0x06, 0x0D, 0x02, 0x05,
    0x01, 0x04, 0x02, 0x03, 0x02, 0x02, 0x02, 0x01, 0x0C, 0x00, 0x02, 0x01, 0x02, 0x02, 0x02, 0x03,
    0x01, 0x04, 0x02, 0x05, 0x05, 0x0D, 0x03, 0x07, 0x03, 0x08, 0x01, 0x09, 0x01, 0x0A, 0x01, 0x0C,
    0x07, 0x0A, 0x01, 0x0B, 0x01, 0x0C, 0x01, 0x0B, 0x02, 0x0C, 0x01, 0x0B, 0x02, 0x0A, 0x01, 0x09,
    0x06, 0x08, 0x01, 0x09, 0x01, 0x0A, 0x01, 0x0B, 0x05, 0x0C, 0x01, 0x0B, 0x01, 0x0C, 0x08, 0x0A,
    0x04, 0x08, 0x02, 0x07, 0x06, 0x0D, 0x02, 0x05, 0x01, 0x04, 0x02, 0x03, 0x02, 0x02, 0x02, 0x01,
    0x0C, 0x00, 0x02, 0x01, 0x02, 0x02, 0x02, 0x03, 0x01, 0x04, 0x02, 0x05, 0x06, 0x0D, 0x03, 0x07,
    0x03, 0x08, 0x01, 0x09, 0x03, 0x0A, 0x04, 0x0B, 0x02, 0x0A, 0x01, 0x0C, 0x01, 0x0B, 0x05, 0x0C,
    0x01, 0x0B, 0x01, 0x09, 0x06, 0x0A, 0x01, 0x0B, 0x01, 0x0C, 0x01, 0x0B, 0x03, 0x0C, 0x01, 0x0B,
    0x01, 0x0C, 0x02, 0x0A, 0x01, 0x0C, 0x02, 0x0B, 0x01, 0x0C, 0x01, 0x0B, 0x01, 0x09, 0x04, 0x08,
    0x02, 0x07, 0x07, 0x0D, 0x02, 0x05, 0x01, 0x04, 0x02, 0x03, 0x02, 0x02, 0x02, 0x01, 0x0C, 0x00,
    0x02, 0x01, 0x02, 0x02, 0x02, 0x03, 0x01, 0x04, 0x02, 0x05, 0x06, 0x0D, 0x04, 0x07, 0x04, 0x08,
    0x01, 0x09, 0x05, 0x0C, 0x01, 0x0B, 0x01, 0x0A, 0x01, 0x0B, 0x03, 0x0C, 0x02, 0x0B, 0x01, 0x0C,
    0x02, 0x0A, 0x05, 0x0C, 0x01, 0x0B, 0x01, 0x0A, 0x06, 0x0C, 0x01, 0x0B, 0x01, 0x0A, 0x01, 0x0B,
    0x01, 0x0C, 0x01, 0x0B, 0x01, 0x0C, 0x01, 0x0B, 0x01, 0x09, 0x05, 0x08, 0x02, 0x07, 0x02, 0x0D,
    0x01, 0x07, 0x04, 0x0D, 0x02, 0x05, 0x01, 0x04, 0x02, 0x03, 0x02, 0x02, 0x02, 0x01, 0x0C, 0x00,
    0x02, 0x01, 0x02, 0x02, 0x02, 0x03, 0x01, 0x04, 0x02, 0x05, 0x01, 0x0D, 0x01, 0x05, 0x04, 0x0D,
    0x04, 0x07, 0x04, 0x08, 0x01, 0x09, 0x01, 0x0A, 0x02, 0x0C, 0x02, 0x0B, 0x01, 0x0C, 0x02, 0x0A,
    0x05, 0x0C, 0x01, 0x0B, 0x01, 0x0A, 0x01, 0x0B, 0x01, 0x0C, 0x04, 0x0B, 0x01, 0x0C, 0x02, 0x0A,
    0x05, 0x0C, 0x02, 0x0A, 0x01, 0x0C, 0x01, 0x0B, 0x01, 0x0C, 0x01, 0x0B, 0x03, 0x09, 0x03, 0x08,
    0x03, 0x07, 0x08, 0x0D, 0x01, 0x05, 0x01, 0x04, 0x02, 0x03, 0x02, 0x02, 0x02, 0x01, 0x0B, 0x00,
    0x03, 0x01, 0x02, 0x02, 0x02, 0x03, 0x03, 0x05, 0x01, 0x0D, 0x01, 0x05, 0x04, 0x0D, 0x04, 0x07,
    0x04, 0x08, 0x02, 0x09, 0x01, 0x0A, 0x01, 0x0B, 0x04, 0x0C, 0x01, 0x0A, 0x05, 0x0B, 0x02, 0x0A,
    0x07, 0x0C, 0x01, 0x0B, 0x01, 0x0A, 0x05, 0x0B, 0x01, 0x0A, 0x01, 0x0B, 0x02, 0x0C, 0x01, 0x0A,
    0x04, 0x09, 0x03, 0x08, 0x05, 0x07, 0x06, 0x0D, 0x02, 0x05, 0x02, 0x03, 0x02, 0x02, 0x02, 0x01,
    0x0B, 0x00, 0x03, 0x01, 0x02, 0x02, 0x02, 0x03, 0x03, 0x05, 0x01, 0x0D, 0x01, 0x05, 0x03, 0x0D,
    0x05, 0x07, 0x04, 0x08, 0x02, 0x09, 0x01, 0x0A, 0x01, 0x0B, 0x02, 0x0C, 0x01, 0x0B, 0x01, 0x0C,
    0x07, 0x0A, 0x01, 0x0C, 0x01, 0x0B, 0x05, 0x0C, 0x01, 0x0B, 0x01, 0x0C, 0x07, 0x0A, 0x01, 0x0C,
    0x01, 0x0B, 0x01, 0x0C, 0x01, 0x0B, 0x01, 0x0A, 0x03, 0x09, 0x01, 0x08, 0x01, 0x07, 0x01, 0x08,
    0x05, 0x07, 0x06, 0x0D, 0x02, 0x05, 0x02, 0x03, 0x02, 0x02, 0x03, 0x01, 0x0A, 0x00, 0x02, 0x01,
    0x03, 0x02, 0x02, 0x03, 0x03, 0x05, 0x05, 0x0D, 0x04, 0x07, 0x05, 0x08, 0x01, 0x09, 0x01, 0x0B,
    0x05, 0x0C, 0x01, 0x0B, 0x01, 0x0A, 0x01, 0x0B, 0x01, 0x0C, 0x02, 0x0B, 0x01, 0x0C, 0x02, 0x0A,
    0x01, 0x0C, 0x01, 0x0B, 0x05, 0x0C, 0x02, 0x0A, 0x05, 0x0C, 0x01, 0x0A, 0x01, 0x0B, 0x01, 0x0C,
    0x01, 0x0B, 0x02, 0x0C, 0x01, 0x0A, 0x02, 0x09, 0x04, 0x08, 0x04, 0x07, 0x06, 0x0D, 0x02, 0x05,
    0x03, 0x03, 0x02, 0x02, 0x02, 0x01, 0x0A, 0x00, 0x02, 0x01, 0x02, 0x02, 0x02, 0x03, 0x01, 0x04,
    0x03, 0x05, 0x05, 0x0D, 0x03, 0x07, 0x04, 0x08, 0x02, 0x09, 0x01, 0x0B, 0x01, 0x0C, 0x01, 0x0B,
    0x02, 0x0C, 0x01, 0x0B, 0x01, 0x0C, 0x02, 0x0A, 0x05, 0x0C, 0x01, 0x0B, 0x01, 0x0A, 0x01, 0x0B,
    0x01, 0x0C, 0x04, 0x0B, 0x01, 0x0C, 0x02, 0x0A, 0x05, 0x0C, 0x02, 0x0A, 0x02, 0x0C, 0x02, 0x0B,
    0x01, 0x0C, 0x01, 0x0B, 0x01, 0x0A, 0x05, 0x08, 0x03, 0x07, 0x06, 0x0D, 0x02, 0x05, 0x01, 0x04,
    0x02, 0x03, 0x02, 0x02, 0x02, 0x01, 0x0A, 0x00, 0x02, 0x01, 0x02, 0x02, 0x02, 0x03, 0x01, 0x04,
    0x02, 0x05, 0x06, 0x0D, 0x02, 0x07, 0x04, 0x08, 0x01, 0x09, 0x03, 0x0A, 0x05, 0x0C, 0x01, 0x0B,
    0x01, 0x0A, 0x01, 0x0B, 0x01, 0x0C, 0x04, 0x0B, 0x01, 0x0C, 0x02, 0x0A, 0x05, 0x0C, 0x02, 0x0A,
    0x01, 0x0C, 0x01, 0x0B, 0x03, 0x0C, 0x01, 0x0B, 0x01, 0x0C, 0x02, 0x0A, 0x05, 0x0C, 0x02, 0x0A,
    0x01, 0x09, 0x04, 0x08, 0x01, 0x07, 0x01, 0x06, 0x06, 0x0D, 0x02, 0x05, 0x01, 0x04, 0x02, 0x03,
    0x02, 0x02, 0x02, 0x01, 0x09, 0x00, 0x03, 0x01, 0x02, 0x02, 0x02, 0x03, 0x01, 0x04, 0x02, 0x05,
    0x06, 0x0D, 0x02, 0x07, 0x03, 0x08, 0x01, 0x09, 0x01, 0x0B, 0x02, 0x0C, 0x02, 0x0A, 0x04, 0x0B,
    0x02, 0x0A, 0x01, 0x0C, 0x01, 0x0B, 0x04, 0x0C, 0x01, 0x0B, 0x01, 0x0A, 0x01, 0x09, 0x05, 0x0A,
    0x01, 0x09, 0x01, 0x0B, 0x07, 0x0C, 0x01, 0x0B, 0x04, 0x0A, 0x01, 0x0B, 0x02, 0x0A, 0x01, 0x0C,
    0x01, 0x0B, 0x01, 0x09, 0x04, 0x08, 0x02, 0x07, 0x05, 0x0D, 0x02, 0x05, 0x01, 0x04, 0x02, 0x03,
    0x02, 0x02, 0x03, 0x01, 0x08, 0x00, 0x03, 0x01, 0x02, 0x02, 0x02, 0x03, 0x01, 0x04, 0x02, 0x05,
    0x05, 0x0D, 0x02, 0x07, 0x03, 0x08, 0x01, 0x09, 0x01, 0x0B, 0x01, 0x0C, 0x01, 0x0B, 0x01, 0x0C,
    0x07, 0x0A, 0x01, 0x0B, 0x03, 0x0C, 0x01, 0x0B, 0x01, 0x0A, 0x03, 0x09, 0x07, 0x08, 0x01, 0x09,
    0x02, 0x0A, 0x05, 0x0C, 0x01, 0x0B, 0x07, 0x0A, 0x02, 0x0C, 0x01, 0x0B, 0x01, 0x09, 0x03, 0x08,
    0x03, 0x07, 0x05, 0x0D, 0x02, 0x05, 0x02, 0x03, 0x02, 0x02, 0x03, 0x01, 0x08, 0x00, 0x03, 0x01,
    0x01, 0x02, 0x02, 0x03, 0x02, 0x04, 0x02, 0x05, 0x04, 0x0D, 0x03, 0x07, 0x02, 0x08, 0x01, 0x09,
    0x01, 0x0B, 0x01, 0x0C, 0x01, 0x0B, 0x02, 0x0C, 0x01, 0x0A, 0x01, 0x0B, 0x01, 0x0C, 0x02, 0x0B,
    0x01, 0x0C, 0x02, 0x0A, 0x01, 0x0C, 0x01, 0x0A, 0x02, 0x09, 0x0D, 0x08, 0x02, 0x09, 0x01, 0x0A,
    0x01, 0x0B, 0x02, 0x0C, 0x02, 0x0A, 0x05, 0x0C, 0x01, 0x0A, 0x01, 0x0B, 0x02, 0x0C, 0x01, 0x0B,
    0x01, 0x09, 0x03, 0x08, 0x02, 0x07, 0x04, 0x0D, 0x03, 0x05, 0x03, 0x03, 0x01, 0x02, 0x03, 0x01,
    0x08, 0x00, 0x02, 0x01, 0x02, 0x02, 0x02, 0x03, 0x01, 0x04, 0x03, 0x05, 0x01, 0x0D, 0x02, 0x06,
    0x01, 0x0D, 0x01, 0x07, 0x03, 0x08, 0x01, 0x09, 0x01, 0x0B, 0x01, 0x0C, 0x02, 0x0B, 0x01, 0x0C,
    0x02, 0x0A, 0x01, 0x0C, 0x01, 0x0B, 0x04, 0x0C, 0x01, 0x0A, 0x02, 0x09, 0x12, 0x08, 0x02, 0x09,
    0x02, 0x0A, 0x01, 0x0B, 0x01, 0x0C, 0x01, 0x0B, 0x01, 0x0C, 0x01, 0x0B, 0x01, 0x0C, 0x02, 0x0A,
    0x01, 0x0C, 0x03, 0x0B, 0x01, 0x09, 0x02, 0x08, 0x02, 0x07, 0x01, 0x06, 0x03, 0x0D, 0x03, 0x05,
    0x01, 0x04, 0x02, 0x03, 0x02, 0x02, 0x02, 0x01, 0x08, 0x00, 0x02, 0x01, 0x02, 0x02, 0x02, 0x03,
    0x01, 0x04, 0x03, 0x05, 0x03, 0x06, 0x02, 0x07, 0x03, 0x08, 0x01, 0x0A, 0x05, 0x0C, 0x01, 0x0A,
    0x01, 0x0B, 0x02, 0x0C, 0x01, 0x0B, 0x01, 0x0C, 0x01, 0x0B, 0x01, 0x0A, 0x01, 0x09, 0x07, 0x08,
    0x01, 0x07, 0x02, 0x08, 0x02, 0x07, 0x03, 0x08, 0x01, 0x07, 0x05, 0x08, 0x01, 0x09, 0x01, 0x08,
    0x01, 0x09, 0x02, 0x0C, 0x01, 0x0B, 0x01, 0x0C, 0x02, 0x0B, 0x01, 0x0C, 0x01, 0x0A, 0x01, 0x0B,
    0x03, 0x0C, 0x01, 0x0B, 0x01, 0x09, 0x02, 0x08, 0x01, 0x07, 0x03, 0x06, 0x01, 0x0D, 0x03, 0x05,
    0x01, 0x04, 0x02, 0x03, 0x02, 0x02, 0x02, 0x01, 0x07, 0x00, 0x03, 0x01, 0x02, 0x02, 0x02, 0x03,
    0x01, 0x04, 0x03, 0x05, 0x03, 0x06, 0x01, 0x07, 0x02, 0x08, 0x02, 0x09, 0x01, 0x0A, 0x04, 0x0B,
    0x02, 0x0A, 0x02, 0x0C, 0x01, 0x0B, 0x01, 0x0C, 0x01, 0x0B, 0x01, 0x09, 0x05, 0x08, 0x10, 0x07,
    0x05, 0x08, 0x01, 0x09, 0x01, 0x0B, 0x02, 0x0C, 0x02, 0x0B, 0x01, 0x0C, 0x01, 0x0B, 0x06, 0x0A,
    0x03, 0x08, 0x01, 0x07, 0x02, 0x06, 0x01, 0x0D, 0x04, 0x05, 0x02, 0x03, 0x02, 0x02, 0x03, 0x01,
    0x06, 0x00, 0x03, 0x01, 0x02, 0x02, 0x01, 0x03, 0x02, 0x04, 0x03, 0x05, 0x02, 0x06, 0x02, 0x07,
    0x02, 0x08, 0x01, 0x0A, 0x01, 0x0B, 0x06, 0x0A, 0x01, 0x0B, 0x01, 0x0C, 0x01, 0x0B, 0x01, 0x0C,
    0x01, 0x0A, 0x01, 0x09, 0x04, 0x08, 0x11, 0x07, 0x01, 0x08, 0x01, 0x07, 0x05, 0x08, 0x01, 0x09,
    0x01, 0x0A, 0x04, 0x0C, 0x01, 0x0B, 0x06, 0x0A, 0x02, 0x09, 0x02, 0x08, 0x03, 0x06, 0x04, 0x05,
    0x01, 0x04, 0x01, 0x03, 0x02, 0x02, 0x03, 0x01, 0x06, 0x00, 0x03, 0x01, 0x02, 0x02, 0x01, 0x03,
    0x02, 0x04, 0x03, 0x05, 0x02, 0x06, 0x01, 0x07, 0x02, 0x08, 0x01, 0x09, 0x01, 0x0B, 0x01, 0x0A,
    0x01, 0x0B, 0x04, 0x0C, 0x01, 0x0B, 0x01, 0x0A, 0x02, 0x0C, 0x01, 0x0A, 0x01, 0x09, 0x04, 0x08,
    0x17, 0x07, 0x03, 0x08, 0x01, 0x09, 0x01, 0x0A, 0x01, 0x0C, 0x01, 0x0B, 0x01, 0x0C, 0x02, 0x0A,
    0x05, 0x0C, 0x01, 0x0A, 0x01, 0x09, 0x02, 0x08, 0x01, 0x07, 0x02, 0x06, 0x04, 0x05, 0x01, 0x04,
    0x01, 0x03, 0x02, 0x02, 0x03, 0x01, 0x06, 0x00, 0x03, 0x01, 0x01, 0x02, 0x02, 0x03, 0x02, 0x04,
    0x02, 0x05, 0x01, 0x0D, 0x02, 0x06, 0x02, 0x08, 0x01, 0x09, 0x01, 0x0A, 0x01, 0x0B, 0x01, 0x0A,
    0x04, 0x0C, 0x01, 0x0B, 0x01, 0x0C, 0x03, 0x0A, 0x01, 0x09, 0x04, 0x08, 0x0A, 0x07, 0x01, 0x0D,
    0x0E, 0x07, 0x03, 0x08, 0x01, 0x09, 0x01, 0x0A, 0x01, 0x0C, 0x02, 0x0A, 0x01, 0x0C, 0x01, 0x0B,
    0x01, 0x0C, 0x02, 0x0B, 0x01, 0x0C, 0x01, 0x0A, 0x02, 0x09, 0x02, 0x08, 0x01, 0x07, 0x02, 0x06,
    0x01, 0x0D, 0x02, 0x05, 0x01, 0x04, 0x02, 0x03, 0x02, 0x02, 0x02, 0x01, 0x06, 0x00, 0x02, 0x01,
    0x02, 0x02, 0x02, 0x03, 0x02, 0x04, 0x02, 0x05, 0x02, 0x06, 0x01, 0x07, 0x02, 0x08, 0x01, 0x09,
    0x01, 0x0B, 0x01, 0x0A, 0x01, 0x0B, 0x04, 0x0C, 0x03, 0x0B, 0x02, 0x09, 0x04, 0x08, 0x06, 0x07,
    0x02, 0x0D, 0x03, 0x07, 0x02, 0x0D, 0x06, 0x07, 0x01, 0x0D, 0x06, 0x07, 0x04, 0x08, 0x01, 0x09,
    0x03, 0x0A, 0x01, 0x0C, 0x01, 0x0B, 0x05, 0x0C, 0x01, 0x0A, 0x01, 0x09, 0x02, 0x08, 0x01, 0x07,
    0x02, 0x06, 0x01, 0x0D, 0x03, 0x05, 0x02, 0x03, 0x02, 0x02, 0x02, 0x01, 0x06, 0x00, 0x02, 0x01,
    0x02, 0x02, 0x02, 0x03, 0x02, 0x04, 0x02, 0x05, 0x02, 0x06, 0x02, 0x08, 0x01, 0x09, 0x03, 0x0A,
    0x07, 0x0C, 0x01, 0x0B, 0x01, 0x09, 0x03, 0x08, 0x07, 0x07, 0x04, 0x0D, 0x02, 0x07, 0x01, 0x0D,
    0x05, 0x07, 0x04, 0x0D, 0x07, 0x07, 0x04, 0x08, 0x01, 0x0A, 0x01, 0x0C, 0x01, 0x0B, 0x06, 0x0C,
    0x01, 0x0B, 0x02, 0x09, 0x01, 0x08, 0x01, 0x07, 0x03, 0x06, 0x03, 0x05, 0x01, 0x04, 0x01, 0x03,
    0x02, 0x02, 0x02, 0x01, 0x05, 0x00, 0x03, 0x01, 0x02, 0x02, 0x01, 0x03, 0x03, 0x04, 0x02, 0x05,
    0x02, 0x06, 0x02, 0x08, 0x01, 0x09, 0x03, 0x0A, 0x01, 0x0C, 0x01, 0x0B, 0x04, 0x0C, 0x01, 0x0B,
    0x01, 0x09, 0x03, 0x08, 0x08, 0x07, 0x05, 0x0D, 0x05, 0x07, 0x06, 0x0D, 0x08, 0x07, 0x03, 0x08,
    0x01, 0x09, 0x01, 0x0B, 0x01, 0x0C, 0x01, 0x0B, 0x03, 0x0C, 0x01, 0x0B, 0x01, 0x0C, 0x02, 0x0A,
    0x01, 0x09, 0x02, 0x08, 0x01, 0x07, 0x02, 0x06, 0x03, 0x05, 0x01, 0x04, 0x01, 0x03, 0x02, 0x02,
    0x03, 0x01, 0x04, 0x00, 0x03, 0x01, 0x02, 0x02, 0x01, 0x03, 0x03, 0x04, 0x01, 0x05, 0x02, 0x06,
    0x01, 0x07, 0x02, 0x08, 0x01, 0x0A, 0x01, 0x0C, 0x01, 0x0B, 0x01, 0x0A, 0x01, 0x0B, 0x03, 0x0C,
    0x01, 0x0B, 0x01, 0x0C, 0x01, 0x0A, 0x04, 0x08, 0x05, 0x07, 0x01, 0x0D, 0x02, 0x07, 0x03, 0x0D,
    0x03, 0x07, 0x07, 0x0D, 0x01, 0x07, 0x03, 0x0D, 0x08, 0x07, 0x03, 0x08, 0x01, 0x09, 0x01, 0x0C,
    0x01, 0x0B, 0x04, 0x0C, 0x01, 0x0B, 0x01, 0x0A, 0x01, 0x0B, 0x01, 0x0A, 0x01, 0x09, 0x01, 0x08,
    0x01, 0x07, 0x02, 0x06, 0x02, 0x05, 0x02, 0x04, 0x01, 0x03, 0x02, 0x02, 0x03, 0x01, 0x04, 0x00,
    0x03, 0x01, 0x02, 0x02, 0x01, 0x03, 0x03, 0x04, 0x01, 0x05, 0x02, 0x06, 0x02, 0x08, 0x01, 0x09,
    0x01, 0x0A, 0x02, 0x0C, 0x02, 0x0A, 0x01, 0x0C, 0x02, 0x0B, 0x01, 0x0C, 0x01, 0x0A, 0x01, 0x09,
    0x01, 0x08, 0x01, 0x07, 0x01, 0x08, 0x03, 0x07, 0x01, 0x0D, 0x02, 0x07, 0x16, 0x0D, 0x07, 0x07,
    0x03, 0x08, 0x01, 0x0A, 0x01, 0x0C, 0x03, 0x0B, 0x01, 0x0C, 0x02, 0x0A, 0x01, 0x0C, 0x01, 0x0B,
    0x01, 0x09, 0x02, 0x08, 0x03, 0x06, 0x01, 0x05, 0x02, 0x04, 0x01, 0x03, 0x02, 0x02, 0x03, 0x01,
    0x04, 0x00, 0x03, 0x01, 0x02, 0x02, 0x01, 0x03, 0x03, 0x04, 0x01, 0x05, 0x02, 0x06, 0x02, 0x08,
    0x01, 0x09, 0x03, 0x0C, 0x01, 0x0B, 0x01, 0x0A, 0x01, 0x0B, 0x02, 0x0C, 0x01, 0x0B, 0x01, 0x09,
    0x03, 0x08, 0x03, 0x07, 0x08, 0x0D, 0x01, 0x06, 0x02, 0x0D, 0x08, 0x05, 0x08, 0x0D, 0x01, 0x07,
    0x02, 0x0D, 0x03, 0x07, 0x03, 0x08, 0x01, 0x09, 0x01, 0x0B, 0x03, 0x0C, 0x01, 0x0B, 0x01, 0x0A,
    0x01, 0x0B, 0x02, 0x0C, 0x01, 0x0A, 0x02, 0x08, 0x03, 0x06, 0x01, 0x05, 0x02, 0x04, 0x01, 0x03,
    0x02, 0x02, 0x03, 0x01, 0x04, 0x00, 0x03, 0x01, 0x02, 0x02, 0x01, 0x03, 0x01, 0x04, 0x02, 0x05,
    0x03, 0x06, 0x01, 0x08, 0x01, 0x09, 0x01, 0x0A, 0x04, 0x0C, 0x05, 0x0A, 0x02, 0x08, 0x04, 0x07,
    0x08, 0x0D, 0x02, 0x06, 0x05, 0x05, 0x03, 0x04, 0x04, 0x05, 0x0A, 0x0D, 0x03, 0x07, 0x03, 0x08,
    0x01, 0x09, 0x05, 0x0A, 0x01, 0x0C, 0x01, 0x0B, 0x01, 0x0C, 0x01, 0x0A, 0x01, 0x09, 0x01, 0x08,
    0x03, 0x06, 0x02, 0x05, 0x01, 0x04, 0x02, 0x03, 0x01, 0x02, 0x03, 0x01, 0x04, 0x00, 0x02, 0x01,
    0x02, 0x02, 0x02, 0x03, 0x01, 0x04, 0x02, 0x05, 0x02, 0x06, 0x02, 0x08, 0x01, 0x09, 0x01, 0x0A,
    0x01, 0x0C, 0x02, 0x0B, 0x01, 0x0C, 0x01, 0x0B, 0x03, 0x0A, 0x01, 0x09, 0x02, 0x08, 0x03, 0x07,
    0x06, 0x0D, 0x01, 0x07, 0x02, 0x0D, 0x03, 0x05, 0x03, 0x04, 0x04, 0x03, 0x04, 0x04, 0x02, 0x05,
    0x08, 0x0D, 0x04, 0x07, 0x02, 0x08, 0x01, 0x09, 0x01, 0x0A, 0x02, 0x0B, 0x02, 0x0A, 0x01, 0x0C,
    0x01, 0x0B, 0x01, 0x0C, 0x01, 0x0B, 0x01, 0x09, 0x01, 0x08, 0x03, 0x06, 0x02, 0x05, 0x01, 0x04,
    0x02, 0x03, 0x02, 0x02, 0x02, 0x01, 0x04, 0x00, 0x02, 0x01, 0x02, 0x02, 0x02, 0x03, 0x02, 0x04,
    0x01, 0x05, 0x02, 0x06, 0x02, 0x08, 0x01, 0x09, 0x01, 0x0B, 0x01, 0x0C, 0x02, 0x0B, 0x01, 0x0C,
    0x01, 0x0A, 0x01, 0x0B, 0x01, 0x0C, 0x01, 0x0A, 0x01, 0x09, 0x02, 0x08, 0x03, 0x07, 0x04, 0x0D,
    0x02, 0x07, 0x02, 0x0D, 0x03, 0x05, 0x01, 0x04, 0x0A, 0x03, 0x02, 0x04, 0x02, 0x05, 0x07, 0x0D,
    0x05, 0x07, 0x01, 0x08, 0x01, 0x09, 0x01, 0x0A, 0x03, 0x0C, 0x01, 0x0A, 0x01, 0x0B, 0x01, 0x0C,
    0x02, 0x0B, 0x01, 0x09, 0x02, 0x08, 0x02, 0x06, 0x02, 0x05, 0x01, 0x04, 0x02, 0x03, 0x02, 0x02,
    0x02, 0x01, 0x04, 0x00, 0x02, 0x01, 0x02, 0x02, 0x02, 0x03, 0x02, 0x04, 0x01, 0x05, 0x02, 0x06,
    0x01, 0x07, 0x02, 0x09, 0x03, 0x0B, 0x01, 0x0C, 0x02, 0x0A, 0x02, 0x0C, 0x01, 0x09, 0x02, 0x08,
    0x03, 0x07, 0x03, 0x0D, 0x02, 0x07, 0x03, 0x0D, 0x02, 0x05, 0x01, 0x04, 0x0E, 0x03, 0x01, 0x04,
    0x02, 0x05, 0x08, 0x0D, 0x01, 0x06, 0x02, 0x07, 0x02, 0x08, 0x01, 0x09, 0x01, 0x0B, 0x02, 0x0C,
    0x01, 0x0B, 0x01, 0x0A, 0x01, 0x0C, 0x01, 0x0B, 0x01, 0x0C, 0x01, 0x0A, 0x02, 0x08, 0x02, 0x06,
    0x02, 0x05, 0x02, 0x04, 0x01, 0x03, 0x02, 0x02, 0x02, 0x01, 0x04, 0x00, 0x02, 0x01, 0x02, 0x02,
    0x02, 0x03, 0x02, 0x04, 0x01, 0x05, 0x02, 0x06, 0x01, 0x07, 0x01, 0x08, 0x01, 0x0A, 0x04, 0x0C,
    0x01, 0x0A, 0x01, 0x0B, 0x01, 0x0C, 0x01, 0x0A, 0x01, 0x09, 0x02, 0x08, 0x02, 0x07, 0x02, 0x0D,
    0x03, 0x07, 0x03, 0x0D, 0x02, 0x05, 0x01, 0x04, 0x04, 0x03, 0x08, 0x02, 0x04, 0x03, 0x01, 0x04,
    0x02, 0x05, 0x08, 0x0D, 0x02, 0x07, 0x02, 0x08, 0x01, 0x09, 0x01, 0x0A, 0x01, 0x0C, 0x01, 0x0B,
    0x01, 0x0C, 0x02, 0x0A, 0x02, 0x0C, 0x01, 0x0A, 0x02, 0x08, 0x02, 0x06, 0x02, 0x05, 0x01, 0x04,
    0x02, 0x03, 0x02, 0x02, 0x02, 0x01, 0x04, 0x00, 0x02, 0x01, 0x02, 0x02, 0x02, 0x03, 0x02, 0x04,
    0x01, 0x05, 0x02, 0x06, 0x02, 0x08, 0x06, 0x0A, 0x02, 0x0C, 0x01, 0x0A, 0x01, 0x09, 0x02, 0x08,
    0x06, 0x07, 0x04, 0x0D, 0x01, 0x05, 0x01, 0x04, 0x04, 0x03, 0x0A, 0x02, 0x04, 0x03, 0x01, 0x04,
    0x02, 0x05, 0x04, 0x0D, 0x01, 0x07, 0x01, 0x0D, 0x03, 0x07, 0x03, 0x08, 0x01, 0x0A, 0x01, 0x0C,
    0x01, 0x0B, 0x01, 0x0C, 0x01, 0x0B, 0x03, 0x0A, 0x01, 0x09, 0x01, 0x08, 0x01, 0x07, 0x02, 0x06,
    0x02, 0x05, 0x02, 0x04, 0x01, 0x03, 0x02, 0x02, 0x02, 0x01, 0x04, 0x00, 0x02, 0x01, 0x02, 0x02,
    0x02, 0x03, 0x02, 0x04, 0x01, 0x05, 0x02, 0x06, 0x02, 0x08, 0x06, 0x0A, 0x01, 0x0C, 0x01, 0x0B,
    0x01, 0x09, 0x03, 0x08, 0x05, 0x07, 0x04, 0x0D, 0x02, 0x05, 0x01, 0x04, 0x03, 0x03, 0x0C, 0x02,
    0x03, 0x03, 0x02, 0x04, 0x01, 0x05, 0x06, 0x0D, 0x03, 0x07, 0x03, 0x08, 0x01, 0x09, 0x02, 0x0B,
    0x01, 0x0C, 0x02, 0x0A, 0x02, 0x0B, 0x01, 0x0A, 0x01, 0x09, 0x01, 0x08, 0x02, 0x06, 0x02, 0x05,
    0x02, 0x04, 0x01, 0x03, 0x02, 0x02, 0x02, 0x01, 0x04, 0x00, 0x02, 0x01, 0x02, 0x02, 0x02, 0x03,
    0x02, 0x04, 0x01, 0x05, 0x01, 0x06, 0x01, 0x07, 0x01, 0x08, 0x01, 0x09, 0x01, 0x0B, 0x03, 0x0C,
    0x01, 0x0B, 0x01, 0x0A, 0x02, 0x0B, 0x01, 0x09, 0x02, 0x08, 0x04, 0x07, 0x06, 0x0D, 0x01, 0x05,
    0x01, 0x04, 0x03, 0x03, 0x05, 0x02, 0x04, 0x01, 0x05, 0x02, 0x03, 0x03, 0x01, 0x04, 0x02, 0x05,
    0x06, 0x0D, 0x03, 0x07, 0x02, 0x08, 0x01, 0x09, 0x01, 0x0A, 0x01, 0x0C, 0x01, 0x0B, 0x01, 0x0A,
    0x01, 0x0B, 0x02, 0x0C, 0x01, 0x0A, 0x01, 0x09, 0x01, 0x08, 0x02, 0x06, 0x01, 0x05, 0x03, 0x04,
    0x01, 0x03, 0x02, 0x02, 0x02, 0x01, 0x04, 0x00, 0x02, 0x01, 0x02, 0x02, 0x02, 0x03, 0x02, 0x04,
    0x01, 0x05, 0x02, 0x06, 0x01, 0x08, 0x01, 0x09, 0x01, 0x0B, 0x01, 0x0C, 0x02, 0x0B, 0x01, 0x0C,
    0x03, 0x0A, 0x01, 0x09, 0x02, 0x08, 0x03, 0x07, 0x05, 0x0D, 0x03, 0x05, 0x01, 0x04, 0x03, 0x03,
    0x04, 0x02, 0x06, 0x01, 0x05, 0x02, 0x02, 0x03, 0x01, 0x04, 0x02, 0x05, 0x07, 0x0D, 0x02, 0x07,
    0x02, 0x08, 0x01, 0x09, 0x01, 0x0A, 0x01, 0x0C, 0x02, 0x0A, 0x01, 0x0C, 0x01, 0x0B, 0x01, 0x0C,
    0x01, 0x0A, 0x01, 0x09, 0x01, 0x08, 0x01, 0x07, 0x01, 0x06, 0x01, 0x05, 0x03, 0x04, 0x01, 0x03,
    0x02, 0x02, 0x02, 0x01, 0x04, 0x00, 0x02, 0x01, 0x02, 0x02, 0x02, 0x03, 0x03, 0x04, 0x02, 0x06,
    0x01, 0x08, 0x01, 0x09, 0x01, 0x0B, 0x01, 0x0C, 0x01, 0x0B, 0x03, 0x0C, 0x01, 0x0A, 0x02, 0x09,
    0x03, 0x08, 0x01, 0x07, 0x06, 0x0D, 0x03, 0x05, 0x01, 0x04, 0x02, 0x03, 0x04, 0x02, 0x08, 0x01,
    0x04, 0x02, 0x03, 0x03, 0x02, 0x05, 0x07, 0x0D, 0x03, 0x07, 0x01, 0x08, 0x01, 0x09, 0x01, 0x0A,
    0x01, 0x0B, 0x01, 0x0A, 0x02, 0x0C, 0x01, 0x0B, 0x01, 0x0C, 0x01, 0x0A, 0x01, 0x09, 0x01, 0x08,
    0x01, 0x07, 0x02, 0x06, 0x01, 0x05, 0x02, 0x04, 0x01, 0x03, 0x02, 0x02, 0x02, 0x01, 0x04, 0x00,
    0x02, 0x01, 0x02, 0x02, 0x02, 0x03, 0x01, 0x04, 0x01, 0x05, 0x03, 0x06, 0x01, 0x08, 0x01, 0x09,
    0x01, 0x0B, 0x03, 0x0C, 0x01, 0x0B, 0x01, 0x0C, 0x01, 0x0B, 0x01, 0x09, 0x03, 0x08, 0x01, 0x07,
    0x07, 0x0D, 0x03, 0x05, 0x03, 0x03, 0x03, 0x02, 0x0A, 0x01, 0x03, 0x02, 0x03, 0x03, 0x01, 0x04,
    0x01, 0x05, 0x08, 0x0D, 0x02, 0x07, 0x02, 0x08, 0x01, 0x09, 0x02, 0x0A, 0x01, 0x0C, 0x02, 0x0B,
    0x01, 0x0C, 0x01, 0x0A, 0x01, 0x09, 0x01, 0x08, 0x01, 0x07, 0x02, 0x06, 0x02, 0x05, 0x01, 0x04,
    0x01, 0x03, 0x02, 0x02, 0x02, 0x01, 0x04, 0x00, 0x02, 0x01, 0x02, 0x02, 0x01, 0x03, 0x01, 0x04,
    0x02, 0x05, 0x03, 0x06, 0x01, 0x08, 0x01, 0x09, 0x01, 0x0B, 0x03, 0x0C, 0x01, 0x0B, 0x01, 0x0C,
    0x01, 0x0A, 0x01, 0x09, 0x02, 0x08, 0x02, 0x07, 0x06, 0x0D, 0x01, 0x05, 0x01, 0x0D, 0x02, 0x05,
    0x03, 0x03, 0x03, 0x02, 0x0A, 0x01, 0x04, 0x02, 0x02, 0x03, 0x01, 0x04, 0x01, 0x05, 0x08, 0x0D,
    0x02, 0x07, 0x02, 0x08, 0x01, 0x0A, 0x01, 0x0B, 0x01, 0x0A, 0x02, 0x0C, 0x01, 0x0B, 0x01, 0x0C,
    0x01, 0x0A, 0x01, 0x09, 0x01, 0x08, 0x01, 0x07, 0x01, 0x06, 0x02, 0x05, 0x01, 0x04, 0x02, 0x03,
    0x02, 0x02, 0x02, 0x01, 0x04, 0x00, 0x02, 0x01, 0x02, 0x02, 0x01, 0x03, 0x03, 0x04, 0x01, 0x05,
    0x02, 0x06, 0x01, 0x08, 0x01, 0x09, 0x01, 0x0B, 0x01, 0x0C, 0x01, 0x0B, 0x03, 0x0C, 0x01, 0x0A,
    0x02, 0x09, 0x01, 0x08, 0x02, 0x07, 0x06, 0x0D, 0x04, 0x05, 0x03, 0x03, 0x03, 0x02, 0x05, 0x01,
    0x01, 0x00, 0x04, 0x01, 0x04, 0x02, 0x02, 0x03, 0x01, 0x04, 0x01, 0x05, 0x07, 0x0D, 0x02, 0x07,
    0x02, 0x08, 0x01, 0x09, 0x01, 0x0A, 0x01, 0x0C, 0x02, 0x0A, 0x01, 0x0C, 0x01, 0x0B, 0x01, 0x0C,
    0x01, 0x0A, 0x01, 0x09, 0x01, 0x08, 0x01, 0x07, 0x01, 0x06, 0x02, 0x05, 0x02, 0x04, 0x01, 0x03,
    0x02, 0x02, 0x02, 0x01, 0x04, 0x00, 0x02, 0x01, 0x02, 0x02, 0x01, 0x03, 0x04, 0x04, 0x02, 0x06,
    0x01, 0x08, 0x01, 0x09, 0x01, 0x0A, 0x01, 0x0C, 0x01, 0x0B, 0x02, 0x0C, 0x02, 0x0A, 0x02, 0x09,
    0x01, 0x08, 0x01, 0x07, 0x01, 0x06, 0x06, 0x0D, 0x04, 0x05, 0x03, 0x03, 0x03, 0x02, 0x0A, 0x01,
    0x04, 0x02, 0x02, 0x03, 0x01, 0x04, 0x01, 0x05, 0x07, 0x0D, 0x02, 0x07, 0x02, 0x08, 0x01, 0x09,
    0x01, 0x0A, 0x01, 0x0C, 0x01, 0x0B, 0x01, 0x0A, 0x01, 0x0B, 0x02, 0x0C, 0x01, 0x0A, 0x01, 0x09,
    0x01, 0x08, 0x02, 0x06, 0x01, 0x05, 0x03, 0x04, 0x01, 0x03, 0x02, 0x02, 0x02, 0x01, 0x04, 0x00,
    0x02, 0x01, 0x02, 0x02, 0x01, 0x03, 0x03, 0x04, 0x01, 0x05, 0x02, 0x06, 0x01, 0x08, 0x01, 0x09,
    0x01, 0x0B, 0x03, 0x0C, 0x01, 0x0B, 0x01, 0x0A, 0x01, 0x0C, 0x01, 0x0A, 0x02, 0x08, 0x02, 0x07,
    0x06, 0x0D, 0x04, 0x05, 0x03, 0x03, 0x04, 0x02, 0x09, 0x01, 0x03, 0x02, 0x03, 0x03, 0x01, 0x04,
    0x01, 0x05, 0x07, 0x0D, 0x01, 0x06, 0x01, 0x07, 0x02, 0x08, 0x01, 0x09, 0x01, 0x0A, 0x02, 0x0C,
    0x02, 0x0A, 0x02, 0x0B, 0x01, 0x0A, 0x01, 0x09, 0x01, 0x08, 0x02, 0x06, 0x04, 0x04, 0x01, 0x03,
    0x02, 0x02, 0x02, 0x01, 0x04, 0x00, 0x02, 0x01, 0x02, 0x02, 0x02, 0x03, 0x02, 0x04, 0x01, 0x05,
    0x02, 0x06, 0x02, 0x08, 0x06, 0x0A, 0x01, 0x0C, 0x01, 0x0A, 0x02, 0x08, 0x02, 0x07, 0x01, 0x06,
    0x07, 0x0D, 0x02, 0x05, 0x01, 0x04, 0x02, 0x03, 0x04, 0x02, 0x08, 0x01, 0x04, 0x02, 0x02, 0x03,
    0x02, 0x04, 0x01, 0x05, 0x07, 0x0D, 0x01, 0x06, 0x01, 0x07, 0x02, 0x08, 0x01, 0x09, 0x01, 0x0B,
    0x02, 0x0C, 0x01, 0x0B, 0x03, 0x0A, 0x01, 0x09, 0x01, 0x08, 0x01, 0x07, 0x02, 0x06, 0x04, 0x04,
    0x01, 0x03, 0x02, 0x02, 0x02, 0x01, 0x04, 0x00, 0x02, 0x01, 0x02, 0x02, 0x02, 0x03, 0x02, 0x04,
    0x01, 0x05, 0x01, 0x06, 0x01, 0x07, 0x02, 0x08, 0x01, 0x0A, 0x03, 0x0B, 0x02, 0x0A, 0x01, 0x0C,
    0x01, 0x0A, 0x01, 0x09, 0x02, 0x08, 0x01, 0x07, 0x01, 0x06, 0x07, 0x0D, 0x02, 0x05, 0x01, 0x04,
    0x03, 0x03, 0x04, 0x02, 0x06, 0x01, 0x05, 0x02, 0x02, 0x03, 0x01, 0x04, 0x02, 0x05, 0x06, 0x0D,
    0x01, 0x06, 0x02, 0x07, 0x02, 0x08, 0x01, 0x09, 0x01, 0x0C, 0x01, 0x0B, 0x01, 0x0C, 0x02, 0x0A,
    0x02, 0x0C, 0x01, 0x0A, 0x02, 0x08, 0x02, 0x06, 0x04, 0x04, 0x01, 0x03, 0x02, 0x02, 0x02, 0x01,
    0x04, 0x00, 0x02, 0x01, 0x02, 0x02, 0x02, 0x03, 0x02, 0x04, 0x01, 0x05, 0x02, 0x06, 0x01, 0x07,
    0x01, 0x09, 0x01, 0x0A, 0x04, 0x0C, 0x01, 0x0A, 0x02, 0x0B, 0x01, 0x09, 0x02, 0x08, 0x02, 0x07,
    0x05, 0x0D, 0x01, 0x05, 0x02, 0x0D, 0x01, 0x05, 0x01, 0x04, 0x03, 0x03, 0x05, 0x02, 0x04, 0x01,
    0x05, 0x02, 0x03, 0x03, 0x01, 0x04, 0x01, 0x05, 0x06, 0x0D, 0x02, 0x06, 0x02, 0x07, 0x01, 0x08,
    0x01, 0x09, 0x01, 0x0A, 0x02, 0x0C, 0x01, 0x0B, 0x01, 0x0A, 0x01, 0x0C, 0x01, 0x0B, 0x01, 0x0C,
    0x01, 0x0A, 0x02, 0x08, 0x02, 0x06, 0x01, 0x05, 0x02, 0x04, 0x02, 0x03, 0x02, 0x02, 0x02, 0x01,
    0x04, 0x00, 0x02, 0x01, 0x02, 0x02, 0x02, 0x03, 0x02, 0x04, 0x01, 0x05, 0x02, 0x06, 0x01, 0x08,
    0x01, 0x09, 0x01, 0x0A, 0x01, 0x0C, 0x02, 0x0B, 0x01, 0x0C, 0x01, 0x0B, 0x01, 0x0A, 0x01, 0x0C,
    0x01, 0x09, 0x02, 0x08, 0x02, 0x07, 0x06, 0x0D, 0x04, 0x05, 0x01, 0x04, 0x03, 0x03, 0x0C, 0x02,
    0x03, 0x03, 0x01, 0x04, 0x02, 0x05, 0x02, 0x0D, 0x01, 0x05, 0x03, 0x0D, 0x02, 0x06, 0x01, 0x07,
    0x02, 0x08, 0x01, 0x09, 0x01, 0x0A, 0x02, 0x0C, 0x01, 0x0A, 0x01, 0x0B, 0x01, 0x0C, 0x01, 0x0B,
    0x01, 0x0C, 0x01, 0x09, 0x02, 0x08, 0x02, 0x06, 0x01, 0x05, 0x02, 0x04, 0x02, 0x03, 0x02, 0x02,
    0x02, 0x01, 0x04, 0x00, 0x02, 0x01, 0x02, 0x02, 0x02, 0x03, 0x02, 0x04, 0x01, 0x05, 0x02, 0x06,
    0x01, 0x08, 0x01, 0x09, 0x01, 0x0A, 0x01, 0x0C, 0x03, 0x0B, 0x01, 0x0C, 0x01, 0x0A, 0x01, 0x0B,
    0x01, 0x0A, 0x03, 0x08, 0x01, 0x07, 0x06, 0x0D, 0x05, 0x05, 0x01, 0x04, 0x03, 0x03, 0x0A, 0x02,
    0x04, 0x03, 0x01, 0x04, 0x01, 0x05, 0x03, 0x0D, 0x01, 0x05, 0x03, 0x0D, 0x01, 0x06, 0x02, 0x07,
    0x02, 0x08, 0x01, 0x09, 0x01, 0x0A, 0x01, 0x0B, 0x02, 0x0A, 0x01, 0x0C, 0x03, 0x0B, 0x01, 0x09,
    0x01, 0x08, 0x03, 0x06, 0x01, 0x05, 0x02, 0x04, 0x02, 0x03, 0x02, 0x02, 0x02, 0x01, 0x04, 0x00,
    0x02, 0x01, 0x02, 0x02, 0x02, 0x03, 0x01, 0x04, 0x02, 0x05, 0x02, 0x06, 0x02, 0x08, 0x01, 0x0A,
    0x01, 0x0C, 0x01, 0x0B, 0x03, 0x0C, 0x01, 0x0B, 0x02, 0x0A, 0x01, 0x09, 0x02, 0x08, 0x01, 0x07,
    0x02, 0x06, 0x05, 0x0D, 0x04, 0x05, 0x02, 0x04, 0x04, 0x03, 0x07, 0x02, 0x04, 0x03, 0x01, 0x04,
    0x02, 0x05, 0x02, 0x0D, 0x01, 0x05, 0x04, 0x0D, 0x01, 0x06, 0x03, 0x07, 0x01, 0x08, 0x01, 0x09,
    0x04, 0x0A, 0x01, 0x0C, 0x01, 0x0B, 0x01, 0x0C, 0x01, 0x0B, 0x01, 0x09, 0x01, 0x08, 0x03, 0x06,
    0x02, 0x05, 0x01, 0x04, 0x02, 0x03, 0x02, 0x02, 0x02, 0x01, 0x04, 0x00, 0x02, 0x01, 0x02, 0x02,
    0x02, 0x03, 0x02, 0x04, 0x01, 0x05, 0x02, 0x06, 0x02, 0x08, 0x01, 0x09, 0x01, 0x0B, 0x04, 0x0C,
    0x02, 0x0A, 0x01, 0x0B, 0x01, 0x09, 0x02, 0x08, 0x02, 0x07, 0x02, 0x06, 0x07, 0x0D, 0x03, 0x05,
    0x01, 0x04, 0x06, 0x03, 0x01, 0x02, 0x06, 0x03, 0x01, 0x04, 0x03, 0x05, 0x06, 0x0D, 0x02, 0x06,
    0x02, 0x07, 0x01, 0x08, 0x01, 0x09, 0x01, 0x0A, 0x02, 0x0C, 0x01, 0x0B, 0x01, 0x0A, 0x01, 0x0B,
    0x02, 0x0C, 0x01, 0x0A, 0x01, 0x09, 0x01, 0x08, 0x02, 0x06, 0x01, 0x05, 0x03, 0x04, 0x02, 0x03,
    0x02, 0x02, 0x02, 0x01, 0x04, 0x00, 0x02, 0x01, 0x02, 0x02, 0x03, 0x03, 0x02, 0x04, 0x03, 0x06,
    0x01, 0x08, 0x01, 0x09, 0x01, 0x0B, 0x01, 0x0C, 0x01, 0x0B, 0x01, 0x0C, 0x01, 0x0B, 0x01, 0x0A,
    0x01, 0x0B, 0x01, 0x0C, 0x01, 0x0A, 0x01, 0x09, 0x02, 0x08, 0x02, 0x07, 0x01, 0x06, 0x07, 0x0D,
    0x04, 0x05, 0x01, 0x04, 0x0A, 0x03, 0x02, 0x04, 0x04, 0x05, 0x05, 0x0D, 0x02, 0x06, 0x02, 0x07,
    0x02, 0x08, 0x01, 0x09, 0x01, 0x0B, 0x01, 0x0C, 0x01, 0x0B, 0x01, 0x0C, 0x02, 0x0A, 0x02, 0x0C,
    0x01, 0x0A, 0x01, 0x09, 0x01, 0x08, 0x02, 0x06, 0x01, 0x05, 0x02, 0x04, 0x03, 0x03, 0x01, 0x02,
    0x03, 0x01, 0x04, 0x00, 0x03, 0x01, 0x02, 0x02, 0x02, 0x03, 0x03, 0x04, 0x02, 0x06, 0x01, 0x08,
    0x01, 0x09, 0x01, 0x0A, 0x01, 0x0C, 0x01, 0x0B, 0x01, 0x0C, 0x02, 0x0A, 0x01, 0x0C, 0x02, 0x0B,
    0x01, 0x09, 0x02, 0x08, 0x02, 0x07, 0x01, 0x06, 0x07, 0x0D, 0x05, 0x05, 0x02, 0x04, 0x01, 0x03,
    0x01, 0x04, 0x03, 0x03, 0x03, 0x04, 0x04, 0x05, 0x01, 0x0D, 0x01, 0x05, 0x05, 0x0D, 0x02, 0x06,
    0x02, 0x07, 0x01, 0x08, 0x01, 0x09, 0x01, 0x0A, 0x01, 0x0C, 0x01, 0x0B, 0x02, 0x0C, 0x01, 0x0B,
    0x01, 0x0A, 0x01, 0x0B, 0x01, 0x0C, 0x01, 0x09, 0x02, 0x08, 0x02, 0x06, 0x01, 0x05, 0x02, 0x04,
    0x02, 0x03, 0x02, 0x02, 0x03, 0x01, 0x04, 0x00, 0x03, 0x01, 0x02, 0x02, 0x01, 0x03, 0x04, 0x04,
    0x02, 0x06, 0x01, 0x08, 0x01, 0x09, 0x01, 0x0A, 0x02, 0x0C, 0x01, 0x0B, 0x01, 0x0A, 0x01, 0x0C,
    0x02, 0x0B, 0x01, 0x0C, 0x01, 0x0A, 0x01, 0x09, 0x02, 0x08, 0x02, 0x07, 0x01, 0x06, 0x05, 0x0D,
    0x09, 0x05, 0x01, 0x04, 0x03, 0x05, 0x01, 0x04, 0x07, 0x05, 0x06, 0x0D, 0x01, 0x06, 0x02, 0x07,
    0x01, 0x08, 0x02, 0x09, 0x01, 0x0B, 0x03, 0x0C, 0x01, 0x0B, 0x01, 0x0C, 0x03, 0x0A, 0x01, 0x09,
    0x01, 0x08, 0x01, 0x07, 0x01, 0x06, 0x01, 0x05, 0x03, 0x04, 0x02, 0x03, 0x02, 0x02, 0x03, 0x01,
    0x04, 0x00, 0x03, 0x01, 0x02, 0x02, 0x02, 0x03, 0x03, 0x04, 0x02, 0x06, 0x01, 0x07, 0x01, 0x08,
    0x01, 0x09, 0x04, 0x0A, 0x01, 0x0C, 0x01, 0x0B, 0x03, 0x0C, 0x01, 0x0A, 0x02, 0x08, 0x03, 0x07,
    0x07, 0x0D, 0x04, 0x05, 0x01, 0x0D, 0x09, 0x05, 0x02, 0x0D, 0x02, 0x05, 0x06, 0x0D, 0x02, 0x06,
    0x02, 0x07, 0x01, 0x08, 0x01, 0x09, 0x01, 0x0A, 0x01, 0x0C, 0x01, 0x0B, 0x04, 0x0C, 0x01, 0x0B,
    0x02, 0x0A, 0x02, 0x08, 0x02, 0x06, 0x01, 0x05, 0x03, 0x04, 0x02, 0x03, 0x02, 0x02, 0x03, 0x01,
    0x04, 0x00, 0x03, 0x01, 0x02, 0x02, 0x02, 0x03, 0x04, 0x04, 0x02, 0x06, 0x01, 0x08, 0x01, 0x09,
    0x01, 0x0A, 0x02, 0x0B, 0x01, 0x0A, 0x01, 0x0B, 0x02, 0x0C, 0x01, 0x0B, 0x01, 0x0C, 0x01, 0x0B,
    0x01, 0x09, 0x02, 0x08, 0x02, 0x07, 0x02, 0x06, 0x06, 0x0D, 0x03, 0x05, 0x03, 0x0D, 0x04, 0x05,
    0x05, 0x0D, 0x01, 0x05, 0x06, 0x0D, 0x01, 0x06, 0x02, 0x07, 0x03, 0x08, 0x01, 0x09, 0x01, 0x0B,
    0x01, 0x0C, 0x01, 0x0B, 0x04, 0x0C, 0x01, 0x0A, 0x01, 0x0B, 0x01, 0x0A, 0x02, 0x08, 0x02, 0x06,
    0x01, 0x05, 0x02, 0x04, 0x03, 0x03, 0x02, 0x02, 0x02, 0x01, 0x06, 0x00, 0x02, 0x01, 0x02, 0x02,
    0x03, 0x03, 0x02, 0x04, 0x01, 0x05, 0x02, 0x06, 0x01, 0x08, 0x01, 0x09, 0x01, 0x0A, 0x02, 0x0C,
    0x02, 0x0A, 0x01, 0x0C, 0x01, 0x0B, 0x01, 0x0C, 0x01, 0x0B, 0x01, 0x0C, 0x01, 0x0A, 0x01, 0x09,
    0x02, 0x08, 0x02, 0x07, 0x02, 0x06, 0x06, 0x0D, 0x02, 0x05, 0x03, 0x0D, 0x04, 0x05, 0x04, 0x0D,
    0x01, 0x05, 0x06, 0x0D, 0x02, 0x06, 0x01, 0x07, 0x02, 0x08, 0x02, 0x09, 0x01, 0x0A, 0x01, 0x0C,
    0x01, 0x0B, 0x02, 0x0C, 0x01, 0x0B, 0x01, 0x0C, 0x02, 0x0A, 0x01, 0x0B, 0x01, 0x09, 0x02, 0x08,
    0x01, 0x06, 0x01, 0x04, 0x01, 0x05, 0x02, 0x04, 0x03, 0x03, 0x02, 0x02, 0x02, 0x01, 0x06, 0x00,
    0x02, 0x01, 0x02, 0x02, 0x03, 0x03, 0x02, 0x04, 0x01, 0x05, 0x02, 0x06, 0x01, 0x08, 0x02, 0x09,
    0x01, 0x0B, 0x01, 0x0C, 0x01, 0x0B, 0x01, 0x0A, 0x01, 0x0B, 0x05, 0x0C, 0x01, 0x09, 0x03, 0x08,
    0x02, 0x07, 0x02, 0x06, 0x0A, 0x0D, 0x03, 0x05, 0x0C, 0x0D, 0x01, 0x06, 0x02, 0x07, 0x02, 0x08,
    0x01, 0x09, 0x02, 0x0A, 0x01, 0x0B, 0x04, 0x0C, 0x01, 0x0B, 0x01, 0x0A, 0x01, 0x0B, 0x01, 0x0A,
    0x01, 0x09, 0x01, 0x08, 0x02, 0x06, 0x01, 0x04, 0x01, 0x05, 0x02, 0x04, 0x03, 0x03, 0x01, 0x02,
    0x03, 0x01, 0x06, 0x00, 0x02, 0x01, 0x02, 0x02, 0x03, 0x03, 0x02, 0x04, 0x01, 0x05, 0x02, 0x06,
    0x02, 0x08, 0x01, 0x09, 0x01, 0x0A, 0x02, 0x0C, 0x02, 0x0A, 0x04, 0x0B, 0x02, 0x0A, 0x01, 0x09,
    0x03, 0x08, 0x02, 0x07, 0x01, 0x06, 0x17, 0x0D, 0x04, 0x07, 0x02, 0x08, 0x01, 0x09, 0x01, 0x0A,
    0x01, 0x0C, 0x01, 0x0B, 0x01, 0x0A, 0x01, 0x0B, 0x02, 0x0A, 0x01, 0x0B, 0x02, 0x0A, 0x01, 0x0B,
    0x01, 0x09, 0x02, 0x08, 0x02, 0x06, 0x04, 0x04, 0x02, 0x03, 0x02, 0x02, 0x03, 0x01, 0x06, 0x00,
    0x03, 0x01, 0x02, 0x02, 0x02, 0x03, 0x01, 0x04, 0x02, 0x05, 0x01, 0x04, 0x01, 0x06, 0x01, 0x07,
    0x02, 0x08, 0x01, 0x09, 0x01, 0x0B, 0x01, 0x0C, 0x01, 0x0B, 0x06, 0x0A, 0x02, 0x0B, 0x01, 0x09,
    0x03, 0x08, 0x02, 0x07, 0x01, 0x06, 0x15, 0x0D, 0x01, 0x06, 0x03, 0x07, 0x03, 0x08, 0x01, 0x09,
    0x01, 0x0B, 0x01, 0x0C, 0x01, 0x0B, 0x08, 0x0A, 0x01, 0x09, 0x01, 0x08, 0x02, 0x06, 0x01, 0x05,
    0x04, 0x04, 0x02, 0x03, 0x02, 0x02, 0x03, 0x01, 0x06, 0x00, 0x03, 0x01, 0x02, 0x02, 0x03, 0x03,
    0x01, 0x04, 0x01, 0x05, 0x02, 0x04, 0x01, 0x06, 0x03, 0x08, 0x01, 0x0A, 0x01, 0x0C, 0x02, 0x0A,
    0x04, 0x0C, 0x01, 0x0B, 0x01, 0x0A, 0x01, 0x0C, 0x01, 0x0A, 0x01, 0x09, 0x04, 0x08, 0x03, 0x07,
    0x01, 0x06, 0x11, 0x0D, 0x01, 0x06, 0x03, 0x07, 0x02, 0x08, 0x02, 0x09, 0x01, 0x0B, 0x02, 0x0C,
    0x01, 0x0A, 0x01, 0x0B, 0x04, 0x0C, 0x01, 0x0B, 0x01, 0x0A, 0x01, 0x09, 0x02, 0x08, 0x02, 0x06,
    0x04, 0x04, 0x03, 0x03, 0x02, 0x02, 0x02, 0x01, 0x07, 0x00, 0x03, 0x01, 0x02, 0x02, 0x03, 0x03,
    0x02, 0x04, 0x02, 0x05, 0x03, 0x06, 0x01, 0x08, 0x01, 0x09, 0x02, 0x0A, 0x01, 0x0C, 0x03, 0x0B,
    0x02, 0x0C, 0x02, 0x0A, 0x01, 0x0C, 0x01, 0x0B, 0x02, 0x09, 0x02, 0x08, 0x03, 0x07, 0x04, 0x06,
    0x01, 0x0D, 0x01, 0x07, 0x09, 0x0D, 0x03, 0x06, 0x02, 0x07, 0x01, 0x08, 0x01, 0x07, 0x01, 0x08,
    0x02, 0x09, 0x01, 0x0B, 0x02, 0x0C, 0x02, 0x0A, 0x01, 0x0C, 0x04, 0x0B, 0x01, 0x0C, 0x01, 0x0A,
    0x02, 0x08, 0x03, 0x06, 0x04, 0x04, 0x03, 0x03, 0x02, 0x02, 0x02, 0x01, 0x08, 0x00, 0x02, 0x01,
    0x02, 0x02, 0x04, 0x03, 0x02, 0x04, 0x01, 0x05, 0x03, 0x06, 0x02, 0x08, 0x01, 0x09, 0x01, 0x0A,
    0x01, 0x0C, 0x01, 0x0B, 0x04, 0x0C, 0x01, 0x0B, 0x01, 0x0A, 0x02, 0x0C, 0x01, 0x0B, 0x01, 0x0A,
    0x01, 0x09, 0x04, 0x08, 0x02, 0x07, 0x02, 0x06, 0x02, 0x07, 0x01, 0x0D, 0x01, 0x06, 0x01, 0x0D,
    0x01, 0x06, 0x03, 0x07, 0x01, 0x0D, 0x02, 0x06, 0x03, 0x07, 0x04, 0x08, 0x01, 0x09, 0x01, 0x0B,
    0x03, 0x0C, 0x01, 0x0A, 0x01, 0x0B, 0x01, 0x0C, 0x03, 0x0B, 0x01, 0x0C, 0x01, 0x0A, 0x01, 0x09,
    0x02, 0x08, 0x02, 0x06, 0x02, 0x04, 0x02, 0x05, 0x03, 0x03, 0x02, 0x02, 0x03, 0x01, 0x08, 0x00,
    0x03, 0x01, 0x02, 0x02, 0x04, 0x03, 0x01, 0x04, 0x01, 0x05, 0x03, 0x06, 0x01, 0x07, 0x02, 0x08,
    0x01, 0x0A, 0x07, 0x0C, 0x02, 0x0A, 0x03, 0x0B, 0x01, 0x0A, 0x01, 0x09, 0x04, 0x08, 0x07, 0x07,
    0x01, 0x0D, 0x08, 0x07, 0x04, 0x08, 0x02, 0x09, 0x06, 0x0A, 0x01, 0x0C, 0x01, 0x0B, 0x02, 0x0C,
    0x02, 0x0B, 0x01, 0x09, 0x02, 0x08, 0x03, 0x06, 0x02, 0x05, 0x02, 0x04, 0x03, 0x03, 0x02, 0x02,
    0x03, 0x01, 0x08, 0x00, 0x03, 0x01, 0x02, 0x02, 0x04, 0x03, 0x01, 0x04, 0x01, 0x05, 0x05, 0x06,
    0x01, 0x08, 0x01, 0x09, 0x01, 0x0A, 0x01, 0x0C, 0x01, 0x0B, 0x02, 0x0C, 0x01, 0x0B, 0x01, 0x0C,
    0x06, 0x0A, 0x03, 0x09, 0x05, 0x08, 0x01, 0x07, 0x01, 0x08, 0x08, 0x07, 0x06, 0x08, 0x01, 0x09,
    0x08, 0x0A, 0x03, 0x0C, 0x02, 0x0B, 0x01, 0x0A, 0x01, 0x09, 0x01, 0x08, 0x03, 0x06, 0x02, 0x05,
    0x02, 0x04, 0x03, 0x03, 0x03, 0x02, 0x02, 0x01, 0x09, 0x00, 0x03, 0x01, 0x03, 0x02, 0x03, 0x03,
    0x01, 0x04, 0x01, 0x05, 0x01, 0x06, 0x01, 0x05, 0x01, 0x04, 0x03, 0x06, 0x01, 0x08, 0x01, 0x09,
    0x01, 0x0A, 0x01, 0x0C, 0x01, 0x0B, 0x02, 0x0C, 0x01, 0x0B, 0x01, 0x0A, 0x01, 0x0B, 0x04, 0x0C,
    0x01, 0x0B, 0x02, 0x0A, 0x02, 0x09, 0x05, 0x08, 0x01, 0x07, 0x0B, 0x08, 0x01, 0x09, 0x01, 0x0A,
    0x01, 0x0B, 0x02, 0x0A, 0x05, 0x0C, 0x02, 0x0A, 0x01, 0x0C, 0x02, 0x0B, 0x01, 0x0A, 0x01, 0x09,
    0x02, 0x08, 0x02, 0x06, 0x01, 0x05, 0x04, 0x04, 0x03, 0x03, 0x02, 0x02, 0x03, 0x01, 0x0A, 0x00,
    0x03, 0x01, 0x02, 0x02, 0x04, 0x03, 0x01, 0x04, 0x01, 0x06, 0x01, 0x05, 0x01, 0x04, 0x01, 0x05,
    0x02, 0x06, 0x02, 0x08, 0x01, 0x09, 0x01, 0x0B, 0x01, 0x0C, 0x01, 0x0B, 0x01, 0x0C, 0x02, 0x0A,
    0x01, 0x0C, 0x04, 0x0B, 0x01, 0x0C, 0x01, 0x0A, 0x01, 0x0B, 0x01, 0x0C, 0x01, 0x0A, 0x02, 0x09,
    0x01, 0x08, 0x01, 0x09, 0x0A, 0x08, 0x02, 0x09, 0x01, 0x0A, 0x01, 0x0B, 0x01, 0x0C, 0x01, 0x0B,
    0x01, 0x0A, 0x01, 0x0C, 0x04, 0x0B, 0x01, 0x0C, 0x01, 0x0B, 0x01, 0x0A, 0x02, 0x0B, 0x01, 0x0A,
    0x01, 0x09, 0x02, 0x08, 0x03, 0x06, 0x03, 0x04, 0x04, 0x03, 0x03, 0x02, 0x03, 0x01, 0x0A, 0x00,
    0x03, 0x01, 0x03, 0x02, 0x04, 0x03, 0x04, 0x04, 0x03, 0x06, 0x02, 0x08, 0x01, 0x09, 0x01, 0x0A,
    0x01, 0x0C, 0x01, 0x0B, 0x01, 0x0A, 0x01, 0x0B, 0x06, 0x0C, 0x01, 0x0B, 0x01, 0x0A, 0x03, 0x0C,
    0x01, 0x0B, 0x01, 0x0A, 0x0B, 0x09, 0x01, 0x0A, 0x01, 0x0B, 0x03, 0x0C, 0x02, 0x0A, 0x05, 0x0C,
    0x01, 0x0B, 0x01, 0x0C, 0x03, 0x0A, 0x01, 0x09, 0x02, 0x08, 0x02, 0x06, 0x01, 0x05, 0x04, 0x04,
    0x03, 0x03, 0x04, 0x02, 0x02, 0x01, 0x0C, 0x00, 0x02, 0x01, 0x03, 0x02, 0x04, 0x03, 0x01, 0x04,
    0x01, 0x05, 0x03, 0x04, 0x03, 0x06, 0x02, 0x08, 0x01, 0x09, 0x03, 0x0A, 0x01, 0x0C, 0x01, 0x0B,
    0x04, 0x0C, 0x01, 0x0B, 0x01, 0x0C, 0x07, 0x0A, 0x01, 0x0B, 0x06, 0x0A, 0x02, 0x0B, 0x07, 0x0A,
    0x01, 0x0C, 0x01, 0x0B, 0x05, 0x0C, 0x02, 0x0B, 0x02, 0x09, 0x02, 0x08, 0x03, 0x06, 0x01, 0x05,
    0x03, 0x04, 0x04, 0x03, 0x03, 0x02, 0x03, 0x01, 0x0C, 0x00, 0x03, 0x01, 0x03, 0x02, 0x03, 0x03,
    0x06, 0x04, 0x02, 0x06, 0x01, 0x07, 0x02, 0x08, 0x02, 0x09, 0x01, 0x0B, 0x01, 0x0C, 0x01, 0x0B,
    0x04, 0x0C, 0x01, 0x0B, 0x01, 0x0C, 0x07, 0x0A, 0x01, 0x0B, 0x07, 0x0C, 0x01, 0x0B, 0x02, 0x0A,
    0x03, 0x0B, 0x02, 0x0A, 0x01, 0x0B, 0x04, 0x0C, 0x03, 0x0B, 0x01, 0x0A, 0x01, 0x09, 0x02, 0x08,
    0x03, 0x06, 0x01, 0x05, 0x03, 0x04, 0x04, 0x03, 0x03, 0x02, 0x03, 0x01, 0x0E, 0x00, 0x02, 0x01,
    0x04, 0x02, 0x02, 0x03, 0x06, 0x04, 0x01, 0x05, 0x03, 0x06, 0x01, 0x08, 0x03, 0x09, 0x01, 0x0B,
    0x04, 0x0C, 0x01, 0x0B, 0x01, 0x0C, 0x01, 0x0B, 0x01, 0x0A, 0x05, 0x0C, 0x01, 0x0B, 0x01, 0x0A,
    0x01, 0x0C, 0x05, 0x0B, 0x01, 0x0C, 0x02, 0x0A, 0x05, 0x0C, 0x02, 0x0A, 0x01, 0x0C, 0x05, 0x0B,
    0x01, 0x0A, 0x03, 0x08, 0x03, 0x06, 0x02, 0x05, 0x02, 0x04, 0x04, 0x03, 0x03, 0x02, 0x03, 0x01,
    0x0F, 0x00, 0x03, 0x01, 0x04, 0x02, 0x02, 0x03, 0x03, 0x04, 0x01, 0x05, 0x05, 0x06, 0x04, 0x08,
    0x01, 0x09, 0x01, 0x0A, 0x03, 0x0C, 0x01, 0x0B, 0x01, 0x0C, 0x02, 0x0A, 0x01, 0x0C, 0x03, 0x0B,
    0x01, 0x0C, 0x01, 0x0B, 0x01, 0x0A, 0x01, 0x0B, 0x01, 0x0C, 0x01, 0x0B, 0x01, 0x0C, 0x01, 0x0B,
    0x01, 0x0C, 0x01, 0x0B, 0x01, 0x0A, 0x01, 0x0B, 0x05, 0x0C, 0x01, 0x0B, 0x01, 0x0A, 0x01, 0x0B,
    0x01, 0x0C, 0x02, 0x0B, 0x01, 0x0A, 0x01, 0x09, 0x04, 0x08, 0x04, 0x06, 0x03, 0x04, 0x03, 0x03,
    0x04, 0x02, 0x03, 0x01, 0x10, 0x00, 0x03, 0x01, 0x03, 0x02, 0x03, 0x03, 0x03, 0x04, 0x04, 0x06,
    0x01, 0x07, 0x05, 0x08, 0x01, 0x09, 0x02, 0x0A, 0x02, 0x0C, 0x01, 0x0B, 0x01, 0x0A, 0x05, 0x0C,
    0x01, 0x0B, 0x01, 0x0C, 0x01, 0x0B, 0x01, 0x0A, 0x05, 0x0C, 0x02, 0x0A, 0x01, 0x0C, 0x01, 0x0B,
    0x03, 0x0C, 0x01, 0x0B, 0x01, 0x0C, 0x02, 0x0A, 0x02, 0x0B, 0x01, 0x0A, 0x02, 0x09, 0x03, 0x08,
    0x01, 0x07, 0x03, 0x06, 0x03, 0x04, 0x03, 0x03, 0x04, 0x02, 0x03, 0x01, 0x11, 0x00, 0x04, 0x01,
    0x03, 0x02, 0x03, 0x03, 0x07, 0x04, 0x03, 0x06, 0x04, 0x08, 0x02, 0x09, 0x02, 0x0A, 0x01, 0x0B,
    0x02, 0x0C, 0x03, 0x0B, 0x01, 0x0C, 0x01, 0x0B, 0x01, 0x0C, 0x07, 0x0A, 0x04, 0x0C, 0x01, 0x0B,
    0x04, 0x0C, 0x01, 0x0A, 0x02, 0x09, 0x02, 0x08, 0x01, 0x07, 0x04, 0x06, 0x05, 0x04, 0x03, 0x03,
    0x04, 0x02, 0x04, 0x01, 0x12, 0x00, 0x04, 0x01, 0x03, 0x02, 0x04, 0x03, 0x06, 0x04, 0x05, 0x06,
    0x03, 0x08, 0x02, 0x09, 0x02, 0x0A, 0x01, 0x0B, 0x03, 0x0C, 0x02, 0x0B, 0x01, 0x0C, 0x02, 0x0A,
    0x04, 0x0B, 0x01, 0x0A, 0x01, 0x0B, 0x05, 0x0C, 0x01, 0x0B, 0x02, 0x0A, 0x02, 0x09, 0x03, 0x08,
    0x03, 0x06, 0x05, 0x04, 0x04, 0x03, 0x04, 0x02, 0x04, 0x01, 0x14, 0x00, 0x03, 0x01, 0x04, 0x02,
    0x04, 0x03, 0x07, 0x04, 0x04, 0x06, 0x05, 0x08, 0x02, 0x09, 0x02, 0x0A, 0x02, 0x0B, 0x01, 0x0C,
    0x02, 0x0A, 0x05, 0x0C, 0x01, 0x0B, 0x01, 0x0A, 0x01, 0x0C, 0x02, 0x0B, 0x02, 0x0A, 0x02, 0x09,
    0x04, 0x08, 0x05, 0x06, 0x01, 0x05, 0x04, 0x04, 0x03, 0x03, 0x04, 0x02, 0x04, 0x01, 0x16, 0x00,
    0x04, 0x01, 0x03, 0x02, 0x05, 0x03, 0x05, 0x04, 0x01, 0x05, 0x05, 0x06, 0x05, 0x08, 0x04, 0x09,
    0x01, 0x0A, 0x01, 0x09, 0x07, 0x0A, 0x05, 0x09, 0x05, 0x08, 0x04, 0x06, 0x03, 0x05, 0x03, 0x04,
    0x04, 0x03, 0x04, 0x02, 0x04, 0x01, 0x18, 0x00, 0x04, 0x01, 0x03, 0x02, 0x05, 0x03, 0x04, 0x04,
    0x02, 0x05, 0x01, 0x04, 0x01, 0x05, 0x06, 0x06, 0x07, 0x08, 0x07, 0x09, 0x07, 0x08, 0x06, 0x06,
    0x03, 0x04, 0x01, 0x05, 0x02, 0x04, 0x04, 0x03, 0x04, 0x02, 0x04, 0x01, 0x1A, 0x00, 0x03, 0x01,
    0x05, 0x02, 0x04, 0x03, 0x09, 0x04, 0x07, 0x06, 0x01, 0x07, 0x01, 0x08, 0x01, 0x07, 0x09, 0x08,
    0x02, 0x07, 0x07, 0x06, 0x01, 0x05, 0x07, 0x04, 0x04, 0x03, 0x04, 0x02, 0x04, 0x01, 0x1C, 0x00,
    0x04, 0x01, 0x04, 0x02, 0x05, 0x03, 0x08, 0x04, 0x01, 0x05, 0x18, 0x06, 0x01, 0x05, 0x06, 0x04,
    0x06, 0x03, 0x04, 0x02, 0x04, 0x01, 0x1E, 0x00, 0x04, 0x01, 0x05, 0x02, 0x05, 0x03, 0x06, 0x04,
    0x03, 0x05, 0x02, 0x04, 0x10, 0x06, 0x01, 0x05, 0x02, 0x04, 0x03, 0x05, 0x03, 0x04, 0x06, 0x03,
    0x04, 0x02, 0x05, 0x01, 0x20, 0x00, 0x05, 0x01, 0x06, 0x02, 0x07, 0x03, 0x06, 0x04, 0x11, 0x05,
    0x06, 0x04, 0x05, 0x03, 0x06, 0x02, 0x04, 0x01, 0x24, 0x00, 0x06, 0x01, 0x07, 0x02, 0x07, 0x03,
    0x14, 0x04, 0x07, 0x03, 0x06, 0x02, 0x06, 0x01, 0x26, 0x00, 0x08, 0x01, 0x09, 0x02, 0x18, 0x03,
    0x08, 0x02, 0x07, 0x01, 0x2A, 0x00, 0x09, 0x01, 0x23, 0x02, 0x09, 0x01, 0x2E, 0x00, 0x0B, 0x01,
    0x19, 0x02, 0x0B, 0x01, 0x34, 0x00, 0x2A, 0x01, 0x3C, 0x00, 0x1D, 0x01, 0x82, 0x00,
};

constexpr uint8_t NIXIE_PALETTE_9_SIZE = 13;
static constexpr uint16_t NIXIE_PALETTE_9[] = {
    0x0000, 0x1000, 0x3000, 0x3820, 0x5800, 0x7020, 0x7800, 0x8840,
    0xA880, 0xB960, 0xCAC0, 0xE5A1, 0xEF80,
};
static constexpr uint8_t NIXIE_RLE_9[] = {
    0x7D, 0x00, 0x26, 0x01, 0x34, 0x00, 0x0C, 0x01, 0x1A, 0x02, 0x0C, 0x01, 0x2A, 0x00, 0x09, 0x01,
    0x07, 0x02, 0x1A, 0x03, 0x07, 0x02, 0x08, 0x01, 0x25, 0x00, 0x06, 0x01, 0x06, 0x02, 0x04, 0x03,
    0x0D, 0x04, 0x05, 0x05, 0x0C, 0x04, 0x04, 0x03, 0x05, 0x02, 0x06, 0x01, 0x22, 0x00, 0x04, 0x01,
    0x04, 0x02, 0x04, 0x03, 0x06, 0x04, 0x04, 0x05, 0x13, 0x06, 0x05, 0x05, 0x06, 0x04, 0x03, 0x03,
    0x04, 0x02, 0x05, 0x01, 0x1E, 0x00, 0x04, 0x01, 0x03, 0x02, 0x03, 0x03, 0x05, 0x04, 0x06, 0x05,
    0x1B, 0x06, 0x05, 0x05, 0x05, 0x04, 0x02, 0x03, 0x03, 0x02, 0x05, 0x01, 0x1A, 0x00, 0x04, 0x01,
    0x03, 0x02, 0x03, 0x03, 0x05, 0x04, 0x09, 0x05, 0x02, 0x06, 0x02, 0x07, 0x02, 0x06, 0x0B, 0x07,
    0x08, 0x06, 0x08, 0x05, 0x05, 0x04, 0x02, 0x03, 0x03, 0x02, 0x04, 0x01, 0x18, 0x00, 0x04, 0x01,
    0x02, 0x02, 0x02, 0x03, 0x06, 0x04, 0x0A, 0x05, 0x01, 0x06, 0x01, 0x07, 0x01, 0x06, 0x15, 0x07,
    0x01, 0x06, 0x09, 0x05, 0x08, 0x04, 0x01, 0x03, 0x03, 0x02, 0x03, 0x01, 0x16, 0x00, 0x03, 0x01,
    0x03, 0x02, 0x01, 0x03, 0x08, 0x04, 0x08, 0x05, 0x01, 0x06, 0x0A, 0x07, 0x04, 0x08, 0x01, 0x07,
    0x01, 0x08, 0x01, 0x07, 0x02, 0x08, 0x08, 0x07, 0x09, 0x05, 0x08, 0x04, 0x02, 0x03, 0x03, 0x02,
    0x03, 0x01, 0x13, 0x00, 0x03, 0x01, 0x02, 0x02, 0x02, 0x03, 0x08, 0x04, 0x08, 0x05, 0x05, 0x07,
    0x04, 0x08, 0x01, 0x09, 0x03, 0x08, 0x07, 0x09, 0x05, 0x08, 0x07, 0x07, 0x07, 0x05, 0x09, 0x04,
    0x01, 0x03, 0x03, 0x02, 0x03, 0x01, 0x11, 0x00, 0x03, 0x01, 0x02, 0x02, 0x02, 0x03, 0x09, 0x04,
    0x03, 0x05, 0x02, 0x06, 0x05, 0x07, 0x03, 0x08, 0x16, 0x09, 0x02, 0x08, 0x05, 0x07, 0x05, 0x05,
    0x0A, 0x04, 0x01, 0x03, 0x03, 0x02, 0x02, 0x01, 0x11, 0x00, 0x02, 0x01, 0x02, 0x02, 0x03, 0x03,
    0x08, 0x04, 0x04, 0x05, 0x05, 0x07, 0x01, 0x08, 0x02, 0x09, 0x01, 0x08, 0x05, 0x09, 0x0A, 0x0A,
    0x01, 0x09, 0x03, 0x0A, 0x06, 0x09, 0x02, 0x08, 0x04, 0x07, 0x01, 0x06, 0x05, 0x05, 0x08, 0x04,
    0x02, 0x03, 0x03, 0x02, 0x02, 0x01, 0x0F, 0x00, 0x02, 0x01, 0x02, 0x02, 0x02, 0x03, 0x09, 0x04,
    0x04, 0x05, 0x05, 0x07, 0x02, 0x08, 0x03, 0x09, 0x03, 0x0A, 0x04, 0x0B, 0x01, 0x0C, 0x08, 0x0B,
    0x01, 0x0C, 0x03, 0x0B, 0x04, 0x0A, 0x02, 0x09, 0x03, 0x08, 0x04, 0x07, 0x05, 0x05, 0x09, 0x04,
    0x01, 0x03, 0x03, 0x02, 0x02, 0x01, 0x0D, 0x00, 0x03, 0x01, 0x01, 0x02, 0x02, 0x03, 0x06, 0x04,
    0x02, 0x05, 0x01, 0x04, 0x04, 0x05, 0x04, 0x07, 0x01, 0x08, 0x03, 0x09, 0x03, 0x0A, 0x01, 0x0B,
    0x06, 0x0C, 0x03, 0x0B, 0x02, 0x0C, 0x04, 0x0B, 0x07, 0x0C, 0x01, 0x0B, 0x03, 0x0A, 0x03, 0x09,
    0x01, 0x08, 0x03, 0x07, 0x04, 0x05, 0x0A, 0x04, 0x01, 0x03, 0x02, 0x02, 0x02, 0x01, 0x0D, 0x00,
    0x02, 0x01, 0x02, 0x02, 0x02, 0x03, 0x02, 0x04, 0x0A, 0x05, 0x02, 0x07, 0x01, 0x08, 0x01, 0x09,
    0x01, 0x08, 0x02, 0x09, 0x0C, 0x0A, 0x02, 0x09, 0x09, 0x0A, 0x05, 0x0B, 0x06, 0x0A, 0x02, 0x09,
    0x01, 0x08, 0x04, 0x07, 0x06, 0x05, 0x07, 0x04, 0x01, 0x03, 0x02, 0x02, 0x02, 0x01, 0x0B, 0x00,
    0x03, 0x01, 0x01, 0x02, 0x02, 0x03, 0x03, 0x04, 0x08, 0x05, 0x03, 0x07, 0x04, 0x09, 0x02, 0x0A,
    0x04, 0x0B, 0x01, 0x0A, 0x01, 0x09, 0x01, 0x0A, 0x04, 0x09, 0x0A, 0x0A, 0x08, 0x09, 0x01, 0x0A,
    0x04, 0x0B, 0x02, 0x0A, 0x01, 0x09, 0x03, 0x08, 0x03, 0x07, 0x04, 0x05, 0x05, 0x04, 0x01, 0x05,
    0x01, 0x04, 0x02, 0x03, 0x01, 0x02, 0x03, 0x01, 0x0A, 0x00, 0x02, 0x01, 0x01, 0x02, 0x02, 0x03,
    0x08, 0x04, 0x02, 0x05, 0x01, 0x06, 0x02, 0x07, 0x01, 0x08, 0x02, 0x09, 0x01, 0x0A, 0x01, 0x09,
    0x01, 0x0A, 0x01, 0x0B, 0x04, 0x0C, 0x01, 0x0B, 0x05, 0x0A, 0x02, 0x0B, 0x01, 0x0C, 0x01, 0x0B,
    0x04, 0x0C, 0x01, 0x0B, 0x01, 0x0A, 0x02, 0x0C, 0x03, 0x0B, 0x04, 0x0A, 0x01, 0x09, 0x01, 0x0A,
    0x05, 0x0C, 0x01, 0x0B, 0x01, 0x0A, 0x03, 0x09, 0x02, 0x08, 0x01, 0x07, 0x04, 0x05, 0x05, 0x04,
    0x01, 0x05, 0x02, 0x04, 0x01, 0x03, 0x02, 0x02, 0x02, 0x01, 0x09, 0x00, 0x03, 0x01, 0x01, 0x02,
    0x01, 0x03, 0x07, 0x04, 0x04, 0x05, 0x03, 0x07, 0x04, 0x09, 0x01, 0x0B, 0x04, 0x0C, 0x01, 0x0B,
    0x02, 0x0A, 0x02, 0x09, 0x02, 0x0A, 0x05, 0x0B, 0x04, 0x0C, 0x01, 0x0A, 0x01, 0x0B, 0x03, 0x0C,
    0x03, 0x0B, 0x01, 0x0A, 0x02, 0x09, 0x01, 0x0A, 0x01, 0x09, 0x01, 0x0A, 0x01, 0x0B, 0x05, 0x0C,
    0x01, 0x0B, 0x03, 0x09, 0x01, 0x08, 0x02, 0x07, 0x01, 0x06, 0x03, 0x05, 0x04, 0x04, 0x02, 0x05,
    0x01, 0x04, 0x02, 0x03, 0x01, 0x02, 0x03, 0x01, 0x08, 0x00, 0x02, 0x01, 0x01, 0x02, 0x01, 0x03,
    0x08, 0x04, 0x03, 0x05, 0x02, 0x07, 0x01, 0x08, 0x03, 0x09, 0x01, 0x0A, 0x02, 0x0B, 0x02, 0x0C,
    0x01, 0x0B, 0x05, 0x0A, 0x02, 0x0B, 0x04, 0x0C, 0x02, 0x0B, 0x03, 0x0C, 0x01, 0x0B, 0x01, 0x0A,
    0x03, 0x0C, 0x02, 0x0B, 0x02, 0x0C, 0x01, 0x0B, 0x01, 0x0A, 0x01, 0x0B, 0x01, 0x0A, 0x01, 0x09,
    0x01, 0x0A, 0x01, 0x09, 0x01, 0x0B, 0x05, 0x0C, 0x02, 0x0A, 0x03, 0x09, 0x02, 0x07, 0x04, 0x05,
    0x03, 0x04, 0x01, 0x05, 0x03, 0x04, 0x01, 0x03, 0x02, 0x02, 0x02, 0x01, 0x07, 0x00, 0x03, 0x01,
    0x01, 0x02, 0x02, 0x03, 0x06, 0x04, 0x03, 0x05, 0x02, 0x07, 0x01, 0x08, 0x02, 0x09, 0x01, 0x0A,
    0x01, 0x0B, 0x02, 0x0C, 0x01, 0x0B, 0x01, 0x0C, 0x01, 0x0B, 0x03, 0x0A, 0x01, 0x09, 0x01, 0x0B,
    0x01, 0x0C, 0x01, 0x0B, 0x06, 0x0C, 0x02, 0x0B, 0x01, 0x0C, 0x01, 0x0B, 0x01, 0x0A, 0x03, 0x0B,
    0x01, 0x0C, 0x01, 0x0B, 0x02, 0x0C, 0x01, 0x0B, 0x01, 0x0A, 0x02, 0x0C, 0x06, 0x0A, 0x01, 0x0B,
    0x02, 0x0C, 0x02, 0x0B, 0x01, 0x0C, 0x01, 0x0A, 0x03, 0x09, 0x02, 0x07, 0x03, 0x05, 0x02, 0x04,
    0x02, 0x05, 0x02, 0x04, 0x03, 0x03, 0x01, 0x02, 0x02, 0x01, 0x07, 0x00, 0x02, 0x01, 0x02, 0x02,
    0x01, 0x03, 0x05, 0x04, 0x04, 0x05, 0x02, 0x07, 0x01, 0x08, 0x02, 0x09, 0x01, 0x0A, 0x01, 0x0B,
    0x03, 0x0C, 0x01, 0x0B, 0x02, 0x0A, 0x01, 0x0B, 0x02, 0x0A, 0x01, 0x0B, 0x01, 0x0C, 0x02, 0x0B,
    0x04, 0x0C, 0x02, 0x0B, 0x01, 0x0A, 0x01, 0x09, 0x08, 0x0A, 0x02, 0x0B, 0x01, 0x0A, 0x03, 0x0C,
    0x02, 0x0A, 0x01, 0x0B, 0x04, 0x0A, 0x01, 0x0B, 0x01, 0x0C, 0x01, 0x0B, 0x03, 0x0C, 0x01, 0x0A,
    0x03, 0x09, 0x02, 0x07, 0x02, 0x05, 0x01, 0x04, 0x03, 0x05, 0x04, 0x04, 0x01, 0x03, 0x01, 0x02,
    0x03, 0x01, 0x06, 0x00, 0x02, 0x01, 0x01, 0x02, 0x01, 0x03, 0x05, 0x04, 0x04, 0x05, 0x02, 0x07,
    0x02, 0x08, 0x01, 0x09, 0x01, 0x0A, 0x01, 0x0B, 0x04, 0x0C, 0x01, 0x0A, 0x01, 0x09, 0x01, 0x0B,
    0x02, 0x0A, 0x03, 0x0C, 0x01, 0x0B, 0x02, 0x0C, 0x02, 0x0B, 0x02, 0x0A, 0x0B, 0x09, 0x03, 0x0A,
    0x01, 0x0B, 0x02, 0x0C, 0x02, 0x0A, 0x01, 0x0B, 0x01, 0x0C, 0x05, 0x0A, 0x05, 0x0C, 0x01, 0x0A,
    0x02, 0x09, 0x01, 0x08, 0x02, 0x07, 0x03, 0x05, 0x01, 0x07, 0x01, 0x05, 0x04, 0x04, 0x01, 0x03,
    0x02, 0x02, 0x02, 0x01, 0x05, 0x00, 0x03, 0x01, 0x01, 0x02, 0x01, 0x03, 0x05, 0x04, 0x03, 0x05,
    0x02, 0x07, 0x02, 0x08, 0x01, 0x09, 0x01, 0x0A, 0x01, 0x0B, 0x04, 0x0C, 0x02, 0x0A, 0x01, 0x0B,
    0x01, 0x09, 0x01, 0x0A, 0x06, 0x0B, 0x02, 0x0A, 0x06, 0x09, 0x07, 0x08, 0x03, 0x09, 0x01, 0x0A,
    0x01, 0x09, 0x01, 0x0A, 0x01, 0x0B, 0x01, 0x0A, 0x04, 0x0B, 0x03, 0x0A, 0x01, 0x09, 0x01, 0x0B,
    0x05, 0x0C, 0x01, 0x0A, 0x02, 0x09, 0x01, 0x08, 0x02, 0x07, 0x01, 0x05, 0x02, 0x07, 0x01, 0x05,
    0x05, 0x04, 0x01, 0x03, 0x01, 0x02, 0x02, 0x01, 0x05, 0x00, 0x02, 0x01, 0x02, 0x02, 0x01, 0x03,
    0x04, 0x04, 0x03, 0x05, 0x03, 0x07, 0x02, 0x09, 0x01, 0x0A, 0x01, 0x0B, 0x04, 0x0C, 0x02, 0x0A,
    0x01, 0x0C, 0x02, 0x0A, 0x04, 0x0C, 0x01, 0x0B, 0x02, 0x0A, 0x05, 0x09, 0x0C, 0x08, 0x04, 0x09,
    0x03, 0x0A, 0x01, 0x0B, 0x03, 0x0C, 0x05, 0x0A, 0x05, 0x0C, 0x01, 0x0A, 0x01, 0x09, 0x02, 0x08,
    0x03, 0x07, 0x01, 0x06, 0x02, 0x05, 0x04, 0x04, 0x01, 0x03, 0x01, 0x02, 0x03, 0x01, 0x04, 0x00,
    0x02, 0x01, 0x01, 0x02, 0x01, 0x03, 0x05, 0x04, 0x03, 0x05, 0x02, 0x07, 0x02, 0x09, 0x02, 0x0A,
    0x04, 0x0C, 0x01, 0x0B, 0x01, 0x0A, 0x01, 0x0C, 0x02, 0x0A, 0x04, 0x0C, 0x01, 0x0B, 0x01, 0x0A,
    0x04, 0x09, 0x04, 0x08, 0x02, 0x07, 0x01, 0x08, 0x04, 0x07, 0x02, 0x08, 0x01, 0x07, 0x03, 0x08,
    0x05, 0x09, 0x01, 0x0A, 0x01, 0x0B, 0x02, 0x0C, 0x01, 0x0B, 0x01, 0x0A, 0x01, 0x09, 0x01, 0x0B,
    0x01, 0x0A, 0x01, 0x0B, 0x04, 0x0C, 0x01, 0x0A, 0x03, 0x09, 0x01, 0x08, 0x01, 0x07, 0x01, 0x08,
    0x03, 0x05, 0x04, 0x04, 0x01, 0x03, 0x02, 0x02, 0x02, 0x01, 0x04, 0x00, 0x02, 0x01, 0x01, 0x02,
    0x01, 0x03, 0x04, 0x04, 0x04, 0x05, 0x01, 0x07, 0x03, 0x09, 0x03, 0x0B, 0x02, 0x0C, 0x01, 0x0B,
    0x01, 0x09, 0x02, 0x0B, 0x01, 0x09, 0x01, 0x0B, 0x02, 0x0C, 0x01, 0x0B, 0x01, 0x0A, 0x03, 0x09,
    0x05, 0x08, 0x0E, 0x07, 0x03, 0x08, 0x01, 0x09, 0x01, 0x08, 0x02, 0x09, 0x01, 0x0A, 0x01, 0x0B,
    0x02, 0x0C, 0x01, 0x0B, 0x01, 0x09, 0x01, 0x0A, 0x01, 0x0B, 0x01, 0x0A, 0x01, 0x0B, 0x02, 0x0C,
    0x01, 0x0B, 0x01, 0x09, 0x02, 0x0A, 0x02, 0x09, 0x02, 0x08, 0x04, 0x05, 0x04, 0x04, 0x01, 0x03,
    0x01, 0x02, 0x02, 0x01, 0x04, 0x00, 0x02, 0x01, 0x01, 0x02, 0x01, 0x03, 0x03, 0x04, 0x03, 0x05,
    0x03, 0x07, 0x02, 0x09, 0x01, 0x0A, 0x02, 0x0C, 0x01, 0x0B, 0x02, 0x0C, 0x01, 0x0A, 0x02, 0x0B,
    0x01, 0x09, 0x01, 0x0A, 0x02, 0x0C, 0x01, 0x0B, 0x01, 0x0A, 0x03, 0x09, 0x04, 0x08, 0x12, 0x07,
    0x03, 0x08, 0x03, 0x09, 0x02, 0x0A, 0x01, 0x0B, 0x01, 0x0C, 0x01, 0x0B, 0x01, 0x09, 0x01, 0x0A,
    0x01, 0x0B, 0x01, 0x09, 0x01, 0x0C, 0x01, 0x0B, 0x01, 0x09, 0x01, 0x0A, 0x01, 0x0C, 0x01, 0x0B,
    0x01, 0x0A, 0x02, 0x09, 0x01, 0x08, 0x04, 0x05, 0x04, 0x04, 0x01, 0x03, 0x01, 0x02, 0x02, 0x01,
    0x04, 0x00, 0x02, 0x01, 0x01, 0x02, 0x01, 0x03, 0x02, 0x04, 0x04, 0x05, 0x02, 0x07, 0x02, 0x09,
    0x01, 0x0A, 0x03, 0x0C, 0x02, 0x0B, 0x02, 0x0A, 0x01, 0x0B, 0x01, 0x0A, 0x01, 0x09, 0x02, 0x0C,
    0x01, 0x0B, 0x01, 0x0A, 0x03, 0x09, 0x03, 0x08, 0x09, 0x07, 0x04, 0x06, 0x09, 0x07, 0x02, 0x08,
    0x04, 0x09, 0x01, 0x0A, 0x01, 0x0B, 0x01, 0x0C, 0x01, 0x0A, 0x01, 0x09, 0x05, 0x0A, 0x01, 0x0B,
    0x02, 0x0C, 0x01, 0x0B, 0x02, 0x09, 0x01, 0x08, 0x01, 0x07, 0x04, 0x05, 0x03, 0x04, 0x01, 0x03,
    0x01, 0x02, 0x02, 0x01, 0x04, 0x00, 0x01, 0x01, 0x02, 0x02, 0x02, 0x04, 0x03, 0x05, 0x01, 0x06,
    0x02, 0x07, 0x01, 0x08, 0x01, 0x09, 0x01, 0x0A, 0x01, 0x0B, 0x03, 0x0C, 0x01, 0x0B, 0x02, 0x0A,
    0x01, 0x0C, 0x01, 0x0A, 0x01, 0x09, 0x02, 0x0B, 0x01, 0x0A, 0x04, 0x09, 0x02, 0x08, 0x08, 0x07,
    0x07, 0x06, 0x0A, 0x07, 0x03, 0x08, 0x03, 0x09, 0x01, 0x0A, 0x01, 0x0C, 0x01, 0x0B, 0x01, 0x09,
    0x01, 0x0A, 0x01, 0x0B, 0x02, 0x0A, 0x01, 0x0C, 0x02, 0x0B, 0x02, 0x0C, 0x01, 0x0A, 0x02, 0x09,
    0x02, 0x07, 0x03, 0x05, 0x03, 0x04, 0x01, 0x03, 0x01, 0x02, 0x02, 0x01, 0x04, 0x00, 0x01, 0x01,
    0x01, 0x02, 0x01, 0x03, 0x03, 0x04, 0x02, 0x05, 0x02, 0x07, 0x01, 0x08, 0x02, 0x09, 0x01, 0x0A,
    0x04, 0x0C, 0x01, 0x0B, 0x01, 0x0A, 0x02, 0x0B, 0x01, 0x09, 0x01, 0x0A, 0x01, 0x0C, 0x01, 0x0A,
    0x03, 0x09, 0x02, 0x08, 0x06, 0x07, 0x05, 0x06, 0x01, 0x07, 0x06, 0x06, 0x01, 0x07, 0x05, 0x06,
    0x05, 0x07, 0x02, 0x08, 0x03, 0x09, 0x01, 0x0A, 0x01, 0x0B, 0x01, 0x0A, 0x01, 0x09, 0x03, 0x0A,
    0x02, 0x0C, 0x01, 0x0B, 0x02, 0x0C, 0x01, 0x0B, 0x02, 0x09, 0x03, 0x07, 0x02, 0x05, 0x03, 0x04,
    0x01, 0x03, 0x02, 0x02, 0x01, 0x01, 0x03, 0x00, 0x02, 0x01, 0x01, 0x02, 0x01, 0x03, 0x03, 0x04,
    0x02, 0x05, 0x02, 0x07, 0x01, 0x08, 0x01, 0x09, 0x01, 0x0A, 0x01, 0x0B, 0x03, 0x0C, 0x01, 0x0B,
    0x02, 0x0A, 0x01, 0x0C, 0x01, 0x0A, 0x01, 0x09, 0x02, 0x0B, 0x03, 0x09, 0x03, 0x08, 0x05, 0x07,
    0x06, 0x06, 0x01, 0x07, 0x04, 0x06, 0x01, 0x05, 0x01, 0x06, 0x01, 0x07, 0x07, 0x06, 0x04, 0x07,
    0x02, 0x08, 0x03, 0x09, 0x01, 0x0A, 0x01, 0x0B, 0x01, 0x0A, 0x01, 0x09, 0x03, 0x0A, 0x01, 0x0C,
    0x02, 0x0B, 0x02, 0x0C, 0x01, 0x0A, 0x02, 0x09, 0x02, 0x07, 0x02, 0x05, 0x04, 0x04, 0x01, 0x03,
    0x01, 0x02, 0x01, 0x01, 0x03, 0x00, 0x02, 0x01, 0x01, 0x02, 0x01, 0x03, 0x02, 0x04, 0x03, 0x05,
    0x02, 0x07, 0x01, 0x08, 0x01, 0x09, 0x01, 0x0B, 0x04, 0x0C, 0x01, 0x0B, 0x01, 0x0A, 0x02, 0x0B,
    0x01, 0x09, 0x01, 0x0A, 0x01, 0x0B, 0x01, 0x0A, 0x01, 0x09, 0x03, 0x08, 0x05, 0x07, 0x06, 0x06,
    0x01, 0x05, 0x03, 0x06, 0x01, 0x05, 0x02, 0x06, 0x01, 0x05, 0x0A, 0x06, 0x04, 0x07, 0x04, 0x08,
    0x01, 0x09, 0x04, 0x0A, 0x01, 0x0B, 0x01, 0x0A, 0x01, 0x0B, 0x01, 0x0C, 0x01, 0x0B, 0x02, 0x0C,
    0x01, 0x0B, 0x02, 0x09, 0x02, 0x07, 0x03, 0x05, 0x03, 0x04, 0x01, 0x03, 0x01, 0x02, 0x01, 0x01,
    0x03, 0x00, 0x02, 0x01, 0x01, 0x02, 0x01, 0x03, 0x01, 0x04, 0x03, 0x05, 0x02, 0x07, 0x03, 0x09,
    0x06, 0x0B, 0x01, 0x0A, 0x01, 0x0B, 0x04, 0x0A, 0x02, 0x09, 0x02, 0x08, 0x06, 0x07, 0x04, 0x06,
    0x03, 0x05, 0x03, 0x06, 0x02, 0x05, 0x01, 0x06, 0x01, 0x05, 0x02, 0x06, 0x02, 0x05, 0x06, 0x06,
    0x05, 0x07, 0x03, 0x08, 0x01, 0x09, 0x01, 0x0A, 0x01, 0x09, 0x05, 0x0A, 0x01, 0x0C, 0x04, 0x0B,
    0x01, 0x0A, 0x01, 0x09, 0x03, 0x07, 0x02, 0x05, 0x03, 0x04, 0x01, 0x03, 0x01, 0x02, 0x02, 0x01,
    0x02, 0x00, 0x02, 0x01, 0x01, 0x02, 0x01, 0x03, 0x01, 0x04, 0x03, 0x05, 0x02, 0x07, 0x02, 0x09,
    0x01, 0x0A, 0x01, 0x0B, 0x03, 0x0C, 0x01, 0x0B, 0x01, 0x0A, 0x01, 0x0B, 0x04, 0x0A, 0x03, 0x09,
    0x01, 0x08, 0x06, 0x07, 0x05, 0x06, 0x03, 0x05, 0x03, 0x06, 0x04, 0x05, 0x02, 0x06, 0x02, 0x05,
    0x07, 0x06, 0x05, 0x07, 0x01, 0x08, 0x01, 0x07, 0x02, 0x09, 0x02, 0x0A, 0x01, 0x0B, 0x03, 0x0A,
    0x02, 0x0B, 0x03, 0x0C, 0x01, 0x0B, 0x01, 0x0A, 0x01, 0x08, 0x02, 0x07, 0x02, 0x05, 0x03, 0x04,
    0x01, 0x03, 0x01, 0x02, 0x02, 0x01, 0x02, 0x00, 0x02, 0x01, 0x01, 0x02, 0x02, 0x04, 0x02, 0x05,
    0x02, 0x07, 0x01, 0x08, 0x02, 0x09, 0x01, 0x0B, 0x05, 0x0C, 0x03, 0x0A, 0x01, 0x0B, 0x02, 0x0A,
    0x02, 0x09, 0x02, 0x08, 0x03, 0x07, 0x07, 0x06, 0x04, 0x05, 0x02, 0x06, 0x05, 0x05, 0x07, 0x06,
    0x02, 0x05, 0x04, 0x06, 0x04, 0x07, 0x02, 0x08, 0x02, 0x09, 0x01, 0x0A, 0x01, 0x0B, 0x04, 0x0A,
    0x04, 0x0C, 0x01, 0x0B, 0x01, 0x0A, 0x01, 0x09, 0x03, 0x07, 0x02, 0x05, 0x02, 0x04, 0x01, 0x03,
    0x01, 0x02, 0x02, 0x01, 0x02, 0x00, 0x01, 0x01, 0x02, 0x02, 0x02, 0x04, 0x02, 0x05, 0x02, 0x07,
    0x02, 0x09, 0x01, 0x0A, 0x05, 0x0C, 0x01, 0x0B, 0x01, 0x0A, 0x01, 0x09, 0x02, 0x0B, 0x03, 0x09,
    0x02, 0x08, 0x03, 0x07, 0x08, 0x06, 0x04, 0x05, 0x02, 0x06, 0x01, 0x05, 0x01, 0x04, 0x04, 0x05,
    0x01, 0x06, 0x07, 0x05, 0x05, 0x06, 0x03, 0x07, 0x03, 0x08, 0x02, 0x09, 0x01, 0x0B, 0x01, 0x0C,
    0x03, 0x0A, 0x05, 0x0C, 0x01, 0x0A, 0x01, 0x09, 0x01, 0x08, 0x02, 0x07, 0x02, 0x05, 0x02, 0x04,
    0x01, 0x03, 0x01, 0x02, 0x02, 0x01, 0x02, 0x00, 0x01, 0x01, 0x01, 0x02, 0x01, 0x03, 0x01, 0x04,
    0x03, 0x05, 0x02, 0x07, 0x02, 0x09, 0x01, 0x0A, 0x05, 0x0C, 0x02, 0x0A, 0x01, 0x09, 0x01, 0x0B,
    0x01, 0x0A, 0x02, 0x09, 0x02, 0x08, 0x03, 0x07, 0x07, 0x06, 0x09, 0x05, 0x02, 0x04, 0x01, 0x05,
    0x01, 0x04, 0x08, 0x05, 0x07, 0x06, 0x04, 0x07, 0x01, 0x08, 0x02, 0x09, 0x01, 0x0A, 0x01, 0x0B,
    0x01, 0x0A, 0x01, 0x09, 0x01, 0x0A, 0x05, 0x0C, 0x01, 0x0B, 0x02, 0x09, 0x02, 0x07, 0x03, 0x05,
    0x01, 0x04, 0x01, 0x03, 0x01, 0x02, 0x02, 0x01, 0x02, 0x00, 0x01, 0x01, 0x01, 0x02, 0x01, 0x03,
    0x01, 0x04, 0x02, 0x05, 0x02, 0x07, 0x02, 0x08, 0x01, 0x09, 0x01, 0x0B, 0x05, 0x0C, 0x04, 0x0A,
    0x03, 0x09, 0x02, 0x08, 0x03, 0x07, 0x07, 0x06, 0x06, 0x05, 0x08, 0x04, 0x07, 0x05, 0x02, 0x06,
    0x02, 0x05, 0x04, 0x06, 0x03, 0x07, 0x02, 0x08, 0x02, 0x09, 0x01, 0x0A, 0x01, 0x0B, 0x01, 0x0A,
    0x01, 0x09, 0x01, 0x0B, 0x05, 0x0C, 0x01, 0x0A, 0x01, 0x09, 0x01, 0x08, 0x02, 0x07, 0x02, 0x05,
    0x01, 0x04, 0x01, 0x03, 0x01, 0x02, 0x02, 0x01, 0x02, 0x00, 0x01, 0x01, 0x01, 0x02, 0x01, 0x03,
    0x01, 0x04, 0x02, 0x05, 0x02, 0x07, 0x01, 0x08, 0x01, 0x09, 0x01, 0x0A, 0x05, 0x0C, 0x01, 0x0B,
    0x01, 0x09, 0x03, 0x0A, 0x03, 0x09, 0x04, 0x07, 0x05, 0x06, 0x07, 0x05, 0x05, 0x04, 0x03, 0x03,
    0x04, 0x04, 0x06, 0x05, 0x02, 0x06, 0x01, 0x05, 0x05, 0x06, 0x03, 0x07, 0x01, 0x08, 0x02, 0x09,
    0x01, 0x0A, 0x01, 0x0C, 0x01, 0x0A, 0x01, 0x09, 0x01, 0x0A, 0x05, 0x0C, 0x01, 0x0A, 0x01, 0x09,
    0x02, 0x07, 0x03, 0x05, 0x02, 0x04, 0x01, 0x02, 0x02, 0x01, 0x02, 0x00, 0x01, 0x01, 0x01, 0x02,
    0x01, 0x03, 0x01, 0x04, 0x02, 0x05, 0x02, 0x07, 0x02, 0x09, 0x01, 0x0A, 0x05, 0x0C, 0x01, 0x0B,
    0x01, 0x09, 0x03, 0x0A, 0x02, 0x09, 0x01, 0x08, 0x04, 0x07, 0x05, 0x06, 0x06, 0x05, 0x03, 0x04,
    0x09, 0x03, 0x03, 0x04, 0x04, 0x05, 0x08, 0x06, 0x03, 0x07, 0x02, 0x08, 0x02, 0x09, 0x02, 0x0B,
    0x01, 0x09, 0x01, 0x0A, 0x05, 0x0C, 0x01, 0x0B, 0x01, 0x08, 0x01, 0x09, 0x01, 0x07, 0x03, 0x05,
    0x02, 0x04, 0x01, 0x02, 0x02, 0x01, 0x02, 0x00, 0x01, 0x01, 0x01, 0x02, 0x01, 0x03, 0x01, 0x04,
    0x02, 0x05, 0x01, 0x07, 0x01, 0x08, 0x01, 0x09, 0x02, 0x0A, 0x01, 0x0B, 0x04, 0x0C, 0x01, 0x0A,
    0x01, 0x09, 0x02, 0x0A, 0x03, 0x09, 0x01, 0x08, 0x03, 0x07, 0x05, 0x06, 0x06, 0x05, 0x02, 0x04,
    0x03, 0x03, 0x06, 0x02, 0x03, 0x03, 0x03, 0x04, 0x05, 0x05, 0x06, 0x06, 0x04, 0x07, 0x01, 0x08,
    0x02, 0x09, 0x01, 0x0A, 0x01, 0x0C, 0x02, 0x0A, 0x05, 0x0C, 0x01, 0x0B, 0x02, 0x09, 0x02, 0x07,
    0x02, 0x05, 0x02, 0x04, 0x01, 0x02, 0x02, 0x01, 0x02, 0x00, 0x01, 0x01, 0x01, 0x02, 0x01, 0x03,
    0x01, 0x04, 0x02, 0x05, 0x01, 0x07, 0x01, 0x08, 0x02, 0x09, 0x03, 0x0B, 0x03, 0x0C, 0x01, 0x0A,
    0x01, 0x09, 0x01, 0x0B, 0x01, 0x0A, 0x02, 0x09, 0x02, 0x08, 0x02, 0x07, 0x07, 0x06, 0x04, 0x05,
    0x03, 0x04, 0x01, 0x03, 0x05, 0x02, 0x01, 0x01, 0x05, 0x02, 0x01, 0x03, 0x03, 0x04, 0x02, 0x05,
    0x01, 0x04, 0x01, 0x05, 0x06, 0x06, 0x04, 0x07, 0x02, 0x08, 0x01, 0x09, 0x01, 0x0A, 0x01, 0x0B,
    0x01, 0x0A, 0x01, 0x09, 0x05, 0x0B, 0x02, 0x0A, 0x01, 0x09, 0x01, 0x08, 0x01, 0x07, 0x02, 0x05,
    0x02, 0x04, 0x01, 0x03, 0x01, 0x02, 0x01, 0x01, 0x02, 0x00, 0x01, 0x01, 0x01, 0x02, 0x01, 0x03,
    0x01, 0x04, 0x01, 0x05, 0x02, 0x07, 0x01, 0x08, 0x01, 0x09, 0x01, 0x0A, 0x06, 0x0B, 0x01, 0x0A,
    0x01, 0x09, 0x01, 0x0B, 0x01, 0x0A, 0x01, 0x09, 0x03, 0x08, 0x02, 0x07, 0x01, 0x06, 0x01, 0x07,
    0x04, 0x06, 0x04, 0x05, 0x03, 0x04, 0x01, 0x03, 0x03, 0x02, 0x07, 0x01, 0x03, 0x02, 0x02, 0x03,
    0x04, 0x04, 0x01, 0x05, 0x06, 0x06, 0x04, 0x07, 0x02, 0x08, 0x02, 0x09, 0x02, 0x0B, 0x01, 0x09,
    0x01, 0x0B, 0x01, 0x0C, 0x03, 0x0B, 0x02, 0x0A, 0x01, 0x09, 0x01, 0x08, 0x01, 0x07, 0x03, 0x05,
    0x01, 0x04, 0x01, 0x03, 0x01, 0x02, 0x01, 0x01, 0x02, 0x00, 0x01, 0x01, 0x01, 0x02, 0x01, 0x03,
    0x01, 0x04, 0x02, 0x05, 0x01, 0x07, 0x01, 0x08, 0x01, 0x09, 0x01, 0x0A, 0x01, 0x0C, 0x01, 0x0B,
    0x04, 0x0C, 0x01, 0x09, 0x02, 0x0A, 0x02, 0x09, 0x02, 0x08, 0x02, 0x07, 0x06, 0x06, 0x04, 0x05,
    0x03, 0x04, 0x01, 0x03, 0x02, 0x02, 0x04, 0x01, 0x02, 0x00, 0x05, 0x01, 0x02, 0x02, 0x01, 0x03,
    0x03, 0x04, 0x06, 0x05, 0x03, 0x06, 0x03, 0x07, 0x02, 0x08, 0x02, 0x09, 0x01, 0x0A, 0x01, 0x0B,
    0x01, 0x09, 0x01, 0x0B, 0x04, 0x0C, 0x01, 0x0B, 0x02, 0x09, 0x01, 0x08, 0x01, 0x07, 0x03, 0x05,
    0x01, 0x04, 0x01, 0x03, 0x01, 0x02, 0x01, 0x01, 0x02, 0x00, 0x01, 0x01, 0x01, 0x02, 0x01, 0x03,
    0x01, 0x04, 0x01, 0x05, 0x02, 0x07, 0x01, 0x08, 0x01, 0x09, 0x01, 0x0A, 0x02, 0x0B, 0x03, 0x0C,
    0x01, 0x0B, 0x01, 0x09, 0x01, 0x0B, 0x01, 0x0A, 0x02, 0x09, 0x02, 0x08, 0x02, 0x07, 0x05, 0x06,
    0x05, 0x05, 0x02, 0x04, 0x01, 0x03, 0x02, 0x02, 0x04, 0x01, 0x05, 0x00, 0x04, 0x01, 0x02, 0x02,
    0x01, 0x03, 0x02, 0x04, 0x05, 0x05, 0x04, 0x06, 0x04, 0x07, 0x01, 0x08, 0x02, 0x09, 0x02, 0x0A,
    0x01, 0x09, 0x01, 0x0A, 0x05, 0x0C, 0x01, 0x0A, 0x02, 0x09, 0x01, 0x07, 0x03, 0x05, 0x01, 0x04,
    0x01, 0x03, 0x01, 0x02, 0x01, 0x01, 0x02, 0x00, 0x01, 0x01, 0x01, 0x02, 0x01, 0x03, 0x01, 0x04,
    0x01, 0x05, 0x02, 0x07, 0x01, 0x08, 0x01, 0x09, 0x01, 0x0A, 0x01, 0x0B, 0x04, 0x0C, 0x01, 0x0B,
    0x01, 0x0A, 0x01, 0x0B, 0x01, 0x0A, 0x01, 0x08, 0x01, 0x09, 0x01, 0x08, 0x04, 0x07, 0x03, 0x06,
    0x05, 0x05, 0x02, 0x04, 0x02, 0x03, 0x02, 0x02, 0x02, 0x01, 0x09, 0x00, 0x03, 0x01, 0x01, 0x02,
    0x02, 0x03, 0x02, 0x04, 0x04, 0x05, 0x05, 0x06, 0x03, 0x07, 0x01, 0x08, 0x03, 0x09, 0x03, 0x0A,
    0x05, 0x0C, 0x01, 0x0A, 0x01, 0x08, 0x01, 0x09, 0x01, 0x07, 0x03, 0x05, 0x01, 0x04, 0x01, 0x03,
    0x01, 0x02, 0x01, 0x01, 0x02, 0x00, 0x01, 0x01, 0x01, 0x02, 0x01, 0x03, 0x01, 0x04, 0x01, 0x06,
    0x02, 0x07, 0x01, 0x08, 0x01, 0x09, 0x01, 0x0A, 0x01, 0x0B, 0x04, 0x0C, 0x02, 0x0A, 0x01, 0x0B,
    0x01, 0x0A, 0x03, 0x08, 0x04, 0x07, 0x03, 0x06, 0x05, 0x05, 0x02, 0x04, 0x01, 0x03, 0x02, 0x02,
    0x02, 0x01, 0x0B, 0x00, 0x02, 0x01, 0x02, 0x02, 0x01, 0x03, 0x02, 0x04, 0x04, 0x05, 0x05, 0x06,
    0x04, 0x07, 0x01, 0x08, 0x02, 0x09, 0x03, 0x0A, 0x05, 0x0C, 0x01, 0x0A, 0x02, 0x08, 0x02, 0x07,
    0x01, 0x06, 0x01, 0x05, 0x01, 0x04, 0x01, 0x03, 0x01, 0x02, 0x01, 0x01, 0x02, 0x00, 0x01, 0x01,
    0x01, 0x02, 0x01, 0x03, 0x01, 0x04, 0x01, 0x06, 0x02, 0x07, 0x01, 0x08, 0x02, 0x09, 0x01, 0x0B,
    0x04, 0x0C, 0x03, 0x0A, 0x02, 0x09, 0x02, 0x08, 0x02, 0x07, 0x01, 0x06, 0x01, 0x07, 0x03, 0x06,
    0x04, 0x05, 0x03, 0x04, 0x01, 0x03, 0x02, 0x02, 0x02, 0x01, 0x0B, 0x00, 0x03, 0x01, 0x01, 0x02,
    0x02, 0x03, 0x01, 0x04, 0x04, 0x05, 0x04, 0x06, 0x04, 0x07, 0x02, 0x08, 0x02, 0x09, 0x02, 0x0A,
    0x01, 0x09, 0x01, 0x0B, 0x04, 0x0C, 0x01, 0x0A, 0x02, 0x08, 0x01, 0x07, 0x03, 0x05, 0x01, 0x04,
    0x01, 0x03, 0x01, 0x02, 0x01, 0x01, 0x02, 0x00, 0x01, 0x01, 0x01, 0x02, 0x01, 0x03, 0x01, 0x04,
    0x01, 0x06, 0x02, 0x07, 0x02, 0x09, 0x01, 0x0A, 0x01, 0x0B, 0x03, 0x0C, 0x01, 0x0B, 0x03, 0x0A,
    0x01, 0x09, 0x03, 0x08, 0x02, 0x07, 0x06, 0x06, 0x03, 0x05, 0x02, 0x04, 0x01, 0x03, 0x02, 0x02,
    0x03, 0x01, 0x0C, 0x00, 0x02, 0x01, 0x02, 0x02, 0x01, 0x03, 0x02, 0x04, 0x03, 0x05, 0x04, 0x06,
    0x04, 0x07, 0x01, 0x08, 0x03, 0x09, 0x04, 0x0A, 0x04, 0x0C, 0x01, 0x0A, 0x02, 0x09, 0x01, 0x07,
    0x03, 0x05, 0x01, 0x04, 0x01, 0x03, 0x01, 0x02, 0x01, 0x01, 0x02, 0x00, 0x01, 0x01, 0x01, 0x02,
    0x01, 0x03, 0x03, 0x05, 0x01, 0x07, 0x02, 0x09, 0x01, 0x0A, 0x01, 0x0B, 0x03, 0x0C, 0x01, 0x0B,
    0x01, 0x09, 0x02, 0x0A, 0x01, 0x09, 0x03, 0x08, 0x02, 0x07, 0x06, 0x06, 0x03, 0x05, 0x02, 0x04,
    0x01, 0x03, 0x02, 0x02, 0x02, 0x01, 0x0D, 0x00, 0x02, 0x01, 0x02, 0x02, 0x01, 0x03, 0x02, 0x04,
    0x03, 0x05, 0x04, 0x06, 0x04, 0x07, 0x02, 0x08, 0x03, 0x09, 0x01, 0x0A, 0x01, 0x0B, 0x01, 0x0A,
    0x04, 0x0C, 0x01, 0x0A, 0x02, 0x09, 0x02, 0x07, 0x02, 0x05, 0x01, 0x04, 0x01, 0x03, 0x01, 0x02,
    0x01, 0x01, 0x02, 0x00, 0x01, 0x01, 0x01, 0x02, 0x01, 0x03, 0x01, 0x04, 0x01, 0x05, 0x02, 0x07,
    0x02, 0x09, 0x01, 0x0A, 0x02, 0x0B, 0x02, 0x0C, 0x04, 0x0A, 0x01, 0x08, 0x01, 0x09, 0x03, 0x08,
    0x01, 0x07, 0x05, 0x06, 0x04, 0x05, 0x02, 0x04, 0x01, 0x03, 0x02, 0x02, 0x02, 0x01, 0x0D, 0x00,
    0x03, 0x01, 0x01, 0x02, 0x01, 0x03, 0x02, 0x04, 0x03, 0x05, 0x04, 0x06, 0x04, 0x07, 0x02, 0x08,
    0x02, 0x09, 0x02, 0x0A, 0x01, 0x0B, 0x01, 0x0A, 0x03, 0x0C, 0x01, 0x0B, 0x02, 0x0A, 0x01, 0x09,
    0x02, 0x07, 0x02, 0x05, 0x01, 0x04, 0x01, 0x03, 0x01, 0x02, 0x01, 0x01, 0x02, 0x00, 0x01, 0x01,
    0x01, 0x02, 0x01, 0x03, 0x01, 0x04, 0x01, 0x05, 0x02, 0x07, 0x02, 0x09, 0x01, 0x0A, 0x01, 0x0C,
    0x02, 0x0B, 0x01, 0x0C, 0x02, 0x0A, 0x01, 0x0B, 0x01, 0x0A, 0x02, 0x09, 0x02, 0x08, 0x03, 0x07,
    0x05, 0x06, 0x03, 0x05, 0x02, 0x04, 0x01, 0x03, 0x02, 0x02, 0x02, 0x01, 0x0D, 0x00, 0x02, 0x01,
    0x02, 0x02, 0x01, 0x03, 0x02, 0x04, 0x01, 0x05, 0x06, 0x06, 0x01, 0x07, 0x01, 0x06, 0x01, 0x07,
    0x03, 0x08, 0x02, 0x09, 0x02, 0x0A, 0x01, 0x0B, 0x01, 0x09, 0x04, 0x0B, 0x01, 0x0A, 0x02, 0x09,
    0x02, 0x07, 0x02, 0x05, 0x01, 0x04, 0x01, 0x03, 0x01, 0x02, 0x01, 0x01, 0x02, 0x00, 0x01, 0x01,
    0x01, 0x02, 0x01, 0x03, 0x01, 0x04, 0x01, 0x05, 0x02, 0x07, 0x02, 0x09, 0x01, 0x0A, 0x01, 0x0C,
    0x03, 0x0B, 0x01, 0x09, 0x02, 0x0B, 0x01, 0x0A, 0x03, 0x09, 0x01, 0x08, 0x02, 0x07, 0x06, 0x06,
    0x03, 0x05, 0x02, 0x04, 0x01, 0x03, 0x02, 0x02, 0x02, 0x01, 0x0D, 0x00, 0x02, 0x01, 0x02, 0x02,
    0x01, 0x03, 0x02, 0x04, 0x01, 0x05, 0x05, 0x06, 0x01, 0x07, 0x02, 0x06, 0x01, 0x07, 0x03, 0x08,
    0x02, 0x09, 0x02, 0x0A, 0x01, 0x0C, 0x02, 0x0A, 0x01, 0x0C, 0x02, 0x0B, 0x01, 0x0A, 0x02, 0x09,
    0x02, 0x07, 0x02, 0x05, 0x01, 0x04, 0x01, 0x03, 0x01, 0x02, 0x01, 0x01, 0x02, 0x00, 0x01, 0x01,
    0x01, 0x02, 0x01, 0x03, 0x01, 0x04, 0x01, 0x05, 0x02, 0x07, 0x02, 0x09, 0x01, 0x0A, 0x01, 0x0C,
    0x01, 0x0B, 0x01, 0x0C, 0x01, 0x0B, 0x01, 0x0A, 0x02, 0x0C, 0x01, 0x0B, 0x03, 0x09, 0x01, 0x08,
    0x03, 0x07, 0x05, 0x06, 0x03, 0x05, 0x02, 0x04, 0x01, 0x03, 0x02, 0x02, 0x03, 0x01, 0x0B, 0x00,
    0x03, 0x01, 0x02, 0x02, 0x01, 0x03, 0x02, 0x04, 0x01, 0x05, 0x05, 0x06, 0x04, 0x07, 0x03, 0x08,
    0x02, 0x09, 0x01, 0x0A, 0x01, 0x0B, 0x01, 0x0C, 0x02, 0x0A, 0x03, 0x0C, 0x01, 0x0A, 0x02, 0x09,
    0x02, 0x07, 0x02, 0x05, 0x01, 0x04, 0x01, 0x03, 0x01, 0x02, 0x01, 0x01, 0x02, 0x00, 0x01, 0x01,
    0x01, 0x02, 0x01, 0x03, 0x01, 0x04, 0x01, 0x05, 0x02, 0x07, 0x02, 0x09, 0x01, 0x0A, 0x02, 0x0B,
    0x01, 0x0C, 0x01, 0x0B, 0x01, 0x0A, 0x02, 0x0C, 0x01, 0x0B, 0x03, 0x09, 0x01, 0x08, 0x03, 0x07,
    0x01, 0x06, 0x01, 0x07, 0x04, 0x06, 0x03, 0x05, 0x01, 0x04, 0x02, 0x03, 0x02, 0x02, 0x02, 0x01,
    0x0B, 0x00, 0x02, 0x01, 0x02, 0x02, 0x02, 0x03, 0x02, 0x04, 0x06, 0x06, 0x03, 0x07, 0x04, 0x08,
    0x02, 0x09, 0x01, 0x0A, 0x02, 0x0C, 0x01, 0x0B, 0x01, 0x0A, 0x03, 0x0C, 0x01, 0x0A, 0x02, 0x09,
    0x01, 0x07, 0x03, 0x05, 0x01, 0x04, 0x01, 0x03, 0x01, 0x02, 0x01, 0x01, 0x02, 0x00, 0x01, 0x01,
    0x01, 0x02, 0x01, 0x03, 0x01, 0x04, 0x01, 0x05, 0x02, 0x07, 0x01, 0x08, 0x01, 0x09, 0x01, 0x0A,
    0x01, 0x0B, 0x02, 0x0C, 0x02, 0x0A, 0x03, 0x0C, 0x01, 0x0A, 0x01, 0x08, 0x02, 0x09, 0x03, 0x07,
    0x01, 0x06, 0x01, 0x07, 0x01, 0x06, 0x02, 0x05, 0x01, 0x06, 0x03, 0x05, 0x02, 0x04, 0x01, 0x03,
    0x02, 0x02, 0x03, 0x01, 0x09, 0x00, 0x03, 0x01, 0x02, 0x02, 0x01, 0x03, 0x02, 0x04, 0x01, 0x05,
    0x07, 0x06, 0x02, 0x07, 0x04, 0x08, 0x02, 0x09, 0x01, 0x0B, 0x02, 0x0C, 0x01, 0x0B, 0x01, 0x0A,
    0x03, 0x0C, 0x01, 0x0A, 0x01, 0x08, 0x01, 0x09, 0x01, 0x07, 0x03, 0x05, 0x01, 0x04, 0x01, 0x03,
    0x01, 0x02, 0x01, 0x01, 0x02, 0x00, 0x01, 0x01, 0x01, 0x02, 0x01, 0x03, 0x01, 0x04, 0x01, 0x06,
    0x02, 0x07, 0x01, 0x08, 0x02, 0x09, 0x01, 0x0B, 0x02, 0x0C, 0x02, 0x0A, 0x03, 0x0C, 0x01, 0x0B,
    0x02, 0x09, 0x02, 0x08, 0x04, 0x07, 0x03, 0x06, 0x04, 0x05, 0x02, 0x04, 0x02, 0x03, 0x02, 0x02,
    0x03, 0x01, 0x07, 0x00, 0x03, 0x01, 0x02, 0x02, 0x02, 0x03, 0x02, 0x04, 0x02, 0x05, 0x06, 0x06,
    0x01, 0x07, 0x05, 0x08, 0x02, 0x09, 0x01, 0x0B, 0x02, 0x0C, 0x01, 0x0B, 0x01, 0x09, 0x03, 0x0C,
    0x01, 0x0A, 0x02, 0x08, 0x02, 0x07, 0x01, 0x06, 0x01, 0x05, 0x01, 0x04, 0x01, 0x03, 0x01, 0x02,
    0x01, 0x01, 0x02, 0x00, 0x01, 0x01, 0x01, 0x02, 0x01, 0x03, 0x01, 0x04, 0x01, 0x05, 0x01, 0x06,
    0x01, 0x07, 0x01, 0x08, 0x02, 0x09, 0x01, 0x0B, 0x02, 0x0C, 0x01, 0x0A, 0x01, 0x0B, 0x03, 0x0C,
    0x01, 0x0B, 0x03, 0x09, 0x01, 0x08, 0x03, 0x07, 0x04, 0x06, 0x04, 0x05, 0x02, 0x04, 0x02, 0x03,
    0x02, 0x02, 0x05, 0x01, 0x02, 0x00, 0x05, 0x01, 0x03, 0x02, 0x01, 0x03, 0x02, 0x04, 0x01, 0x05,
    0x01, 0x06, 0x01, 0x05, 0x05, 0x06, 0x02, 0x07, 0x04, 0x08, 0x02, 0x09, 0x01, 0x0A, 0x03, 0x0C,
    0x01, 0x0B, 0x01, 0x0A, 0x01, 0x0B, 0x02, 0x0C, 0x01, 0x0A, 0x02, 0x08, 0x01, 0x07, 0x03, 0x05,
    0x01, 0x04, 0x01, 0x03, 0x01, 0x02, 0x01, 0x01, 0x02, 0x00, 0x01, 0x01, 0x01, 0x02, 0x01, 0x03,
    0x01, 0x04, 0x01, 0x05, 0x02, 0x07, 0x01, 0x08, 0x02, 0x09, 0x01, 0x0A, 0x02, 0x0C, 0x01, 0x0A,
    0x01, 0x0B, 0x04, 0x0C, 0x03, 0x09, 0x01, 0x08, 0x04, 0x07, 0x05, 0x06, 0x03, 0x05, 0x02, 0x04,
    0x02, 0x03, 0x02, 0x02, 0x0A, 0x01, 0x03, 0x02, 0x02, 0x03, 0x02, 0x04, 0x08, 0x06, 0x02, 0x07,
    0x03, 0x08, 0x03, 0x09, 0x01, 0x0A, 0x01, 0x0B, 0x03, 0x0C, 0x01, 0x0A, 0x01, 0x0B, 0x01, 0x0C,
    0x01, 0x0B, 0x01, 0x09, 0x01, 0x08, 0x01, 0x09, 0x01, 0x07, 0x03, 0x05, 0x01, 0x04, 0x01, 0x03,
    0x01, 0x02, 0x01, 0x01, 0x02, 0x00, 0x01, 0x01, 0x01, 0x02, 0x01, 0x03, 0x01, 0x04, 0x02, 0x05,
    0x01, 0x07, 0x01, 0x08, 0x01, 0x09, 0x02, 0x0A, 0x02, 0x0C, 0x01, 0x09, 0x01, 0x0B, 0x03, 0x0C,
    0x01, 0x0B, 0x02, 0x0A, 0x01, 0x09, 0x02, 0x08, 0x04, 0x07, 0x07, 0x06, 0x01, 0x05, 0x02, 0x04,
    0x02, 0x03, 0x03, 0x02, 0x07, 0x01, 0x03, 0x02, 0x02, 0x03, 0x02, 0x04, 0x01, 0x05, 0x01, 0x06,
    0x01, 0x07, 0x05, 0x06, 0x02, 0x07, 0x04, 0x08, 0x02, 0x09, 0x01, 0x0A, 0x01, 0x0C, 0x02, 0x0B,
    0x02, 0x0C, 0x01, 0x0A, 0x01, 0x0B, 0x01, 0x0C, 0x01, 0x0B, 0x02, 0x09, 0x02, 0x07, 0x03, 0x05,
    0x01, 0x04, 0x01, 0x03, 0x01, 0x02, 0x01, 0x01, 0x02, 0x00, 0x01, 0x01, 0x01, 0x02, 0x01, 0x03,
    0x01, 0x04, 0x02, 0x05, 0x02, 0x07, 0x01, 0x08, 0x01, 0x09, 0x01, 0x0A, 0x02, 0x0B, 0x01, 0x09,
    0x01, 0x0B, 0x03, 0x0C, 0x02, 0x0B, 0x01, 0x0A, 0x02, 0x09, 0x01, 0x08, 0x04, 0x07, 0x04, 0x06,
    0x02, 0x07, 0x01, 0x06, 0x01, 0x05, 0x03, 0x04, 0x02, 0x03, 0x0A, 0x02, 0x03, 0x03, 0x02, 0x04,
    0x01, 0x05, 0x02, 0x06, 0x02, 0x07, 0x02, 0x06, 0x04, 0x07, 0x04, 0x08, 0x02, 0x09, 0x01, 0x0A,
    0x02, 0x0C, 0x01, 0x0B, 0x02, 0x0C, 0x02, 0x0A, 0x01, 0x0C, 0x01, 0x0A, 0x02, 0x09, 0x02, 0x07,
    0x03, 0x05, 0x01, 0x04, 0x01, 0x03, 0x01, 0x02, 0x01, 0x01, 0x02, 0x00, 0x01, 0x01, 0x01, 0x02,
    0x01, 0x03, 0x01, 0x04, 0x02, 0x05, 0x02, 0x07, 0x01, 0x08, 0x01, 0x09, 0x01, 0x0A, 0x02, 0x0B,
    0x01, 0x09, 0x05, 0x0B, 0x01, 0x0C, 0x01, 0x0A, 0x02, 0x09, 0x01, 0x08, 0x08, 0x07, 0x03, 0x06,
    0x02, 0x05, 0x03, 0x04, 0x04, 0x03, 0x05, 0x02, 0x03, 0x03, 0x03, 0x04, 0x01, 0x05, 0x02, 0x06,
    0x01, 0x05, 0x01, 0x06, 0x06, 0x07, 0x04, 0x08, 0x03, 0x09, 0x01, 0x0B, 0x02, 0x0C, 0x03, 0x0B,
    0x02, 0x0A, 0x01, 0x0B, 0x03, 0x09, 0x02, 0x07, 0x02, 0x05, 0x02, 0x04, 0x01, 0x02, 0x02, 0x01,
    0x02, 0x00, 0x01, 0x01, 0x01, 0x02, 0x01, 0x03, 0x01, 0x04, 0x03, 0x05, 0x01, 0x07, 0x01, 0x08,
    0x01, 0x09, 0x02, 0x0A, 0x01, 0x0B, 0x01, 0x0A, 0x05, 0x0B, 0x01, 0x0C, 0x01, 0x0B, 0x03, 0x09,
    0x01, 0x08, 0x03, 0x07, 0x02, 0x08, 0x01, 0x07, 0x06, 0x06, 0x01, 0x05, 0x04, 0x04, 0x08, 0x03,
    0x04, 0x04, 0x01, 0x05, 0x05, 0x06, 0x06, 0x07, 0x04, 0x08, 0x02, 0x09, 0x01, 0x0A, 0x03, 0x0C,
    0x01, 0x0B, 0x02, 0x0C, 0x02, 0x0A, 0x01, 0x0C, 0x01, 0x0A, 0x02, 0x09, 0x02, 0x07, 0x02, 0x05,
    0x02, 0x04, 0x01, 0x02, 0x02, 0x01, 0x02, 0x00, 0x01, 0x01, 0x01, 0x02, 0x01, 0x03, 0x01, 0x04,
    0x03, 0x05, 0x02, 0x07, 0x02, 0x09, 0x01, 0x0A, 0x01, 0x0B, 0x01, 0x09, 0x04, 0x0C, 0x01, 0x0B,
    0x02, 0x0C, 0x01, 0x0A, 0x02, 0x09, 0x04, 0x08, 0x02, 0x07, 0x08, 0x06, 0x02, 0x05, 0x05, 0x04,
    0x01, 0x03, 0x07, 0x04, 0x01, 0x05, 0x04, 0x06, 0x07, 0x07, 0x04, 0x08, 0x02, 0x09, 0x01, 0x0A,
    0x01, 0x0B, 0x02, 0x0C, 0x02, 0x0B, 0x02, 0x0C, 0x02, 0x0A, 0x01, 0x0B, 0x01, 0x09, 0x02, 0x08,
    0x01, 0x07, 0x03, 0x05, 0x02, 0x04, 0x01, 0x02, 0x02, 0x01, 0x02, 0x00, 0x01, 0x01, 0x01, 0x02,
    0x01, 0x03, 0x01, 0x04, 0x03, 0x05, 0x02, 0x07, 0x01, 0x09, 0x01, 0x08, 0x01, 0x0A, 0x01, 0x0B,
    0x01, 0x0A, 0x04, 0x0C, 0x02, 0x0B, 0x01, 0x0C, 0x01, 0x0B, 0x01, 0x0A, 0x03, 0x09, 0x01, 0x08,
    0x02, 0x07, 0x0A, 0x06, 0x03, 0x05, 0x08, 0x04, 0x02, 0x05, 0x06, 0x06, 0x07, 0x07, 0x04, 0x08,
    0x02, 0x09, 0x01, 0x0A, 0x02, 0x0C, 0x02, 0x0B, 0x03, 0x0C, 0x02, 0x0A, 0x01, 0x0B, 0x01, 0x09,
    0x01, 0x08, 0x02, 0x07, 0x03, 0x05, 0x01, 0x04, 0x01, 0x03, 0x01, 0x02, 0x02, 0x01, 0x02, 0x00,
    0x01, 0x01, 0x02, 0x02, 0x01, 0x04, 0x03, 0x05, 0x02, 0x07, 0x02, 0x08, 0x03, 0x0A, 0x05, 0x0C,
    0x01, 0x0B, 0x02, 0x0C, 0x01, 0x0A, 0x03, 0x09, 0x02, 0x08, 0x03, 0x07, 0x0C, 0x06, 0x07, 0x05,
    0x05, 0x06, 0x09, 0x07, 0x04, 0x08, 0x02, 0x09, 0x01, 0x0A, 0x01, 0x0B, 0x02, 0x0C, 0x01, 0x0B,
    0x04, 0x0C, 0x03, 0x0A, 0x02, 0x09, 0x02, 0x07, 0x01, 0x06, 0x02, 0x05, 0x01, 0x04, 0x01, 0x03,
    0x01, 0x02, 0x02, 0x01, 0x02, 0x00, 0x02, 0x01, 0x01, 0x02, 0x02, 0x04, 0x02, 0x05, 0x01, 0x06,
    0x02, 0x07, 0x01, 0x08, 0x01, 0x09, 0x02, 0x0A, 0x05, 0x0C, 0x03, 0x0B, 0x01, 0x0A, 0x02, 0x09,
    0x03, 0x08, 0x04, 0x07, 0x14, 0x06, 0x0C, 0x07, 0x03, 0x08, 0x03, 0x09, 0x01, 0x0A, 0x04, 0x0B,
    0x04, 0x0C, 0x01, 0x0B, 0x01, 0x09, 0x01, 0x0A, 0x01, 0x09, 0x01, 0x08, 0x02, 0x07, 0x03, 0x05,
    0x01, 0x04, 0x01, 0x03, 0x01, 0x02, 0x02, 0x01, 0x02, 0x00, 0x02, 0x01, 0x01, 0x02, 0x01, 0x03,
    0x01, 0x04, 0x03, 0x05, 0x02, 0x07, 0x01, 0x08, 0x01, 0x09, 0x02, 0x0A, 0x05, 0x0C, 0x03, 0x0B,
    0x02, 0x09, 0x01, 0x0A, 0x01, 0x09, 0x03, 0x08, 0x04, 0x07, 0x02, 0x06, 0x02, 0x07, 0x0D, 0x06,
    0x0C, 0x07, 0x03, 0x08, 0x04, 0x09, 0x02, 0x0A, 0x03, 0x0C, 0x02, 0x0B, 0x03, 0x0C, 0x01, 0x0B,
    0x01, 0x09, 0x01, 0x0A, 0x01, 0x09, 0x01, 0x08, 0x02, 0x07, 0x03, 0x05, 0x01, 0x04, 0x01, 0x03,
    0x01, 0x02, 0x02, 0x01, 0x02, 0x00, 0x02, 0x01, 0x01, 0x02, 0x01, 0x03, 0x01, 0x04, 0x03, 0x05,
    0x03, 0x07, 0x02, 0x09, 0x01, 0x0A, 0x05, 0x0C, 0x01, 0x0B, 0x01, 0x0C, 0x01, 0x0A, 0x02, 0x09,
    0x02, 0x0A, 0x01, 0x09, 0x02, 0x08, 0x09, 0x07, 0x04, 0x06, 0x02, 0x07, 0x04, 0x06, 0x0A, 0x07,
    0x07, 0x08, 0x04, 0x09, 0x01, 0x0B, 0x02, 0x0A, 0x03, 0x0C, 0x01, 0x0B, 0x03, 0x0C, 0x01, 0x0A,
    0x02, 0x09, 0x01, 0x08, 0x02, 0x07, 0x03, 0x05, 0x02, 0x04, 0x01, 0x03, 0x01, 0x02, 0x02, 0x01,
    0x02, 0x00, 0x02, 0x01, 0x01, 0x02, 0x01, 0x03, 0x01, 0x04, 0x04, 0x05, 0x02, 0x07, 0x01, 0x08,
    0x01, 0x09, 0x01, 0x0A, 0x01, 0x0B, 0x03, 0x0C, 0x02, 0x0B, 0x01, 0x0C, 0x01, 0x0A, 0x01, 0x09,
    0x01, 0x0A, 0x01, 0x0B, 0x01, 0x0A, 0x01, 0x09, 0x01, 0x08, 0x01, 0x09, 0x02, 0x08, 0x07, 0x07,
    0x04, 0x06, 0x02, 0x07, 0x03, 0x06, 0x0B, 0x07, 0x06, 0x08, 0x03, 0x09, 0x01, 0x0A, 0x01, 0x0B,
    0x01, 0x0A, 0x01, 0x0B, 0x02, 0x0A, 0x02, 0x0C, 0x02, 0x0B, 0x02, 0x0C, 0x01, 0x0A, 0x02, 0x09,
    0x01, 0x08, 0x02, 0x07, 0x03, 0x05, 0x02, 0x04, 0x01, 0x03, 0x01, 0x02, 0x02, 0x01, 0x02, 0x00,
    0x02, 0x01, 0x01, 0x02, 0x01, 0x03, 0x02, 0x04, 0x03, 0x05, 0x03, 0x07, 0x02, 0x09, 0x01, 0x0B,
    0x02, 0x0C, 0x02, 0x0B, 0x01, 0x0C, 0x01, 0x0A, 0x01, 0x09, 0x01, 0x0A, 0x01, 0x0B, 0x01, 0x0C,
    0x01, 0x0B, 0x01, 0x0A, 0x03, 0x09, 0x02, 0x08, 0x01, 0x07, 0x01, 0x08, 0x04, 0x07, 0x01, 0x06,
    0x01, 0x07, 0x02, 0x06, 0x0F, 0x07, 0x07, 0x08, 0x03, 0x09, 0x01, 0x0B, 0x01, 0x0C, 0x01, 0x0B,
    0x01, 0x0A, 0x01, 0x0B, 0x01, 0x0A, 0x01, 0x0B, 0x02, 0x0C, 0x01, 0x0B, 0x01, 0x0C, 0x01, 0x0B,
    0x02, 0x09, 0x02, 0x08, 0x01, 0x07, 0x04, 0x05, 0x02, 0x04, 0x02, 0x02, 0x01, 0x01, 0x03, 0x00,
    0x02, 0x01, 0x01, 0x02, 0x01, 0x03, 0x02, 0x04, 0x04, 0x05, 0x02, 0x07, 0x01, 0x08, 0x02, 0x09,
    0x05, 0x0B, 0x01, 0x09, 0x01, 0x0A, 0x01, 0x0B, 0x03, 0x0C, 0x01, 0x0B, 0x01, 0x0A, 0x02, 0x09,
    0x05, 0x08, 0x0F, 0x07, 0x01, 0x08, 0x05, 0x07, 0x07, 0x08, 0x03, 0x09, 0x01, 0x0A, 0x03, 0x0C,
    0x01, 0x0B, 0x01, 0x0A, 0x01, 0x0B, 0x01, 0x09, 0x01, 0x0B, 0x01, 0x0C, 0x02, 0x0B, 0x01, 0x0A,
    0x01, 0x09, 0x02, 0x08, 0x02, 0x07, 0x04, 0x05, 0x02, 0x04, 0x02, 0x02, 0x01, 0x01, 0x04, 0x00,
    0x01, 0x01, 0x02, 0x02, 0x03, 0x04, 0x03, 0x05, 0x03, 0x07, 0x02, 0x09, 0x01, 0x0A, 0x01, 0x0C,
    0x02, 0x0B, 0x01, 0x0A, 0x01, 0x09, 0x01, 0x0B, 0x05, 0x0C, 0x01, 0x0B, 0x04, 0x09, 0x04, 0x08,
    0x07, 0x07, 0x01, 0x08, 0x05, 0x07, 0x03, 0x08, 0x01, 0x07, 0x08, 0x08, 0x04, 0x09, 0x03, 0x0B,
    0x03, 0x0C, 0x02, 0x0A, 0x01, 0x0B, 0x01, 0x0A, 0x03, 0x0B, 0x03, 0x09, 0x01, 0x08, 0x02, 0x07,
    0x03, 0x05, 0x02, 0x04, 0x01, 0x03, 0x01, 0x02, 0x02, 0x01, 0x04, 0x00, 0x01, 0x01, 0x02, 0x02,
    0x01, 0x03, 0x03, 0x04, 0x03, 0x05, 0x02, 0x07, 0x01, 0x08, 0x01, 0x09, 0x01, 0x0A, 0x01, 0x0B,
    0x01, 0x0C, 0x01, 0x0B, 0x01, 0x09, 0x01, 0x0A, 0x05, 0x0C, 0x01, 0x0B, 0x01, 0x09, 0x02, 0x0A,
    0x03, 0x09, 0x05, 0x08, 0x05, 0x07, 0x01, 0x08, 0x05, 0x07, 0x0B, 0x08, 0x03, 0x09, 0x01, 0x0A,
    0x01, 0x0B, 0x02, 0x0A, 0x01, 0x0B, 0x04, 0x0C, 0x01, 0x0A, 0x01, 0x0B, 0x02, 0x0A, 0x01, 0x0C,
    0x01, 0x0A, 0x02, 0x09, 0x01, 0x08, 0x03, 0x07, 0x03, 0x05, 0x02, 0x04, 0x01, 0x03, 0x01, 0x02,
    0x02, 0x01, 0x04, 0x00, 0x02, 0x01, 0x01, 0x02, 0x01, 0x03, 0x03, 0x04, 0x04, 0x05, 0x02, 0x07,
    0x02, 0x09, 0x01, 0x0A, 0x01, 0x0B, 0x01, 0x0A, 0x01, 0x09, 0x05, 0x0C, 0x01, 0x0B, 0x01, 0x09,
    0x01, 0x0B, 0x02, 0x0C, 0x02, 0x0A, 0x03, 0x09, 0x0A, 0x08, 0x02, 0x07, 0x0A, 0x08, 0x05, 0x09,
    0x01, 0x0A, 0x02, 0x0C, 0x01, 0x0B, 0x02, 0x0A, 0x01, 0x0B, 0x04, 0x0C, 0x02, 0x0A, 0x01, 0x09,
    0x01, 0x0A, 0x02, 0x09, 0x02, 0x08, 0x02, 0x07, 0x02, 0x06, 0x01, 0x05, 0x03, 0x04, 0x01, 0x03,
    0x01, 0x02, 0x02, 0x01, 0x04, 0x00, 0x02, 0x01, 0x01, 0x02, 0x01, 0x03, 0x04, 0x04, 0x03, 0x05,
    0x02, 0x07, 0x01, 0x08, 0x02, 0x09, 0x01, 0x0A, 0x01, 0x09, 0x01, 0x0A, 0x04, 0x0C, 0x01, 0x0B,
    0x01, 0x09, 0x01, 0x0B, 0x04, 0x0C, 0x01, 0x0B, 0x01, 0x0A, 0x03, 0x09, 0x01, 0x08, 0x01, 0x09,
    0x12, 0x08, 0x04, 0x09, 0x01, 0x0A, 0x01, 0x0B, 0x05, 0x0C, 0x02, 0x0A, 0x01, 0x0C, 0x02, 0x0B,
    0x01, 0x0C, 0x03, 0x0A, 0x03, 0x09, 0x01, 0x08, 0x02, 0x07, 0x03, 0x06, 0x02, 0x05, 0x02, 0x04,
    0x01, 0x03, 0x01, 0x02, 0x02, 0x01, 0x04, 0x00, 0x02, 0x01, 0x02, 0x02, 0x04, 0x04, 0x04, 0x05,
    0x02, 0x07, 0x01, 0x08, 0x02, 0x09, 0x01, 0x0A, 0x05, 0x0B, 0x02, 0x0A, 0x06, 0x0C, 0x01, 0x0B,
    0x02, 0x0A, 0x01, 0x09, 0x01, 0x08, 0x02, 0x09, 0x10, 0x08, 0x04, 0x09, 0x01, 0x0A, 0x07, 0x0C,
    0x01, 0x0B, 0x01, 0x09, 0x01, 0x0A, 0x04, 0x0B, 0x01, 0x09, 0x01, 0x0A, 0x02, 0x09, 0x02, 0x08,
    0x02, 0x07, 0x01, 0x06, 0x01, 0x05, 0x01, 0x06, 0x02, 0x05, 0x02, 0x04, 0x01, 0x03, 0x01, 0x02,
    0x02, 0x01, 0x04, 0x00, 0x02, 0x01, 0x02, 0x02, 0x01, 0x03, 0x04, 0x04, 0x04, 0x05, 0x02, 0x07,
    0x02, 0x09, 0x02, 0x0A, 0x01, 0x0B, 0x02, 0x0C, 0x01, 0x0A, 0x01, 0x0B, 0x01, 0x0C, 0x01, 0x0B,
    0x07, 0x0C, 0x01, 0x0B, 0x02, 0x0A, 0x05, 0x09, 0x01, 0x08, 0x02, 0x09, 0x03, 0x08, 0x08, 0x09,
    0x02, 0x0A, 0x01, 0x09, 0x01, 0x0B, 0x07, 0x0C, 0x02, 0x0B, 0x01, 0x0A, 0x01, 0x0B, 0x03, 0x0C,
    0x01, 0x0B, 0x03, 0x09, 0x01, 0x08, 0x03, 0x07, 0x03, 0x06, 0x01, 0x05, 0x02, 0x04, 0x01, 0x03,
    0x02, 0x02, 0x02, 0x01, 0x04, 0x00, 0x03, 0x01, 0x01, 0x02, 0x01, 0x03, 0x05, 0x04, 0x04, 0x05,
    0x02, 0x07, 0x03, 0x09, 0x01, 0x0B, 0x01, 0x0C, 0x02, 0x0A, 0x02, 0x0C, 0x02, 0x0B, 0x07, 0x0C,
    0x03, 0x0B, 0x02, 0x0A, 0x0E, 0x09, 0x01, 0x0A, 0x02, 0x0B, 0x01, 0x0C, 0x02, 0x0A, 0x07, 0x0C,
    0x01, 0x0B, 0x01, 0x0C, 0x01, 0x0B, 0x01, 0x09, 0x01, 0x0B, 0x02, 0x0C, 0x01, 0x0B, 0x01, 0x08,
    0x01, 0x09, 0x02, 0x08, 0x02, 0x07, 0x03, 0x06, 0x01, 0x05, 0x03, 0x04, 0x01, 0x03, 0x01, 0x02,
    0x03, 0x01, 0x05, 0x00, 0x02, 0x01, 0x02, 0x02, 0x01, 0x03, 0x04, 0x04, 0x05, 0x05, 0x01, 0x07,
    0x02, 0x08, 0x01, 0x09, 0x03, 0x0A, 0x04, 0x0C, 0x01, 0x0B, 0x06, 0x0C, 0x02, 0x0B, 0x03, 0x0C,
    0x01, 0x0B, 0x03, 0x0A, 0x05, 0x09, 0x01, 0x0A, 0x02, 0x09, 0x01, 0x0A, 0x02, 0x0B, 0x04, 0x0C,
    0x02, 0x0A, 0x06, 0x0C, 0x02, 0x0B, 0x02, 0x0C, 0x01, 0x0B, 0x01, 0x0A, 0x02, 0x0C, 0x01, 0x0A,
    0x01, 0x09, 0x03, 0x08, 0x02, 0x07, 0x03, 0x06, 0x04, 0x04, 0x01, 0x03, 0x01, 0x02, 0x02, 0x01,
    0x06, 0x00, 0x02, 0x01, 0x02, 0x02, 0x01, 0x03, 0x05, 0x04, 0x04, 0x05, 0x03, 0x07, 0x02, 0x09,
    0x02, 0x0A, 0x04, 0x0C, 0x02, 0x0B, 0x04, 0x0C, 0x02, 0x0B, 0x08, 0x0C, 0x01, 0x0B, 0x03, 0x0A,
    0x01, 0x09, 0x03, 0x0A, 0x07, 0x0C, 0x02, 0x0A, 0x07, 0x0B, 0x04, 0x0C, 0x02, 0x0A, 0x01, 0x0B,
    0x02, 0x09, 0x03, 0x08, 0x02, 0x07, 0x03, 0x06, 0x04, 0x04, 0x01, 0x03, 0x01, 0x02, 0x02, 0x01,
    0x06, 0x00, 0x03, 0x01, 0x01, 0x02, 0x01, 0x03, 0x05, 0x04, 0x05, 0x05, 0x02, 0x07, 0x01, 0x08,
    0x03, 0x09, 0x01, 0x0A, 0x01, 0x0B, 0x02, 0x0C, 0x08, 0x0B, 0x09, 0x0C, 0x02, 0x0A, 0x01, 0x09,
    0x01, 0x0A, 0x03, 0x0B, 0x07, 0x0C, 0x01, 0x0A, 0x08, 0x0B, 0x04, 0x0C, 0x01, 0x0B, 0x01, 0x09,
    0x01, 0x0A, 0x02, 0x09, 0x02, 0x08, 0x02, 0x07, 0x03, 0x06, 0x01, 0x05, 0x03, 0x04, 0x01, 0x03,
    0x02, 0x02, 0x02, 0x01, 0x07, 0x00, 0x02, 0x01, 0x02, 0x02, 0x01, 0x03, 0x07, 0x04, 0x02, 0x05,
    0x01, 0x06, 0x03, 0x07, 0x01, 0x08, 0x02, 0x09, 0x01, 0x0A, 0x01, 0x0B, 0x01, 0x0C, 0x01, 0x0B,
    0x06, 0x0C, 0x01, 0x0B, 0x07, 0x0C, 0x01, 0x0B, 0x01, 0x0A, 0x01, 0x09, 0x01, 0x0A, 0x01, 0x0B,
    0x03, 0x0C, 0x01, 0x0B, 0x07, 0x0C, 0x02, 0x0A, 0x01, 0x0B, 0x05, 0x0C, 0x02, 0x0B, 0x04, 0x0C,
    0x01, 0x0A, 0x02, 0x09, 0x03, 0x08, 0x02, 0x07, 0x01, 0x06, 0x01, 0x05, 0x01, 0x06, 0x01, 0x05,
    0x03, 0x04, 0x01, 0x03, 0x01, 0x02, 0x03, 0x01, 0x07, 0x00, 0x03, 0x01, 0x01, 0x02, 0x01, 0x03,
    0x08, 0x04, 0x02, 0x05, 0x01, 0x06, 0x03, 0x07, 0x01, 0x08, 0x02, 0x09, 0x03, 0x0A, 0x06, 0x0C,
    0x02, 0x0B, 0x04, 0x0C, 0x01, 0x0B, 0x01, 0x0A, 0x01, 0x09, 0x01, 0x0A, 0x01, 0x0B, 0x06, 0x0C,
    0x01, 0x0B, 0x06, 0x0C, 0x02, 0x0A, 0x07, 0x0C, 0x01, 0x0B, 0x03, 0x0C, 0x01, 0x0B, 0x01, 0x0A,
    0x02, 0x09, 0x02, 0x08, 0x02, 0x07, 0x02, 0x06, 0x04, 0x05, 0x02, 0x04, 0x01, 0x03, 0x01, 0x02,
    0x02, 0x01, 0x09, 0x00, 0x02, 0x01, 0x02, 0x02, 0x01, 0x03, 0x08, 0x04, 0x02, 0x05, 0x01, 0x06,
    0x03, 0x07, 0x01, 0x08, 0x03, 0x09, 0x02, 0x0A, 0x01, 0x0B, 0x05, 0x0C, 0x01, 0x0B, 0x02, 0x0C,
    0x01, 0x0B, 0x01, 0x0A, 0x01, 0x09, 0x02, 0x0A, 0x08, 0x0C, 0x02, 0x0B, 0x05, 0x0C, 0x01, 0x0A,
    0x01, 0x0B, 0x07, 0x0C, 0x02, 0x0B, 0x02, 0x0C, 0x01, 0x0B, 0x02, 0x09, 0x03, 0x08, 0x02, 0x07,
    0x02, 0x06, 0x04, 0x05, 0x01, 0x04, 0x01, 0x03, 0x02, 0x02, 0x02, 0x01, 0x09, 0x00, 0x03, 0x01,
    0x02, 0x02, 0x01, 0x03, 0x08, 0x04, 0x04, 0x05, 0x03, 0x07, 0x01, 0x08, 0x03, 0x09, 0x02, 0x0A,
    0x01, 0x0B, 0x03, 0x0C, 0x02, 0x0B, 0x01, 0x0A, 0x01, 0x09, 0x01, 0x0A, 0x03, 0x0B, 0x09, 0x0C,
    0x06, 0x0B, 0x01, 0x09, 0x01, 0x0B, 0x08, 0x0C, 0x03, 0x0B, 0x02, 0x09, 0x03, 0x08, 0x02, 0x07,
    0x03, 0x06, 0x03, 0x05, 0x02, 0x04, 0x01, 0x03, 0x01, 0x02, 0x03, 0x01, 0x0A, 0x00, 0x02, 0x01,
    0x03, 0x02, 0x01, 0x03, 0x08, 0x04, 0x03, 0x05, 0x05, 0x07, 0x05, 0x09, 0x02, 0x0A, 0x01, 0x0B,
    0x01, 0x0A, 0x01, 0x09, 0x01, 0x0A, 0x02, 0x0B, 0x01, 0x0C, 0x02, 0x0B, 0x09, 0x0C, 0x04, 0x0B,
    0x01, 0x0C, 0x01, 0x0B, 0x01, 0x09, 0x01, 0x0A, 0x01, 0x0B, 0x07, 0x0C, 0x02, 0x0B, 0x01, 0x0A,
    0x02, 0x09, 0x03, 0x08, 0x02, 0x07, 0x02, 0x06, 0x02, 0x05, 0x04, 0x04, 0x01, 0x03, 0x01, 0x02,
    0x02, 0x01, 0x0C, 0x00, 0x02, 0x01, 0x03, 0x02, 0x02, 0x03, 0x06, 0x04, 0x06, 0x05, 0x04, 0x07,
    0x07, 0x09, 0x01, 0x0A, 0x03, 0x0B, 0x02, 0x0C, 0x02, 0x0B, 0x07, 0x0C, 0x05, 0x0B, 0x02, 0x0A,
    0x01, 0x09, 0x01, 0x0A, 0x01, 0x0B, 0x06, 0x0C, 0x02, 0x0B, 0x01, 0x0C, 0x01, 0x0A, 0x02, 0x09,
    0x03, 0x08, 0x02, 0x07, 0x02, 0x06, 0x02, 0x05, 0x03, 0x04, 0x01, 0x03, 0x02, 0x02, 0x02, 0x01,
    0x0C, 0x00, 0x03, 0x01, 0x03, 0x02, 0x02, 0x03, 0x05, 0x04, 0x01, 0x05, 0x02, 0x04, 0x04, 0x05,
    0x04, 0x07, 0x02, 0x08, 0x07, 0x09, 0x0C, 0x0A, 0x01, 0x09, 0x01, 0x0A, 0x04, 0x09, 0x03, 0x0A,
    0x07, 0x0C, 0x01, 0x0B, 0x01, 0x0C, 0x01, 0x0B, 0x03, 0x09, 0x02, 0x08, 0x02, 0x07, 0x03, 0x06,
    0x02, 0x05, 0x03, 0x04, 0x01, 0x03, 0x01, 0x02, 0x03, 0x01, 0x0D, 0x00, 0x03, 0x01, 0x03, 0x02,
    0x02, 0x03, 0x08, 0x04, 0x03, 0x05, 0x01, 0x06, 0x05, 0x07, 0x03, 0x08, 0x0F, 0x09, 0x01, 0x08,
    0x06, 0x09, 0x03, 0x0A, 0x01, 0x0B, 0x05, 0x0C, 0x01, 0x0B, 0x02, 0x0C, 0x01, 0x0A, 0x02, 0x09,
    0x02, 0x08, 0x03, 0x07, 0x03, 0x06, 0x02, 0x05, 0x02, 0x04, 0x02, 0x03, 0x01, 0x02, 0x02, 0x01,
    0x0F, 0x00, 0x03, 0x01, 0x03, 0x02, 0x02, 0x03, 0x08, 0x04, 0x03, 0x05, 0x01, 0x06, 0x07, 0x07,
    0x05, 0x08, 0x01, 0x09, 0x01, 0x08, 0x02, 0x09, 0x02, 0x08, 0x04, 0x09, 0x01, 0x08, 0x06, 0x09,
    0x02, 0x0A, 0x01, 0x09, 0x01, 0x0A, 0x05, 0x0B, 0x01, 0x0A, 0x01, 0x0B, 0x01, 0x0A, 0x02, 0x09,
    0x02, 0x08, 0x04, 0x07, 0x03, 0x06, 0x02, 0x05, 0x02, 0x04, 0x01, 0x03, 0x02, 0x02, 0x02, 0x01,
    0x10, 0x00, 0x04, 0x01, 0x02, 0x02, 0x03, 0x03, 0x07, 0x04, 0x03, 0x05, 0x03, 0x06, 0x06, 0x07,
    0x0E, 0x08, 0x01, 0x09, 0x01, 0x08, 0x04, 0x09, 0x02, 0x0A, 0x0C, 0x09, 0x02, 0x08, 0x04, 0x07,
    0x02, 0x06, 0x02, 0x05, 0x02, 0x04, 0x02, 0x03, 0x01, 0x02, 0x02, 0x01, 0x12, 0x00, 0x04, 0x01,
    0x03, 0x02, 0x02, 0x03, 0x07, 0x04, 0x04, 0x05, 0x03, 0x06, 0x07, 0x07, 0x0D, 0x08, 0x04, 0x09,
    0x01, 0x0A, 0x02, 0x09, 0x05, 0x0B, 0x01, 0x0C, 0x01, 0x0B, 0x01, 0x0A, 0x02, 0x09, 0x03, 0x08,
    0x03, 0x07, 0x01, 0x06, 0x03, 0x05, 0x03, 0x04, 0x01, 0x03, 0x02, 0x02, 0x02, 0x01, 0x13, 0x00,
    0x04, 0x01, 0x03, 0x02, 0x03, 0x03, 0x05, 0x04, 0x05, 0x05, 0x03, 0x06, 0x07, 0x07, 0x0C, 0x08,
    0x03, 0x09, 0x01, 0x0A, 0x01, 0x0B, 0x02, 0x0A, 0x07, 0x0C, 0x03, 0x09, 0x02, 0x08, 0x04, 0x07,
    0x01, 0x06, 0x02, 0x05, 0x03, 0x04, 0x02, 0x03, 0x01, 0x02, 0x02, 0x01, 0x16, 0x00, 0x04, 0x01,
    0x03, 0x02, 0x02, 0x03, 0x06, 0x04, 0x04, 0x05, 0x04, 0x06, 0x06, 0x07, 0x0B, 0x08, 0x03, 0x09,
    0x01, 0x0A, 0x01, 0x0C, 0x01, 0x0A, 0x01, 0x0B, 0x06, 0x0C, 0x01, 0x0B, 0x03, 0x09, 0x02, 0x08,
    0x03, 0x07, 0x02, 0x06, 0x02, 0x05, 0x03, 0x04, 0x01, 0x03, 0x02, 0x02, 0x02, 0x01, 0x17, 0x00,
    0x05, 0x01, 0x03, 0x02, 0x03, 0x03, 0x05, 0x04, 0x03, 0x05, 0x03, 0x06, 0x06, 0x07, 0x03, 0x08,
    0x01, 0x07, 0x07, 0x08, 0x03, 0x09, 0x02, 0x0B, 0x01, 0x09, 0x01, 0x0B, 0x06, 0x0C, 0x01, 0x0A,
    0x01, 0x09, 0x03, 0x08, 0x04, 0x07, 0x01, 0x06, 0x03, 0x05, 0x02, 0x04, 0x01, 0x03, 0x02, 0x02,
    0x03, 0x01, 0x19, 0x00, 0x04, 0x01, 0x03, 0x02, 0x03, 0x03, 0x05, 0x04, 0x03, 0x05, 0x02, 0x06,
    0x06, 0x07, 0x03, 0x08, 0x01, 0x07, 0x07, 0x08, 0x02, 0x09, 0x01, 0x0A, 0x02, 0x0C, 0x02, 0x0A,
    0x05, 0x0C, 0x01, 0x0B, 0x02, 0x09, 0x03, 0x08, 0x02, 0x07, 0x03, 0x06, 0x02, 0x05, 0x03, 0x04,
    0x01, 0x03, 0x02, 0x02, 0x02, 0x01, 0x1B, 0x00, 0x05, 0x01, 0x03, 0x02, 0x03, 0x03, 0x04, 0x04,
    0x03, 0x05, 0x05, 0x06, 0x03, 0x07, 0x02, 0x08, 0x01, 0x07, 0x07, 0x08, 0x01, 0x09, 0x01, 0x0A,
    0x01, 0x0B, 0x02, 0x0C, 0x02, 0x0A, 0x05, 0x0C, 0x01, 0x0A, 0x02, 0x09, 0x02, 0x08, 0x02, 0x07,
    0x04, 0x06, 0x01, 0x05, 0x03, 0x04, 0x01, 0x03, 0x02, 0x02, 0x03, 0x01, 0x1D, 0x00, 0x05, 0x01,
    0x03, 0x02, 0x02, 0x03, 0x03, 0x04, 0x03, 0x05, 0x05, 0x06, 0x03, 0x07, 0x01, 0x08, 0x03, 0x07,
    0x05, 0x08, 0x02, 0x09, 0x01, 0x0A, 0x03, 0x0C, 0x02, 0x0A, 0x04, 0x0C, 0x01, 0x0B, 0x02, 0x09,
    0x02, 0x08, 0x03, 0x07, 0x03, 0x06, 0x02, 0x05, 0x03, 0x04, 0x01, 0x03, 0x02, 0x02, 0x02, 0x01,
    0x20, 0x00, 0x04, 0x01, 0x03, 0x02, 0x02, 0x03, 0x03, 0x04, 0x02, 0x05, 0x06, 0x06, 0x02, 0x07,
    0x01, 0x08, 0x02, 0x07, 0x05, 0x08, 0x02, 0x09, 0x01, 0x0A, 0x01, 0x0B, 0x03, 0x0C, 0x02, 0x0A,
    0x01, 0x0B, 0x03, 0x0C, 0x01, 0x0A, 0x01, 0x09, 0x03, 0x08, 0x02, 0x07, 0x03, 0x06, 0x03, 0x05,
    0x02, 0x04, 0x02, 0x03, 0x01, 0x02, 0x03, 0x01, 0x21, 0x00, 0x04, 0x01, 0x03, 0x02, 0x02, 0x03,
    0x03, 0x04, 0x03, 0x05, 0x05, 0x06, 0x01, 0x07, 0x02, 0x08, 0x01, 0x07, 0x05, 0x08, 0x02, 0x09,
    0x01, 0x0B, 0x04, 0x0C, 0x01, 0x0A, 0x04, 0x0B, 0x01, 0x0A, 0x02, 0x09, 0x02, 0x08, 0x03, 0x07,
    0x03, 0x06, 0x03, 0x05, 0x02, 0x04, 0x01, 0x03, 0x02, 0x02, 0x02, 0x01, 0x24, 0x00, 0x04, 0x01,
    0x02, 0x02, 0x02, 0x03, 0x03, 0x04, 0x01, 0x05, 0x06, 0x06, 0x05, 0x07, 0x04, 0x08, 0x01, 0x09,
    0x01, 0x0A, 0x01, 0x0B, 0x04, 0x0C, 0x02, 0x0A, 0x01, 0x0B, 0x01, 0x0C, 0x01, 0x0B, 0x01, 0x0A,
    0x02, 0x09, 0x02, 0x08, 0x03, 0x07, 0x02, 0x06, 0x03, 0x05, 0x02, 0x04, 0x02, 0x03, 0x01, 0x02,
    0x03, 0x01, 0x25, 0x00, 0x03, 0x01, 0x03, 0x02, 0x02, 0x03, 0x02, 0x04, 0x02, 0x05, 0x05, 0x06,
    0x05, 0x07, 0x02, 0x08, 0x03, 0x09, 0x01, 0x0B, 0x05, 0x0C, 0x02, 0x0A, 0x02, 0x0C, 0x01, 0x0B,
    0x03, 0x09, 0x01, 0x08, 0x03, 0x07, 0x02, 0x06, 0x03, 0x05, 0x03, 0x04, 0x01, 0x03, 0x02, 0x02,
    0x02, 0x01, 0x27, 0x00, 0x03, 0x01, 0x03, 0x02, 0x01, 0x03, 0x03, 0x04, 0x01, 0x05, 0x05, 0x06,
    0x05, 0x07, 0x02, 0x08, 0x03, 0x09, 0x01, 0x0B, 0x05, 0x0C, 0x02, 0x0A, 0x02, 0x0C, 0x01, 0x0A,
    0x02, 0x09, 0x02, 0x08, 0x02, 0x07, 0x01, 0x06, 0x05, 0x05, 0x02, 0x04, 0x02, 0x03, 0x01, 0x02,
    0x03, 0x01, 0x28, 0x00, 0x03, 0x01, 0x02, 0x02, 0x02, 0x03, 0x02, 0x04, 0x01, 0x05, 0x05, 0x06,
    0x04, 0x07, 0x03, 0x08, 0x02, 0x09, 0x01, 0x0A, 0x01, 0x0B, 0x05, 0x0C, 0x02, 0x0A, 0x01, 0x0C,
    0x01, 0x0B, 0x02, 0x09, 0x02, 0x08, 0x03, 0x07, 0x02, 0x06, 0x03, 0x05, 0x03, 0x04, 0x01, 0x03,
    0x02, 0x02, 0x02, 0x01, 0x29, 0x00, 0x03, 0x01, 0x02, 0x02, 0x02, 0x03, 0x02, 0x04, 0x01, 0x05,
    0x05, 0x06, 0x04, 0x07, 0x02, 0x08, 0x02, 0x09, 0x01, 0x0A, 0x01, 0x0B, 0x01, 0x0A, 0x05, 0x0B,
    0x01, 0x09, 0x01, 0x0B, 0x01, 0x0C, 0x01, 0x0A, 0x02, 0x09, 0x01, 0x08, 0x03, 0x07, 0x03, 0x06,
    0x03, 0x05, 0x02, 0x04, 0x01, 0x03, 0x02, 0x02, 0x03, 0x01, 0x2A, 0x00, 0x03, 0x01, 0x02, 0x02,
    0x01, 0x03, 0x02, 0x04, 0x03, 0x05, 0x03, 0x06, 0x04, 0x07, 0x02, 0x08, 0x02, 0x09, 0x03, 0x0B,
    0x05, 0x0C, 0x01, 0x0A, 0x02, 0x0B, 0x02, 0x09, 0x02, 0x08, 0x03, 0x07, 0x02, 0x06, 0x02, 0x05,
    0x04, 0x04, 0x01, 0x03, 0x02, 0x02, 0x02, 0x01, 0x2B, 0x00, 0x03, 0x01, 0x02, 0x02, 0x01, 0x03,
    0x03, 0x04, 0x02, 0x05, 0x03, 0x06, 0x03, 0x07, 0x02, 0x08, 0x02, 0x09, 0x01, 0x0A, 0x02, 0x0B,
    0x06, 0x0C, 0x03, 0x0A, 0x02, 0x09, 0x01, 0x08, 0x03, 0x07, 0x02, 0x06, 0x03, 0x05, 0x03, 0x04,
    0x01, 0x03, 0x02, 0x02, 0x03, 0x01, 0x2B, 0x00, 0x03, 0x01, 0x02, 0x02, 0x01, 0x03, 0x03, 0x04,
    0x02, 0x05, 0x03, 0x06, 0x03, 0x07, 0x02, 0x08, 0x02, 0x09, 0x03, 0x0B, 0x06, 0x0C, 0x01, 0x0A,
    0x03, 0x09, 0x02, 0x08, 0x03, 0x07, 0x01, 0x06, 0x03, 0x05, 0x03, 0x04, 0x02, 0x03, 0x02, 0x02,
    0x02, 0x01, 0x2C, 0x00, 0x03, 0x01, 0x02, 0x02, 0x01, 0x03, 0x03, 0x04, 0x02, 0x05, 0x03, 0x06,
    0x03, 0x07, 0x01, 0x08, 0x02, 0x09, 0x01, 0x0A, 0x02, 0x0B, 0x07, 0x0C, 0x02, 0x0A, 0x02, 0x09,
    0x01, 0x08, 0x03, 0x07, 0x02, 0x06, 0x01, 0x05, 0x05, 0x04, 0x01, 0x03, 0x02, 0x02, 0x03, 0x01,
    0x2C, 0x00, 0x03, 0x01, 0x02, 0x02, 0x01, 0x03, 0x03, 0x04, 0x04, 0x05, 0x01, 0x06, 0x02, 0x07,
    0x02, 0x08, 0x02, 0x09, 0x01, 0x0A, 0x02, 0x0B, 0x07, 0x0C, 0x02, 0x0A, 0x02, 0x08, 0x03, 0x07,
    0x03, 0x06, 0x01, 0x05, 0x04, 0x04, 0x02, 0x03, 0x02, 0x02, 0x02, 0x01, 0x2D, 0x00, 0x03, 0x01,
    0x02, 0x02, 0x01, 0x03, 0x03, 0x04, 0x05, 0x05, 0x02, 0x07, 0x01, 0x08, 0x02, 0x09, 0x01, 0x0A,
    0x02, 0x0C, 0x01, 0x0B, 0x06, 0x0C, 0x01, 0x0B, 0x01, 0x0A, 0x01, 0x09, 0x02, 0x08, 0x02, 0x07,
    0x04, 0x06, 0x01, 0x05, 0x04, 0x04, 0x01, 0x03, 0x02, 0x02, 0x02, 0x01, 0x2E, 0x00, 0x03, 0x01,
    0x01, 0x02, 0x02, 0x03, 0x03, 0x04, 0x05, 0x05, 0x01, 0x07, 0x02, 0x08, 0x02, 0x09, 0x01, 0x0B,
    0x02, 0x0C, 0x02, 0x0B, 0x05, 0x0C, 0x01, 0x0B, 0x01, 0x09, 0x02, 0x08, 0x03, 0x07, 0x04, 0x05,
    0x04, 0x04, 0x02, 0x03, 0x01, 0x02, 0x03, 0x01, 0x2E, 0x00, 0x03, 0x01, 0x01, 0x02, 0x02, 0x03,
    0x04, 0x04, 0x03, 0x05, 0x02, 0x07, 0x01, 0x08, 0x02, 0x09, 0x01, 0x0A, 0x04, 0x0C, 0x01, 0x0B,
    0x05, 0x0C, 0x01, 0x0A, 0x01, 0x09, 0x02, 0x08, 0x02, 0x07, 0x05, 0x05, 0x03, 0x04, 0x02, 0x03,
    0x02, 0x02, 0x02, 0x01, 0x2F, 0x00, 0x02, 0x01, 0x02, 0x02, 0x02, 0x03, 0x02, 0x04, 0x05, 0x05,
    0x02, 0x07, 0x01, 0x08, 0x02, 0x09, 0x01, 0x0B, 0x04, 0x0C, 0x02, 0x0B, 0x01, 0x0C, 0x01, 0x0B,
    0x01, 0x0C, 0x01, 0x0B, 0x01, 0x09, 0x02, 0x08, 0x02, 0x07, 0x01, 0x06, 0x04, 0x05, 0x04, 0x04,
    0x01, 0x03, 0x02, 0x02, 0x03, 0x01, 0x2E, 0x00, 0x03, 0x01, 0x02, 0x02, 0x01, 0x03, 0x03, 0x04,
    0x04, 0x05, 0x01, 0x06, 0x02, 0x07, 0x02, 0x09, 0x01, 0x0A, 0x01, 0x0B, 0x05, 0x0C, 0x04, 0x0B,
    0x02, 0x09, 0x02, 0x08, 0x02, 0x07, 0x04, 0x05, 0x04, 0x04, 0x02, 0x03, 0x02, 0x02, 0x02, 0x01,
    0x2F, 0x00, 0x03, 0x01, 0x02, 0x02, 0x01, 0x03, 0x04, 0x04, 0x04, 0x05, 0x01, 0x07, 0x01, 0x08,
    0x01, 0x09, 0x01, 0x0A, 0x01, 0x0B, 0x05, 0x0C, 0x02, 0x0B, 0x02, 0x0C, 0x01, 0x0B, 0x01, 0x0A,
    0x01, 0x09, 0x01, 0x08, 0x02, 0x07, 0x04, 0x05, 0x04, 0x04, 0x02, 0x03, 0x02, 0x02, 0x02, 0x01,
    0x30, 0x00, 0x02, 0x01, 0x02, 0x02, 0x02, 0x03, 0x05, 0x04, 0x03, 0x05, 0x01, 0x07, 0x01, 0x08,
    0x01, 0x09, 0x01, 0x0A, 0x01, 0x0B, 0x05, 0x0C, 0x01, 0x0B, 0x03, 0x0C, 0x01, 0x0A, 0x02, 0x09,
    0x03, 0x07, 0x03, 0x05, 0x05, 0x04, 0x01, 0x03, 0x02, 0x02, 0x03, 0x01, 0x30, 0x00, 0x02, 0x01,
    0x02, 0x02, 0x02, 0x03, 0x05, 0x04, 0x03, 0x05, 0x01, 0x07, 0x02, 0x09, 0x01, 0x0B, 0x05, 0x0C,
    0x02, 0x0B, 0x02, 0x0C, 0x01, 0x0B, 0x01, 0x0A, 0x01, 0x09, 0x01, 0x08, 0x02, 0x07, 0x01, 0x06,
    0x02, 0x05, 0x05, 0x04, 0x02, 0x03, 0x02, 0x02, 0x02, 0x01, 0x31, 0x00, 0x02, 0x01, 0x02, 0x02,
    0x02, 0x03, 0x05, 0x04, 0x01, 0x05, 0x02, 0x07, 0x02, 0x09, 0x01, 0x0A, 0x01, 0x0B, 0x04, 0x0C,
    0x02, 0x0B, 0x03, 0x0C, 0x01, 0x0A, 0x02, 0x09, 0x02, 0x07, 0x01, 0x05, 0x01, 0x06, 0x02, 0x05,
    0x04, 0x04, 0x02, 0x03, 0x02, 0x02, 0x03, 0x01, 0x30, 0x00, 0x03, 0x01, 0x02, 0x02, 0x02, 0x03,
    0x05, 0x04, 0x01, 0x05, 0x02, 0x07, 0x01, 0x09, 0x01, 0x0A, 0x08, 0x0B, 0x02, 0x0C, 0x01, 0x0B,
    0x01, 0x0A, 0x01, 0x09, 0x01, 0x08, 0x01, 0x07, 0x05, 0x05, 0x04, 0x04, 0x01, 0x03, 0x03, 0x02,
    0x02, 0x01, 0x31, 0x00, 0x03, 0x01, 0x02, 0x02, 0x02, 0x03, 0x04, 0x04, 0x02, 0x05, 0x01, 0x07,
    0x02, 0x09, 0x01, 0x0A, 0x02, 0x0B, 0x05, 0x0C, 0x01, 0x0B, 0x02, 0x0C, 0x01, 0x0A, 0x02, 0x09,
    0x02, 0x07, 0x03, 0x05, 0x05, 0x04, 0x02, 0x03, 0x02, 0x02, 0x03, 0x01, 0x31, 0x00, 0x03, 0x01,
    0x02, 0x02, 0x02, 0x03, 0x04, 0x04, 0x02, 0x05, 0x01, 0x07, 0x01, 0x09, 0x02, 0x0A, 0x01, 0x0B,
    0x06, 0x0C, 0x03, 0x0B, 0x01, 0x0A, 0x01, 0x09, 0x01, 0x08, 0x01, 0x07, 0x04, 0x05, 0x04, 0x04,
    0x02, 0x03, 0x02, 0x02, 0x03, 0x01, 0x32, 0x00, 0x03, 0x01, 0x02, 0x02, 0x02, 0x03, 0x04, 0x04,
    0x02, 0x05, 0x02, 0x09, 0x01, 0x0A, 0x02, 0x0B, 0x07, 0x0C, 0x01, 0x0B, 0x02, 0x0A, 0x01, 0x09,
    0x02, 0x07, 0x03, 0x05, 0x05, 0x04, 0x01, 0x03, 0x03, 0x02, 0x02, 0x01, 0x33, 0x00, 0x03, 0x01,
    0x02, 0x02, 0x02, 0x03, 0x03, 0x04, 0x02, 0x05, 0x01, 0x07, 0x02, 0x09, 0x01, 0x0A, 0x03, 0x0B,
    0x06, 0x0C, 0x01, 0x0B, 0x02, 0x09, 0x02, 0x07, 0x03, 0x05, 0x05, 0x04, 0x02, 0x03, 0x02, 0x02,
    0x03, 0x01, 0x33, 0x00, 0x03, 0x01, 0x02, 0x02, 0x02, 0x03, 0x03, 0x04, 0x02, 0x05, 0x01, 0x07,
    0x01, 0x09, 0x01, 0x0A, 0x0A, 0x0B, 0x01, 0x0A, 0x02, 0x08, 0x01, 0x07, 0x04, 0x05, 0x04, 0x04,
    0x02, 0x03, 0x02, 0x02, 0x03, 0x01, 0x34, 0x00, 0x03, 0x01, 0x02, 0x02, 0x03, 0x03, 0x03, 0x04,
    0x01, 0x05, 0x01, 0x07, 0x01, 0x09, 0x01, 0x0A, 0x06, 0x0B, 0x01, 0x0C, 0x03, 0x0B, 0x03, 0x09,
    0x01, 0x07, 0x03, 0x05, 0x05, 0x04, 0x01, 0x03, 0x03, 0x02, 0x02, 0x01, 0x35, 0x00, 0x03, 0x01,
    0x02, 0x02, 0x03, 0x03, 0x03, 0x04, 0x01, 0x05, 0x04, 0x09, 0x07, 0x0A, 0x04, 0x09, 0x01, 0x07,
    0x02, 0x05, 0x06, 0x04, 0x02, 0x03, 0x02, 0x02, 0x03, 0x01, 0x35, 0x00, 0x03, 0x01, 0x03, 0x02,
    0x02, 0x03, 0x02, 0x04, 0x02, 0x05, 0x01, 0x07, 0x01, 0x0A, 0x01, 0x09, 0x02, 0x0A, 0x01, 0x09,
    0x05, 0x0A, 0x03, 0x09, 0x02, 0x07, 0x02, 0x05, 0x05, 0x04, 0x02, 0x03, 0x02, 0x02, 0x03, 0x01,
    0x37, 0x00, 0x02, 0x01, 0x03, 0x02, 0x01, 0x03, 0x03, 0x04, 0x02, 0x05, 0x01, 0x07, 0x01, 0x0A,
    0x01, 0x0B, 0x01, 0x0A, 0x07, 0x0B, 0x01, 0x0A, 0x02, 0x09, 0x01, 0x07, 0x02, 0x05, 0x05, 0x04,
    0x02, 0x03, 0x03, 0x02, 0x02, 0x01, 0x38, 0x00, 0x03, 0x01, 0x02, 0x02, 0x02, 0x03, 0x03, 0x04,
    0x01, 0x05, 0x01, 0x07, 0x03, 0x0A, 0x07, 0x0B, 0x01, 0x09, 0x02, 0x07, 0x02, 0x05, 0x06, 0x04,
    0x01, 0x03, 0x03, 0x02, 0x03, 0x01, 0x38, 0x00, 0x03, 0x01, 0x02, 0x02, 0x02, 0x03, 0x03, 0x04,
    0x02, 0x05, 0x04, 0x0A, 0x03, 0x0B, 0x01, 0x0A, 0x01, 0x0B, 0x01, 0x0A, 0x01, 0x09, 0x02, 0x07,
    0x02, 0x05, 0x05, 0x04, 0x02, 0x03, 0x02, 0x02, 0x03, 0x01, 0x3A, 0x00, 0x03, 0x01, 0x02, 0x02,
    0x02, 0x03, 0x03, 0x04, 0x01, 0x05, 0x01, 0x07, 0x09, 0x0A, 0x01, 0x09, 0x01, 0x07, 0x02, 0x05,
    0x03, 0x04, 0x04, 0x03, 0x02, 0x02, 0x03, 0x01, 0x3B, 0x00, 0x03, 0x01, 0x02, 0x02, 0x03, 0x03,
    0x02, 0x04, 0x02, 0x05, 0x08, 0x0A, 0x01, 0x07, 0x03, 0x05, 0x04, 0x04, 0x03, 0x03, 0x03, 0x02,
    0x03, 0x01, 0x3B, 0x00, 0x04, 0x01, 0x02, 0x02, 0x03, 0x03, 0x03, 0x04, 0x02, 0x05, 0x04, 0x0A,
    0x01, 0x09, 0x04, 0x05, 0x04, 0x04, 0x03, 0x03, 0x03, 0x02, 0x03, 0x01, 0x3D, 0x00, 0x03, 0x01,
    0x03, 0x02, 0x03, 0x03, 0x04, 0x04, 0x07, 0x05, 0x05, 0x04, 0x03, 0x03, 0x03, 0x02, 0x03, 0x01,
    0x3E, 0x00, 0x04, 0x01, 0x03, 0x02, 0x04, 0x03, 0x04, 0x04, 0x01, 0x05, 0x07, 0x04, 0x04, 0x03,
    0x03, 0x02, 0x03, 0x01, 0x40, 0x00, 0x04, 0x01, 0x03, 0x02, 0x11, 0x03, 0x03, 0x02, 0x04, 0x01,
    0x42, 0x00, 0x05, 0x01, 0x04, 0x02, 0x09, 0x03, 0x06, 0x02, 0x05, 0x01, 0x45, 0x00, 0x06, 0x01,
    0x0D, 0x02, 0x07, 0x01, 0x47, 0x00, 0x17, 0x01, 0x4B, 0x00, 0x13, 0x01, 0x51, 0x00, 0x0B, 0x01,
    0xFF, 0x00, 0x4D, 0x00,
};

constexpr uint8_t NIXIE_PALETTE_10_SIZE = 31;
static constexpr uint16_t NIXIE_PALETTE_10[] = {
    0x0000, 0x0800, 0x1000, 0x1800, 0x2000, 0x2800, 0x3000, 0x3800,
    0x4000, 0x4820, 0x4800, 0x5020, 0x5840, 0x6060, 0x6040, 0x6860,
    0x6080, 0x70A0, 0x80C0, 0x80E0, 0x9100, 0x9940, 0xA160, 0xA9E0,
    0xCBA0, 0xF661, 0xFFA0, 0xFFC0, 0xF7E0, 0xFFE0, 0x4040,
};
static constexpr uint8_t NIXIE_RLE_10[] = {
    0xFF, 0x00, 0xFF, 0x00, 0xFF, 0x00, 0xFF, 0x00, 0xFF, 0x00, 0xFF, 0x00, 0xFF, 0x00, 0xFF, 0x00,
    0xFF, 0x00, 0xFF, 0x00, 0xFF, 0x00, 0xFF, 0x00, 0xFF, 0x00, 0xFF, 0x00, 0xFF, 0x00, 0xFF, 0x00,
    0xFF, 0x00, 0xFF, 0x00, 0xFF, 0x00, 0xFF, 0x00, 0xDF, 0x00, 0x0B, 0x01, 0x52, 0x00, 0x03, 0x01,
    0x0A, 0x02, 0x04, 0x01, 0x4D, 0x00, 0x02, 0x01, 0x03, 0x02, 0x01, 0x03, 0x09, 0x04, 0x01, 0x03,
    0x03, 0x02, 0x02, 0x01, 0x49, 0x00, 0x02, 0x01, 0x03, 0x02, 0x02, 0x04, 0x0A, 0x05, 0x02, 0x04,
    0x01, 0x03, 0x02, 0x02, 0x02, 0x01, 0x47, 0x00, 0x02, 0x01, 0x02, 0x02, 0x02, 0x04, 0x0E, 0x05,
    0x02, 0x04, 0x01, 0x03, 0x02, 0x02, 0x01, 0x01, 0x45, 0x00, 0x02, 0x01, 0x01, 0x02, 0x01, 0x03,
    0x01, 0x04, 0x04, 0x05, 0x0B, 0x06, 0x04, 0x05, 0x01, 0x04, 0x02, 0x02, 0x01, 0x01, 0x44, 0x00,
    0x01, 0x01, 0x01, 0x02, 0x01, 0x03, 0x01, 0x04, 0x04, 0x05, 0x04, 0x06, 0x06, 0x07, 0x03, 0x06,
    0x04, 0x05, 0x01, 0x04, 0x02, 0x02, 0x01, 0x01, 0x42, 0x00, 0x01, 0x01, 0x02, 0x02, 0x01, 0x04,
    0x04, 0x05, 0x01, 0x06, 0x03, 0x07, 0x07, 0x08, 0x04, 0x07, 0x01, 0x06, 0x03, 0x05, 0x01, 0x04,
    0x01, 0x02, 0x02, 0x01, 0x40, 0x00, 0x01, 0x01, 0x02, 0x02, 0x02, 0x04, 0x02, 0x05, 0x02, 0x06,
    0x01, 0x07, 0x03, 0x08, 0x07, 0x09, 0x03, 0x08, 0x02, 0x07, 0x01, 0x06, 0x02, 0x05, 0x02, 0x04,
    0x01, 0x02, 0x01, 0x01, 0x40, 0x00, 0x01, 0x01, 0x01, 0x02, 0x02, 0x04, 0x01, 0x05, 0x02, 0x06,
    0x01, 0x07, 0x02, 0x08, 0x01, 0x09, 0x01, 0x0A, 0x01, 0x09, 0x08, 0x0B, 0x01, 0x09, 0x01, 0x0A,
    0x01, 0x08, 0x02, 0x07, 0x01, 0x06, 0x02, 0x05, 0x01, 0x04, 0x01, 0x03, 0x01, 0x02, 0x01, 0x01,
    0x3E, 0x00, 0x01, 0x01, 0x01, 0x02, 0x01, 0x03, 0x01, 0x04, 0x02, 0x05, 0x01, 0x06, 0x01, 0x07,
    0x02, 0x08, 0x01, 0x09, 0x02, 0x0B, 0x02, 0x0C, 0x01, 0x0D, 0x01, 0x0E, 0x04, 0x0C, 0x02, 0x0B,
    0x01, 0x09, 0x01, 0x0A, 0x01, 0x08, 0x01, 0x07, 0x02, 0x06, 0x02, 0x05, 0x01, 0x04, 0x01, 0x02,
    0x01, 0x01, 0x3E, 0x00, 0x01, 0x01, 0x01, 0x02, 0x01, 0x04, 0x02, 0x05, 0x01, 0x06, 0x02, 0x07,
    0x01, 0x08, 0x01, 0x09, 0x01, 0x0B, 0x01, 0x0C, 0x02, 0x0E, 0x01, 0x0D, 0x04, 0x0F, 0x01, 0x10,
    0x01, 0x0D, 0x01, 0x0E, 0x01, 0x0C, 0x02, 0x0B, 0x01, 0x0A, 0x01, 0x08, 0x02, 0x07, 0x01, 0x06,
    0x01, 0x05, 0x01, 0x04, 0x01, 0x03, 0x01, 0x02, 0x01, 0x01, 0x3D, 0x00, 0x01, 0x01, 0x01, 0x02,
    0x01, 0x04, 0x01, 0x05, 0x02, 0x06, 0x01, 0x07, 0x01, 0x08, 0x01, 0x09, 0x02, 0x0B, 0x01, 0x0E,
    0x01, 0x10, 0x01, 0x0F, 0x01, 0x11, 0x04, 0x12, 0x02, 0x11, 0x01, 0x0F, 0x01, 0x0D, 0x01, 0x0E,
    0x02, 0x0B, 0x01, 0x09, 0x01, 0x08, 0x01, 0x07, 0x02, 0x06, 0x01, 0x05, 0x01, 0x04, 0x01, 0x02,
    0x01, 0x01, 0x3C, 0x00, 0x02, 0x01, 0x01, 0x03, 0x02, 0x05, 0x01, 0x06, 0x01, 0x07, 0x01, 0x08,
    0x01, 0x0A, 0x01, 0x0B, 0x01, 0x0C, 0x01, 0x0E, 0x01, 0x0F, 0x01, 0x11, 0x01, 0x13, 0x02, 0x14,
    0x03, 0x15, 0x01, 0x14, 0x01, 0x13, 0x01, 0x12, 0x01, 0x11, 0x01, 0x0F, 0x01, 0x0E, 0x02, 0x0B,
    0x01, 0x09, 0x01, 0x08, 0x01, 0x07, 0x01, 0x06, 0x01, 0x05, 0x01, 0x04, 0x01, 0x02, 0x01, 0x01,
    0x3C, 0x00, 0x01, 0x01, 0x01, 0x02, 0x01, 0x03, 0x01, 0x05, 0x01, 0x06, 0x01, 0x07, 0x01, 0x08,
    0x01, 0x09, 0x02, 0x0B, 0x01, 0x0E, 0x01, 0x0F, 0x01, 0x12, 0x01, 0x13, 0x02, 0x15, 0x01, 0x16,
    0x02, 0x17, 0x03, 0x16, 0x01, 0x14, 0x01, 0x13, 0x01, 0x11, 0x01, 0x0D, 0x01, 0x0C, 0x01, 0x0B,
    0x01, 0x09, 0x01, 0x08, 0x02, 0x07, 0x01, 0x06, 0x01, 0x05, 0x01, 0x03, 0x01, 0x01, 0x3C, 0x00,
    0x01, 0x01, 0x01, 0x02, 0x01, 0x04, 0x01, 0x05, 0x01, 0x06, 0x01, 0x07, 0x01, 0x08, 0x01, 0x09,
    0x01, 0x0B, 0x01, 0x0E, 0x01, 0x0F, 0x01, 0x11, 0x01, 0x13, 0x01, 0x15, 0x01, 0x16, 0x01, 0x17,
    0x05, 0x18, 0x01, 0x17, 0x01, 0x16, 0x01, 0x14, 0x01, 0x12, 0x01, 0x0F, 0x01, 0x0D, 0x01, 0x0C,
    0x01, 0x0B, 0x01, 0x09, 0x01, 0x08, 0x01, 0x07, 0x01, 0x06, 0x01, 0x05, 0x01, 0x03, 0x01, 0x02,
    0x3C, 0x00, 0x01, 0x01, 0x01, 0x02, 0x01, 0x04, 0x02, 0x06, 0x01, 0x08, 0x01, 0x0A, 0x01, 0x0B,
    0x01, 0x0C, 0x01, 0x10, 0x01, 0x11, 0x01, 0x12, 0x01, 0x15, 0x01, 0x16, 0x01, 0x17, 0x01, 0x19,
    0x01, 0x1A, 0x01, 0x1B, 0x01, 0x1C, 0x01, 0x1D, 0x01, 0x19, 0x01, 0x18, 0x01, 0x17, 0x01, 0x16,
    0x01, 0x15, 0x01, 0x12, 0x01, 0x11, 0x01, 0x0E, 0x01, 0x0B, 0x01, 0x09, 0x01, 0x08, 0x01, 0x07,
    0x01, 0x06, 0x01, 0x05, 0x01, 0x03, 0x01, 0x02, 0x01, 0x01, 0x3B, 0x00, 0x01, 0x01, 0x01, 0x02,
    0x01, 0x04, 0x01, 0x05, 0x01, 0x07, 0x01, 0x08, 0x01, 0x0A, 0x01, 0x0B, 0x01, 0x0C, 0x01, 0x10,
    0x01, 0x11, 0x01, 0x14, 0x01, 0x16, 0x01, 0x17, 0x01, 0x19, 0x01, 0x1D, 0x01, 0x1C, 0x01, 0x1A,
    0x03, 0x1C, 0x01, 0x1D, 0x01, 0x18, 0x01, 0x17, 0x01, 0x16, 0x01, 0x13, 0x01, 0x11, 0x01, 0x0D,
    0x01, 0x0B, 0x01, 0x09, 0x02, 0x08, 0x01, 0x07, 0x01, 0x05, 0x01, 0x03, 0x01, 0x02, 0x01, 0x01,
    0x3B, 0x00, 0x01, 0x01, 0x01, 0x02, 0x01, 0x04, 0x01, 0x06, 0x01, 0x07, 0x01, 0x08, 0x01, 0x09,
    0x01, 0x0B, 0x01, 0x0D, 0x01, 0x0F, 0x01, 0x12, 0x01, 0x15, 0x01, 0x17, 0x01, 0x18, 0x01, 0x1D,
    0x02, 0x1C, 0x03, 0x1B, 0x01, 0x1A, 0x01, 0x1D, 0x01, 0x1A, 0x01, 0x18, 0x01, 0x16, 0x01, 0x15,
    0x01, 0x12, 0x01, 0x0F, 0x01, 0x0C, 0x01, 0x0B, 0x01, 0x0A, 0x01, 0x08, 0x01, 0x07, 0x01, 0x05,
    0x01, 0x03, 0x01, 0x02, 0x3C, 0x00, 0x01, 0x01, 0x01, 0x02, 0x01, 0x04, 0x01, 0x06, 0x01, 0x07,
    0x01, 0x08, 0x02, 0x0B, 0x01, 0x0D, 0x01, 0x0F, 0x01, 0x13, 0x01, 0x15, 0x01, 0x17, 0x01, 0x19,
    0x01, 0x1B, 0x01, 0x1C, 0x05, 0x1B, 0x01, 0x1A, 0x01, 0x1D, 0x01, 0x19, 0x01, 0x17, 0x01, 0x15,
    0x01, 0x12, 0x01, 0x0F, 0x01, 0x0E, 0x01, 0x0B, 0x01, 0x0A, 0x01, 0x08, 0x01, 0x07, 0x01, 0x05,
    0x01, 0x03, 0x01, 0x01, 0x3C, 0x00, 0x01, 0x01, 0x01, 0x02, 0x01, 0x04, 0x01, 0x05, 0x01, 0x07,
    0x01, 0x09, 0x01, 0x0B, 0x01, 0x0C, 0x01, 0x10, 0x01, 0x11, 0x01, 0x14, 0x01, 0x16, 0x01, 0x18,
    0x01, 0x1A, 0x01, 0x1B, 0x01, 0x1A, 0x06, 0x1B, 0x01, 0x1D, 0x01, 0x19, 0x01, 0x17, 0x01, 0x16,
    0x01, 0x13, 0x01, 0x0F, 0x01, 0x0E, 0x01, 0x0B, 0x01, 0x09, 0x01, 0x08, 0x01, 0x07, 0x01, 0x04,
    0x01, 0x02, 0x01, 0x01, 0x3D, 0x00, 0x01, 0x01, 0x01, 0x03, 0x01, 0x05, 0x01, 0x07, 0x01, 0x0A,
    0x01, 0x0B, 0x01, 0x0C, 0x01, 0x10, 0x01, 0x11, 0x01, 0x14, 0x01, 0x16, 0x01, 0x18, 0x01, 0x1A,
    0x07, 0x1B, 0x02, 0x1C, 0x01, 0x19, 0x01, 0x17, 0x01, 0x15, 0x01, 0x13, 0x01, 0x11, 0x01, 0x0E,
    0x01, 0x0B, 0x01, 0x09, 0x01, 0x08, 0x01, 0x06, 0x01, 0x04, 0x01, 0x02, 0x01, 0x01, 0x3D, 0x00,
    0x01, 0x01, 0x01, 0x02, 0x01, 0x04, 0x01, 0x07, 0x01, 0x0A, 0x01, 0x09, 0x01, 0x0B, 0x01, 0x0D,
    0x01, 0x11, 0x01, 0x13, 0x01, 0x16, 0x01, 0x18, 0x01, 0x19, 0x02, 0x1C, 0x05, 0x1B, 0x01, 0x1C,
    0x01, 0x1D, 0x01, 0x19, 0x01, 0x17, 0x01, 0x15, 0x01, 0x13, 0x01, 0x11, 0x01, 0x0E, 0x01, 0x0B,
    0x01, 0x09, 0x01, 0x08, 0x01, 0x05, 0x01, 0x03, 0x01, 0x02, 0x01, 0x01, 0x3D, 0x00, 0x01, 0x01,
    0x01, 0x02, 0x01, 0x04, 0x01, 0x05, 0x01, 0x08, 0x02, 0x0B, 0x01, 0x0D, 0x01, 0x11, 0x01, 0x13,
    0x01, 0x16, 0x01, 0x17, 0x01, 0x19, 0x01, 0x1D, 0x01, 0x1C, 0x06, 0x1B, 0x01, 0x1D, 0x01, 0x18,
    0x01, 0x17, 0x01, 0x15, 0x01, 0x12, 0x01, 0x0F, 0x01, 0x0E, 0x01, 0x0B, 0x01, 0x09, 0x01, 0x07,
    0x01, 0x04, 0x01, 0x03, 0x01, 0x02, 0x3F, 0x00, 0x01, 0x01, 0x01, 0x03, 0x01, 0x04, 0x01, 0x07,
    0x01, 0x09, 0x01, 0x0B, 0x01, 0x0E, 0x01, 0x0F, 0x01, 0x12, 0x01, 0x15, 0x01, 0x16, 0x01, 0x18,
    0x01, 0x1A, 0x02, 0x1C, 0x04, 0x1B, 0x01, 0x1D, 0x01, 0x19, 0x01, 0x17, 0x01, 0x16, 0x01, 0x14,
    0x01, 0x11, 0x01, 0x0F, 0x01, 0x0C, 0x01, 0x0B, 0x01, 0x08, 0x01, 0x06, 0x01, 0x04, 0x01, 0x02,
    0x01, 0x01, 0x3F, 0x00, 0x01, 0x01, 0x01, 0x02, 0x01, 0x03, 0x01, 0x05, 0x01, 0x07, 0x01, 0x0B,
    0x01, 0x0C, 0x01, 0x0D, 0x01, 0x11, 0x01, 0x13, 0x01, 0x15, 0x01, 0x17, 0x01, 0x18, 0x01, 0x1A,
    0x03, 0x1D, 0x01, 0x1C, 0x01, 0x1D, 0x01, 0x19, 0x01, 0x18, 0x01, 0x16, 0x01, 0x15, 0x01, 0x13,
    0x01, 0x11, 0x01, 0x10, 0x01, 0x0C, 0x01, 0x0A, 0x01, 0x06, 0x01, 0x04, 0x01, 0x03, 0x01, 0x02,
    0x41, 0x00, 0x01, 0x01, 0x01, 0x02, 0x01, 0x04, 0x01, 0x05, 0x01, 0x08, 0x01, 0x0B, 0x01, 0x0E,
    0x01, 0x0F, 0x01, 0x12, 0x01, 0x14, 0x01, 0x16, 0x01, 0x17, 0x01, 0x18, 0x01, 0x19, 0x02, 0x1A,
    0x02, 0x19, 0x01, 0x18, 0x01, 0x17, 0x01, 0x16, 0x01, 0x14, 0x01, 0x11, 0x01, 0x0F, 0x01, 0x0E,
    0x01, 0x09, 0x01, 0x07, 0x01, 0x05, 0x01, 0x03, 0x01, 0x02, 0x01, 0x01, 0x42, 0x00, 0x02, 0x02,
    0x01, 0x04, 0x01, 0x06, 0x01, 0x07, 0x01, 0x0B, 0x01, 0x0D, 0x01, 0x11, 0x01, 0x12, 0x01, 0x14,
    0x02, 0x16, 0x01, 0x17, 0x02, 0x18, 0x02, 0x17, 0x02, 0x16, 0x01, 0x14, 0x01, 0x13, 0x01, 0x10,
    0x01, 0x0C, 0x01, 0x1E, 0x01, 0x06, 0x01, 0x05, 0x01, 0x04, 0x01, 0x02, 0x01, 0x01, 0x43, 0x00,
    0x01, 0x01, 0x02, 0x02, 0x01, 0x04, 0x01, 0x05, 0x01, 0x07, 0x01, 0x09, 0x01, 0x0B, 0x01, 0x10,
    0x01, 0x12, 0x01, 0x13, 0x01, 0x14, 0x03, 0x16, 0x02, 0x15, 0x01, 0x14, 0x01, 0x12, 0x01, 0x11,
    0x01, 0x0D, 0x01, 0x0B, 0x01, 0x08, 0x01, 0x06, 0x01, 0x04, 0x01, 0x03, 0x01, 0x02, 0x01, 0x01,
    0x45, 0x00, 0x02, 0x01, 0x01, 0x02, 0x01, 0x03, 0x01, 0x04, 0x01, 0x06, 0x01, 0x07, 0x01, 0x1E,
    0x01, 0x0B, 0x01, 0x0C, 0x02, 0x10, 0x03, 0x11, 0x02, 0x10, 0x01, 0x0C, 0x01, 0x1E, 0x01, 0x08,
    0x01, 0x06, 0x01, 0x05, 0x01, 0x04, 0x02, 0x02, 0x01, 0x01, 0x48, 0x00, 0x01, 0x01, 0x02, 0x02,
    0x02, 0x04, 0x01, 0x05, 0x01, 0x06, 0x01, 0x07, 0x06, 0x1E, 0x01, 0x07, 0x02, 0x06, 0x01, 0x05,
    0x01, 0x04, 0x01, 0x03, 0x01, 0x02, 0x02, 0x01, 0x4B, 0x00, 0x01, 0x01, 0x02, 0x02, 0x02, 0x03,
    0x03, 0x04, 0x03, 0x05, 0x03, 0x04, 0x01, 0x03, 0x02, 0x02, 0x02, 0x01, 0x4F, 0x00, 0x03, 0x01,
    0x08, 0x02, 0x03, 0x01, 0xFF, 0x00, 0xFF, 0x00, 0xFF, 0x00, 0xFF, 0x00, 0xFF, 0x00, 0xFF, 0x00,
    0xFF, 0x00, 0xFF, 0x00, 0xFF, 0x00, 0xFF, 0x00, 0xFF, 0x00, 0xFF, 0x00, 0xFF, 0x00, 0xFF, 0x00,
    0xFF, 0x00, 0xFF, 0x00, 0xFF, 0x00, 0xFF, 0x00, 0xFF, 0x00, 0xFF, 0x00, 0xFF, 0x00, 0xFF, 0x00,
    0x5F, 0x00,
};
