/*******************************************************************************
 * Size: 48 px
 * Bpp: 4
 * Opts: --font /home/jtielens/dev/esp32-macropad/assets/fonts/BebasNeue-Regular.ttf --size 48 --bpp 4 --format lvgl --symbols 0123456789ABCDEFGHIJKLMNOPQRSTUVWXYZabcdefghijklmnopqrstuvwxyz.,:;-+/%°   --output /home/jtielens/dev/esp32-macropad/src/app/fonts/font_bebas_48.c --lv-include lvgl.h --no-compress
 ******************************************************************************/

#ifdef LV_LVGL_H_INCLUDE_SIMPLE
#include "lvgl.h"
#else
#include "lvgl.h"
#endif

#ifndef FONT_BEBAS_48
#define FONT_BEBAS_48 1
#endif

#if FONT_BEBAS_48

/*-----------------
 *    BITMAPS
 *----------------*/

/*Store the image of the glyphs*/
static LV_ATTRIBUTE_LARGE_CONST const uint8_t font_bebas_48_glyph_bitmap[] = {
    /* U+0020 " " */

    /* U+0025 "%" */
    0x0, 0x19, 0xdf, 0xfc, 0x60, 0x0, 0x0, 0x0,
    0x3, 0xff, 0xf2, 0x0, 0x0, 0x2, 0xef, 0xff,
    0xff, 0xf9, 0x0, 0x0, 0x0, 0x9, 0xff, 0xb0,
    0x0, 0x0, 0xb, 0xff, 0xff, 0xff, 0xff, 0x40,
    0x0, 0x0, 0xf, 0xff, 0x50, 0x0, 0x0, 0x1f,
    0xff, 0x91, 0x3e, 0xff, 0xa0, 0x0, 0x0, 0x6f,
    0xff, 0x0, 0x0, 0x0, 0x4f, 0xff, 0x10, 0x9,
    0xff, 0xc0, 0x0, 0x0, 0xcf, 0xf9, 0x0, 0x0,
    0x0, 0x4f, 0xff, 0x0, 0x8, 0xff, 0xd0, 0x0,
    0x2, 0xff, 0xf3, 0x0, 0x0, 0x0, 0x5f, 0xff,
    0x0, 0x8, 0xff, 0xd0, 0x0, 0x8, 0xff, 0xd0,
    0x0, 0x0, 0x0, 0x5f, 0xff, 0x0, 0x8, 0xff,
    0xd0, 0x0, 0xe, 0xff, 0x70, 0x0, 0x0, 0x0,
    0x5f, 0xff, 0x0, 0x8, 0xff, 0xd0, 0x0, 0x4f,
    0xff, 0x10, 0x0, 0x0, 0x0, 0x5f, 0xff, 0x0,
    0x8, 0xff, 0xd0, 0x0, 0xaf, 0xfa, 0x0, 0x0,
    0x0, 0x0, 0x5f, 0xff, 0x0, 0x8, 0xff, 0xd0,
    0x1, 0xff, 0xf4, 0x0, 0x0, 0x0, 0x0, 0x5f,
    0xff, 0x0, 0x8, 0xff, 0xd0, 0x7, 0xff, 0xe0,
    0x0, 0x0, 0x0, 0x0, 0x5f, 0xff, 0x0, 0x8,
    0xff, 0xd0, 0xd, 0xff, 0x80, 0x0, 0x0, 0x0,
    0x0, 0x4f, 0xff, 0x0, 0x8, 0xff, 0xd0, 0x3f,
    0xff, 0x20, 0x0, 0x0, 0x0, 0x0, 0x4f, 0xff,
    0x10, 0x9, 0xff, 0xc0, 0x9f, 0xfc, 0x0, 0x0,
    0x0, 0x0, 0x0, 0x1f, 0xff, 0x91, 0x3e, 0xff,
    0xa0, 0xff, 0xf6, 0x3, 0xbe, 0xfe, 0xb4, 0x0,
    0xb, 0xff, 0xff, 0xff, 0xff, 0x45, 0xff, 0xf0,
    0x5f, 0xff, 0xff, 0xff, 0x60, 0x2, 0xef, 0xff,
    0xff, 0xf9, 0xb, 0xff, 0x91, 0xff, 0xff, 0xff,
    0xff, 0xf1, 0x0, 0x19, 0xef, 0xfc, 0x60, 0x2f,
    0xff, 0x35, 0xff, 0xf5, 0x5, 0xff, 0xf5, 0x0,
    0x0, 0x0, 0x0, 0x0, 0x8f, 0xfd, 0x8, 0xff,
    0xd0, 0x0, 0xdf, 0xf8, 0x0, 0x0, 0x0, 0x0,
    0x0, 0xef, 0xf7, 0x9, 0xff, 0xc0, 0x0, 0xcf,
    0xf9, 0x0, 0x0, 0x0, 0x0, 0x4, 0xff, 0xf1,
    0x9, 0xff, 0xc0, 0x0, 0xcf, 0xf9, 0x0, 0x0,
    0x0, 0x0, 0xa, 0xff, 0xb0, 0x9, 0xff, 0xc0,
    0x0, 0xcf, 0xf9, 0x0, 0x0, 0x0, 0x0, 0x1f,
    0xff, 0x50, 0x9, 0xff, 0xc0, 0x0, 0xcf, 0xf9,
    0x0, 0x0, 0x0, 0x0, 0x6f, 0xfe, 0x0, 0x9,
    0xff, 0xc0, 0x0, 0xcf, 0xf9, 0x0, 0x0, 0x0,
    0x0, 0xcf, 0xf8, 0x0, 0x9, 0xff, 0xc0, 0x0,
    0xcf, 0xf9, 0x0, 0x0, 0x0, 0x2, 0xff, 0xf2,
    0x0, 0x9, 0xff, 0xc0, 0x0, 0xcf, 0xf9, 0x0,
    0x0, 0x0, 0x9, 0xff, 0xc0, 0x0, 0x9, 0xff,
    0xc0, 0x0, 0xcf, 0xf9, 0x0, 0x0, 0x0, 0xe,
    0xff, 0x60, 0x0, 0x9, 0xff, 0xc0, 0x0, 0xcf,
    0xf9, 0x0, 0x0, 0x0, 0x5f, 0xff, 0x10, 0x0,
    0x8, 0xff, 0xd0, 0x0, 0xdf, 0xf8, 0x0, 0x0,
    0x0, 0xbf, 0xfa, 0x0, 0x0, 0x5, 0xff, 0xf5,
    0x5, 0xff, 0xf5, 0x0, 0x0, 0x1, 0xff, 0xf4,
    0x0, 0x0, 0x0, 0xff, 0xff, 0xff, 0xff, 0xf1,
    0x0, 0x0, 0x7, 0xff, 0xe0, 0x0, 0x0, 0x0,
    0x5f, 0xff, 0xff, 0xff, 0x50, 0x0, 0x0, 0xd,
    0xff, 0x80, 0x0, 0x0, 0x0, 0x3, 0xbe, 0xfe,
    0xb3, 0x0,

    /* U+002B "+" */
    0x0, 0x0, 0x0, 0x3c, 0xcc, 0x50, 0x0, 0x0,
    0x0, 0x0, 0x0, 0x4, 0xff, 0xf7, 0x0, 0x0,
    0x0, 0x0, 0x0, 0x0, 0x4f, 0xff, 0x70, 0x0,
    0x0, 0x0, 0x0, 0x0, 0x4, 0xff, 0xf7, 0x0,
    0x0, 0x0, 0x0, 0x0, 0x0, 0x4f, 0xff, 0x70,
    0x0, 0x0, 0x0, 0x0, 0x0, 0x4, 0xff, 0xf7,
    0x0, 0x0, 0x0, 0x0, 0x0, 0x0, 0x4f, 0xff,
    0x70, 0x0, 0x0, 0xb, 0xff, 0xff, 0xff, 0xff,
    0xff, 0xff, 0xff, 0xfe, 0xbf, 0xff, 0xff, 0xff,
    0xff, 0xff, 0xff, 0xff, 0xeb, 0xff, 0xff, 0xff,
    0xff, 0xff, 0xff, 0xff, 0xfe, 0x8b, 0xbb, 0xbb,
    0xcf, 0xff, 0xdb, 0xbb, 0xbb, 0xa0, 0x0, 0x0,
    0x4, 0xff, 0xf7, 0x0, 0x0, 0x0, 0x0, 0x0,
    0x0, 0x4f, 0xff, 0x70, 0x0, 0x0, 0x0, 0x0,
    0x0, 0x4, 0xff, 0xf7, 0x0, 0x0, 0x0, 0x0,
    0x0, 0x0, 0x4f, 0xff, 0x70, 0x0, 0x0, 0x0,
    0x0, 0x0, 0x4, 0xff, 0xf7, 0x0, 0x0, 0x0,
    0x0, 0x0, 0x0, 0x4f, 0xff, 0x70, 0x0, 0x0,
    0x0,

    /* U+002C "," */
    0x1, 0x11, 0x11, 0x0, 0xff, 0xff, 0xf1, 0xf,
    0xff, 0xff, 0x10, 0xff, 0xff, 0xf1, 0xf, 0xff,
    0xff, 0x10, 0xff, 0xff, 0xf0, 0x0, 0x7f, 0xf9,
    0x0, 0xc, 0xff, 0x20, 0x1, 0xff, 0xb0, 0x0,
    0x6f, 0xf4, 0x0, 0xb, 0xfd, 0x0, 0x0, 0x78,
    0x40, 0x0,

    /* U+002D "-" */
    0xac, 0xcc, 0xcc, 0xcc, 0xcc, 0x9c, 0xff, 0xff,
    0xff, 0xff, 0xfc, 0xcf, 0xff, 0xff, 0xff, 0xff,
    0xcc, 0xff, 0xff, 0xff, 0xff, 0xfc, 0xcf, 0xff,
    0xff, 0xff, 0xff, 0xc0,

    /* U+002E "." */
    0x1, 0x11, 0x11, 0x0, 0xff, 0xff, 0xf1, 0xf,
    0xff, 0xff, 0x10, 0xff, 0xff, 0xf1, 0xf, 0xff,
    0xff, 0x10, 0xff, 0xff, 0xf1,

    /* U+002F "/" */
    0x0, 0x0, 0x0, 0x0, 0x0, 0x0, 0x8, 0xff,
    0xff, 0x10, 0x0, 0x0, 0x0, 0x0, 0x0, 0x0,
    0xef, 0xff, 0xa0, 0x0, 0x0, 0x0, 0x0, 0x0,
    0x0, 0x4f, 0xff, 0xf4, 0x0, 0x0, 0x0, 0x0,
    0x0, 0x0, 0xa, 0xff, 0xfd, 0x0, 0x0, 0x0,
    0x0, 0x0, 0x0, 0x1, 0xff, 0xff, 0x70, 0x0,
    0x0, 0x0, 0x0, 0x0, 0x0, 0x7f, 0xff, 0xf1,
    0x0, 0x0, 0x0, 0x0, 0x0, 0x0, 0xd, 0xff,
    0xfb, 0x0, 0x0, 0x0, 0x0, 0x0, 0x0, 0x3,
    0xff, 0xff, 0x40, 0x0, 0x0, 0x0, 0x0, 0x0,
    0x0, 0xaf, 0xff, 0xe0, 0x0, 0x0, 0x0, 0x0,
    0x0, 0x0, 0xf, 0xff, 0xf8, 0x0, 0x0, 0x0,
    0x0, 0x0, 0x0, 0x6, 0xff, 0xff, 0x20, 0x0,
    0x0, 0x0, 0x0, 0x0, 0x0, 0xcf, 0xff, 0xc0,
    0x0, 0x0, 0x0, 0x0, 0x0, 0x0, 0x2f, 0xff,
    0xf5, 0x0, 0x0, 0x0, 0x0, 0x0, 0x0, 0x9,
    0xff, 0xfe, 0x0, 0x0, 0x0, 0x0, 0x0, 0x0,
    0x0, 0xef, 0xff, 0x90, 0x0, 0x0, 0x0, 0x0,
    0x0, 0x0, 0x5f, 0xff, 0xf3, 0x0, 0x0, 0x0,
    0x0, 0x0, 0x0, 0xb, 0xff, 0xfc, 0x0, 0x0,
    0x0, 0x0, 0x0, 0x0, 0x2, 0xff, 0xff, 0x60,
    0x0, 0x0, 0x0, 0x0, 0x0, 0x0, 0x8f, 0xff,
    0xf0, 0x0, 0x0, 0x0, 0x0, 0x0, 0x0, 0xe,
    0xff, 0xfa, 0x0, 0x0, 0x0, 0x0, 0x0, 0x0,
    0x4, 0xff, 0xff, 0x30, 0x0, 0x0, 0x0, 0x0,
    0x0, 0x0, 0xbf, 0xff, 0xd0, 0x0, 0x0, 0x0,
    0x0, 0x0, 0x0, 0x1f, 0xff, 0xf7, 0x0, 0x0,
    0x0, 0x0, 0x0, 0x0, 0x7, 0xff, 0xff, 0x10,
    0x0, 0x0, 0x0, 0x0, 0x0, 0x0, 0xdf, 0xff,
    0xa0, 0x0, 0x0, 0x0, 0x0, 0x0, 0x0, 0x4f,
    0xff, 0xf4, 0x0, 0x0, 0x0, 0x0, 0x0, 0x0,
    0xa, 0xff, 0xfe, 0x0, 0x0, 0x0, 0x0, 0x0,
    0x0, 0x1, 0xff, 0xff, 0x80, 0x0, 0x0, 0x0,
    0x0, 0x0, 0x0, 0x6f, 0xff, 0xf2, 0x0, 0x0,
    0x0, 0x0, 0x0, 0x0, 0xc, 0xff, 0xfb, 0x0,
    0x0, 0x0, 0x0, 0x0, 0x0, 0x3, 0xff, 0xff,
    0x50, 0x0, 0x0, 0x0, 0x0, 0x0, 0x0, 0x9f,
    0xff, 0xe0, 0x0, 0x0, 0x0, 0x0, 0x0, 0x0,
    0xf, 0xff, 0xf9, 0x0, 0x0, 0x0, 0x0, 0x0,
    0x0, 0x5, 0xff, 0xff, 0x20, 0x0, 0x0, 0x0,
    0x0, 0x0, 0x0,

    /* U+0030 "0" */
    0x0, 0x0, 0x28, 0xce, 0xfe, 0xd9, 0x30, 0x0,
    0x0, 0x0, 0x8f, 0xff, 0xff, 0xff, 0xff, 0xa0,
    0x0, 0x0, 0x9f, 0xff, 0xff, 0xff, 0xff, 0xff,
    0xc0, 0x0, 0x4f, 0xff, 0xff, 0xff, 0xff, 0xff,
    0xff, 0x70, 0xc, 0xff, 0xff, 0xff, 0xde, 0xff,
    0xff, 0xfe, 0x1, 0xff, 0xff, 0xfb, 0x0, 0x8,
    0xff, 0xff, 0xf4, 0x4f, 0xff, 0xff, 0x10, 0x0,
    0xe, 0xff, 0xff, 0x75, 0xff, 0xff, 0xe0, 0x0,
    0x0, 0xbf, 0xff, 0xf8, 0x6f, 0xff, 0xfd, 0x0,
    0x0, 0xa, 0xff, 0xff, 0x96, 0xff, 0xff, 0xd0,
    0x0, 0x0, 0xaf, 0xff, 0xf9, 0x6f, 0xff, 0xfd,
    0x0, 0x0, 0xa, 0xff, 0xff, 0x96, 0xff, 0xff,
    0xd0, 0x0, 0x0, 0xaf, 0xff, 0xf9, 0x6f, 0xff,
    0xfd, 0x0, 0x0, 0xa, 0xff, 0xff, 0x96, 0xff,
    0xff, 0xd0, 0x0, 0x0, 0xaf, 0xff, 0xf9, 0x6f,
    0xff, 0xfd, 0x0, 0x0, 0xa, 0xff, 0xff, 0x96,
    0xff, 0xff, 0xd0, 0x0, 0x0, 0xaf, 0xff, 0xf9,
    0x6f, 0xff, 0xfd, 0x0, 0x0, 0xa, 0xff, 0xff,
    0x96, 0xff, 0xff, 0xd0, 0x0, 0x0, 0xaf, 0xff,
    0xf9, 0x6f, 0xff, 0xfd, 0x0, 0x0, 0xa, 0xff,
    0xff, 0x96, 0xff, 0xff, 0xd0, 0x0, 0x0, 0xaf,
    0xff, 0xf9, 0x6f, 0xff, 0xfd, 0x0, 0x0, 0xa,
    0xff, 0xff, 0x96, 0xff, 0xff, 0xd0, 0x0, 0x0,
    0xaf, 0xff, 0xf9, 0x6f, 0xff, 0xfd, 0x0, 0x0,
    0xa, 0xff, 0xff, 0x96, 0xff, 0xff, 0xd0, 0x0,
    0x0, 0xaf, 0xff, 0xf9, 0x6f, 0xff, 0xfd, 0x0,
    0x0, 0xa, 0xff, 0xff, 0x96, 0xff, 0xff, 0xd0,
    0x0, 0x0, 0xaf, 0xff, 0xf9, 0x5f, 0xff, 0xfe,
    0x0, 0x0, 0xb, 0xff, 0xff, 0x84, 0xff, 0xff,
    0xf1, 0x0, 0x0, 0xef, 0xff, 0xf7, 0x1f, 0xff,
    0xff, 0xb0, 0x0, 0x8f, 0xff, 0xff, 0x40, 0xcf,
    0xff, 0xff, 0xfd, 0xff, 0xff, 0xff, 0xe0, 0x4,
    0xff, 0xff, 0xff, 0xff, 0xff, 0xff, 0xf7, 0x0,
    0x9, 0xff, 0xff, 0xff, 0xff, 0xff, 0xfc, 0x0,
    0x0, 0x8, 0xff, 0xff, 0xff, 0xff, 0xfa, 0x0,
    0x0, 0x0, 0x2, 0x8c, 0xef, 0xed, 0x93, 0x0,
    0x0,

    /* U+0031 "1" */
    0x0, 0x0, 0x0, 0x1, 0xff, 0xfa, 0x0, 0x0,
    0x0, 0x7, 0xff, 0xfa, 0x0, 0x0, 0x0, 0x1f,
    0xff, 0xfa, 0x0, 0x0, 0x1, 0xcf, 0xff, 0xfa,
    0x0, 0x13, 0x8e, 0xff, 0xff, 0xfa, 0x2f, 0xff,
    0xff, 0xff, 0xff, 0xfa, 0x2f, 0xff, 0xff, 0xff,
    0xff, 0xfa, 0x2f, 0xff, 0xff, 0xff, 0xff, 0xfa,
    0x1b, 0xbb, 0xbb, 0xef, 0xff, 0xfa, 0x0, 0x0,
    0x0, 0xaf, 0xff, 0xfa, 0x0, 0x0, 0x0, 0xaf,
    0xff, 0xfa, 0x0, 0x0, 0x0, 0xaf, 0xff, 0xfa,
    0x0, 0x0, 0x0, 0xaf, 0xff, 0xfa, 0x0, 0x0,
    0x0, 0xaf, 0xff, 0xfa, 0x0, 0x0, 0x0, 0xaf,
    0xff, 0xfa, 0x0, 0x0, 0x0, 0xaf, 0xff, 0xfa,
    0x0, 0x0, 0x0, 0xaf, 0xff, 0xfa, 0x0, 0x0,
    0x0, 0xaf, 0xff, 0xfa, 0x0, 0x0, 0x0, 0xaf,
    0xff, 0xfa, 0x0, 0x0, 0x0, 0xaf, 0xff, 0xfa,
    0x0, 0x0, 0x0, 0xaf, 0xff, 0xfa, 0x0, 0x0,
    0x0, 0xaf, 0xff, 0xfa, 0x0, 0x0, 0x0, 0xaf,
    0xff, 0xfa, 0x0, 0x0, 0x0, 0xaf, 0xff, 0xfa,
    0x0, 0x0, 0x0, 0xaf, 0xff, 0xfa, 0x0, 0x0,
    0x0, 0xaf, 0xff, 0xfa, 0x0, 0x0, 0x0, 0xaf,
    0xff, 0xfa, 0x0, 0x0, 0x0, 0xaf, 0xff, 0xfa,
    0x0, 0x0, 0x0, 0xaf, 0xff, 0xfa, 0x0, 0x0,
    0x0, 0xaf, 0xff, 0xfa, 0x0, 0x0, 0x0, 0xaf,
    0xff, 0xfa, 0x0, 0x0, 0x0, 0xaf, 0xff, 0xfa,
    0x0, 0x0, 0x0, 0xaf, 0xff, 0xfa, 0x0, 0x0,
    0x0, 0xaf, 0xff, 0xfa,

    /* U+0032 "2" */
    0x0, 0x0, 0x17, 0xbe, 0xff, 0xd9, 0x40, 0x0,
    0x0, 0x0, 0x5f, 0xff, 0xff, 0xff, 0xff, 0xb0,
    0x0, 0x0, 0x5f, 0xff, 0xff, 0xff, 0xff, 0xff,
    0xc0, 0x0, 0x1f, 0xff, 0xff, 0xff, 0xff, 0xff,
    0xff, 0x70, 0x7, 0xff, 0xff, 0xff, 0xdf, 0xff,
    0xff, 0xfe, 0x0, 0xcf, 0xff, 0xfb, 0x0, 0x9,
    0xff, 0xff, 0xf4, 0xf, 0xff, 0xff, 0x10, 0x0,
    0xe, 0xff, 0xff, 0x71, 0xff, 0xff, 0xe0, 0x0,
    0x0, 0xbf, 0xff, 0xf8, 0x1f, 0xff, 0xfd, 0x0,
    0x0, 0xa, 0xff, 0xff, 0x92, 0xff, 0xff, 0xd0,
    0x0, 0x0, 0xbf, 0xff, 0xf8, 0x2f, 0xff, 0xfd,
    0x0, 0x0, 0xd, 0xff, 0xff, 0x61, 0xbb, 0xbb,
    0x90, 0x0, 0x1, 0xff, 0xff, 0xf3, 0x0, 0x0,
    0x0, 0x0, 0x0, 0x7f, 0xff, 0xfe, 0x0, 0x0,
    0x0, 0x0, 0x0, 0xe, 0xff, 0xff, 0x80, 0x0,
    0x0, 0x0, 0x0, 0x9, 0xff, 0xff, 0xf1, 0x0,
    0x0, 0x0, 0x0, 0x4, 0xff, 0xff, 0xf8, 0x0,
    0x0, 0x0, 0x0, 0x2, 0xef, 0xff, 0xfd, 0x0,
    0x0, 0x0, 0x0, 0x1, 0xdf, 0xff, 0xff, 0x30,
    0x0, 0x0, 0x0, 0x0, 0xcf, 0xff, 0xff, 0x60,
    0x0, 0x0, 0x0, 0x0, 0xbf, 0xff, 0xff, 0x80,
    0x0, 0x0, 0x0, 0x0, 0x9f, 0xff, 0xff, 0xa0,
    0x0, 0x0, 0x0, 0x0, 0x5f, 0xff, 0xff, 0xb0,
    0x0, 0x0, 0x0, 0x0, 0x1e, 0xff, 0xff, 0xc0,
    0x0, 0x0, 0x0, 0x0, 0x9, 0xff, 0xff, 0xe1,
    0x0, 0x0, 0x0, 0x0, 0x1, 0xff, 0xff, 0xf5,
    0x0, 0x0, 0x0, 0x0, 0x0, 0x7f, 0xff, 0xfc,
    0x0, 0x0, 0x0, 0x0, 0x0, 0xb, 0xff, 0xff,
    0x60, 0x0, 0x0, 0x0, 0x0, 0x0, 0xef, 0xff,
    0xf3, 0x0, 0x0, 0x0, 0x0, 0x0, 0xf, 0xff,
    0xff, 0x10, 0x0, 0x0, 0x0, 0x0, 0x1, 0xff,
    0xff, 0xfc, 0xcc, 0xcc, 0xcc, 0xcc, 0xc1, 0x1f,
    0xff, 0xff, 0xff, 0xff, 0xff, 0xff, 0xff, 0x22,
    0xff, 0xff, 0xff, 0xff, 0xff, 0xff, 0xff, 0xf2,
    0x2f, 0xff, 0xff, 0xff, 0xff, 0xff, 0xff, 0xff,
    0x22, 0xff, 0xff, 0xff, 0xff, 0xff, 0xff, 0xff,
    0xf2,

    /* U+0033 "3" */
    0x0, 0x0, 0x28, 0xce, 0xfe, 0xc8, 0x20, 0x0,
    0x0, 0x0, 0x8f, 0xff, 0xff, 0xff, 0xff, 0x70,
    0x0, 0x0, 0x8f, 0xff, 0xff, 0xff, 0xff, 0xff,
    0x70, 0x0, 0x3f, 0xff, 0xff, 0xff, 0xff, 0xff,
    0xff, 0x20, 0xa, 0xff, 0xff, 0xfe, 0xdf, 0xff,
    0xff, 0xf9, 0x0, 0xef, 0xff, 0xf8, 0x0, 0x2d,
    0xff, 0xff, 0xd0, 0x2f, 0xff, 0xfe, 0x0, 0x0,
    0x5f, 0xff, 0xff, 0x13, 0xff, 0xff, 0xc0, 0x0,
    0x2, 0xff, 0xff, 0xf2, 0x4f, 0xff, 0xfb, 0x0,
    0x0, 0x1f, 0xff, 0xff, 0x24, 0xff, 0xff, 0xb0,
    0x0, 0x1, 0xff, 0xff, 0xf2, 0x0, 0x0, 0x0,
    0x0, 0x0, 0x1f, 0xff, 0xff, 0x20, 0x0, 0x0,
    0x0, 0x0, 0x2, 0xff, 0xff, 0xf0, 0x0, 0x0,
    0x0, 0x0, 0x0, 0x7f, 0xff, 0xfc, 0x0, 0x0,
    0x0, 0x0, 0x1, 0x6f, 0xff, 0xff, 0x50, 0x0,
    0x0, 0x3, 0xff, 0xff, 0xff, 0xff, 0xb0, 0x0,
    0x0, 0x0, 0x3f, 0xff, 0xff, 0xff, 0x90, 0x0,
    0x0, 0x0, 0x3, 0xff, 0xff, 0xff, 0xd4, 0x0,
    0x0, 0x0, 0x0, 0x3f, 0xff, 0xff, 0xff, 0xf8,
    0x0, 0x0, 0x0, 0x2, 0xcc, 0xef, 0xff, 0xff,
    0xf4, 0x0, 0x0, 0x0, 0x0, 0x0, 0x3e, 0xff,
    0xff, 0xb0, 0x0, 0x0, 0x0, 0x0, 0x0, 0x5f,
    0xff, 0xff, 0x10, 0x0, 0x0, 0x0, 0x0, 0x1,
    0xff, 0xff, 0xf2, 0x0, 0x0, 0x0, 0x0, 0x0,
    0xf, 0xff, 0xff, 0x45, 0xdd, 0xdd, 0x70, 0x0,
    0x0, 0xff, 0xff, 0xf5, 0x6f, 0xff, 0xf9, 0x0,
    0x0, 0xf, 0xff, 0xff, 0x56, 0xff, 0xff, 0x90,
    0x0, 0x0, 0xff, 0xff, 0xf5, 0x6f, 0xff, 0xfa,
    0x0, 0x0, 0xf, 0xff, 0xff, 0x44, 0xff, 0xff,
    0xd0, 0x0, 0x3, 0xff, 0xff, 0xf3, 0x1f, 0xff,
    0xff, 0x70, 0x1, 0xcf, 0xff, 0xff, 0x0, 0xdf,
    0xff, 0xff, 0xed, 0xff, 0xff, 0xff, 0xb0, 0x6,
    0xff, 0xff, 0xff, 0xff, 0xff, 0xff, 0xf4, 0x0,
    0xb, 0xff, 0xff, 0xff, 0xff, 0xff, 0xfa, 0x0,
    0x0, 0xa, 0xff, 0xff, 0xff, 0xff, 0xf9, 0x0,
    0x0, 0x0, 0x3, 0x9d, 0xef, 0xec, 0x92, 0x0,
    0x0,

    /* U+0034 "4" */
    0x0, 0x0, 0x0, 0x0, 0x0, 0xef, 0xff, 0xff,
    0x10, 0x0, 0x0, 0x0, 0x0, 0x0, 0x4f, 0xff,
    0xff, 0xf1, 0x0, 0x0, 0x0, 0x0, 0x0, 0xb,
    0xff, 0xff, 0xff, 0x10, 0x0, 0x0, 0x0, 0x0,
    0x2, 0xff, 0xff, 0xff, 0xf1, 0x0, 0x0, 0x0,
    0x0, 0x0, 0x8f, 0xff, 0xff, 0xff, 0x10, 0x0,
    0x0, 0x0, 0x0, 0xe, 0xff, 0xff, 0xff, 0xf1,
    0x0, 0x0, 0x0, 0x0, 0x6, 0xff, 0xff, 0xff,
    0xff, 0x10, 0x0, 0x0, 0x0, 0x0, 0xcf, 0xff,
    0xff, 0xff, 0xf1, 0x0, 0x0, 0x0, 0x0, 0x3f,
    0xff, 0xff, 0xff, 0xff, 0x10, 0x0, 0x0, 0x0,
    0x9, 0xff, 0xff, 0xff, 0xff, 0xf1, 0x0, 0x0,
    0x0, 0x1, 0xff, 0xff, 0xaf, 0xff, 0xff, 0x10,
    0x0, 0x0, 0x0, 0x7f, 0xff, 0xf4, 0xff, 0xff,
    0xf1, 0x0, 0x0, 0x0, 0xd, 0xff, 0xfa, 0x3f,
    0xff, 0xff, 0x10, 0x0, 0x0, 0x4, 0xff, 0xff,
    0x43, 0xff, 0xff, 0xf1, 0x0, 0x0, 0x0, 0xaf,
    0xff, 0xe0, 0x3f, 0xff, 0xff, 0x10, 0x0, 0x0,
    0x1f, 0xff, 0xf7, 0x3, 0xff, 0xff, 0xf1, 0x0,
    0x0, 0x8, 0xff, 0xff, 0x10, 0x3f, 0xff, 0xff,
    0x10, 0x0, 0x0, 0xef, 0xff, 0xb0, 0x3, 0xff,
    0xff, 0xf1, 0x0, 0x0, 0x5f, 0xff, 0xf5, 0x0,
    0x3f, 0xff, 0xff, 0x10, 0x0, 0xc, 0xff, 0xfe,
    0x0, 0x3, 0xff, 0xff, 0xf1, 0x0, 0x2, 0xff,
    0xff, 0x80, 0x0, 0x3f, 0xff, 0xff, 0x10, 0x0,
    0x9f, 0xff, 0xf2, 0x0, 0x3, 0xff, 0xff, 0xf1,
    0x0, 0xf, 0xff, 0xfc, 0x0, 0x0, 0x3f, 0xff,
    0xff, 0x10, 0x4, 0xff, 0xff, 0xec, 0xcc, 0xcd,
    0xff, 0xff, 0xfd, 0xc7, 0x4f, 0xff, 0xff, 0xff,
    0xff, 0xff, 0xff, 0xff, 0xff, 0x94, 0xff, 0xff,
    0xff, 0xff, 0xff, 0xff, 0xff, 0xff, 0xf9, 0x4f,
    0xff, 0xff, 0xff, 0xff, 0xff, 0xff, 0xff, 0xff,
    0x94, 0xff, 0xff, 0xff, 0xff, 0xff, 0xff, 0xff,
    0xff, 0xf9, 0x0, 0x0, 0x0, 0x0, 0x0, 0x3f,
    0xff, 0xff, 0x10, 0x0, 0x0, 0x0, 0x0, 0x0,
    0x3, 0xff, 0xff, 0xf1, 0x0, 0x0, 0x0, 0x0,
    0x0, 0x0, 0x3f, 0xff, 0xff, 0x10, 0x0, 0x0,
    0x0, 0x0, 0x0, 0x3, 0xff, 0xff, 0xf1, 0x0,
    0x0, 0x0, 0x0, 0x0, 0x0, 0x3f, 0xff, 0xff,
    0x10, 0x0, 0x0, 0x0, 0x0, 0x0, 0x3, 0xff,
    0xff, 0xf1, 0x0,

    /* U+0035 "5" */
    0x3, 0xff, 0xff, 0xff, 0xff, 0xff, 0xff, 0xfb,
    0x0, 0x4f, 0xff, 0xff, 0xff, 0xff, 0xff, 0xff,
    0xb0, 0x5, 0xff, 0xff, 0xff, 0xff, 0xff, 0xff,
    0xfb, 0x0, 0x6f, 0xff, 0xff, 0xff, 0xff, 0xff,
    0xff, 0xb0, 0x7, 0xff, 0xff, 0xec, 0xcc, 0xcc,
    0xcc, 0xc8, 0x0, 0x8f, 0xff, 0xf7, 0x0, 0x0,
    0x0, 0x0, 0x0, 0x8, 0xff, 0xff, 0x60, 0x0,
    0x0, 0x0, 0x0, 0x0, 0x9f, 0xff, 0xf5, 0x0,
    0x0, 0x0, 0x0, 0x0, 0xa, 0xff, 0xff, 0x40,
    0x0, 0x0, 0x0, 0x0, 0x0, 0xbf, 0xff, 0xf3,
    0x0, 0x0, 0x0, 0x0, 0x0, 0xc, 0xff, 0xff,
    0x20, 0x5a, 0xbb, 0x82, 0x0, 0x0, 0xdf, 0xff,
    0xf3, 0xcf, 0xff, 0xff, 0xf6, 0x0, 0xd, 0xff,
    0xff, 0xcf, 0xff, 0xff, 0xff, 0xf4, 0x0, 0xef,
    0xff, 0xff, 0xff, 0xff, 0xff, 0xff, 0xc0, 0xf,
    0xff, 0xff, 0xff, 0xff, 0xff, 0xff, 0xff, 0x20,
    0xff, 0xff, 0xfd, 0x30, 0x3c, 0xff, 0xff, 0xf5,
    0x1f, 0xff, 0xff, 0x30, 0x0, 0x1f, 0xff, 0xff,
    0x71, 0xff, 0xff, 0xe0, 0x0, 0x0, 0xdf, 0xff,
    0xf8, 0x17, 0x77, 0x76, 0x0, 0x0, 0xb, 0xff,
    0xff, 0x90, 0x0, 0x0, 0x0, 0x0, 0x0, 0xbf,
    0xff, 0xf9, 0x0, 0x0, 0x0, 0x0, 0x0, 0xb,
    0xff, 0xff, 0x90, 0x0, 0x0, 0x0, 0x0, 0x0,
    0xbf, 0xff, 0xf9, 0x2, 0x22, 0x21, 0x0, 0x0,
    0xb, 0xff, 0xff, 0x92, 0xff, 0xff, 0xd0, 0x0,
    0x0, 0xbf, 0xff, 0xf9, 0x2f, 0xff, 0xfd, 0x0,
    0x0, 0xb, 0xff, 0xff, 0x92, 0xff, 0xff, 0xd0,
    0x0, 0x0, 0xbf, 0xff, 0xf8, 0x1f, 0xff, 0xfe,
    0x0, 0x0, 0xc, 0xff, 0xff, 0x70, 0xff, 0xff,
    0xf1, 0x0, 0x0, 0xff, 0xff, 0xf6, 0xd, 0xff,
    0xff, 0xa0, 0x0, 0x9f, 0xff, 0xff, 0x30, 0x8f,
    0xff, 0xff, 0xfd, 0xff, 0xff, 0xff, 0xe0, 0x1,
    0xff, 0xff, 0xff, 0xff, 0xff, 0xff, 0xf7, 0x0,
    0x6, 0xff, 0xff, 0xff, 0xff, 0xff, 0xfc, 0x0,
    0x0, 0x5, 0xff, 0xff, 0xff, 0xff, 0xfa, 0x0,
    0x0, 0x0, 0x1, 0x7c, 0xef, 0xfd, 0x93, 0x0,
    0x0,

    /* U+0036 "6" */
    0x0, 0x0, 0x18, 0xce, 0xff, 0xda, 0x40, 0x0,
    0x0, 0x0, 0x7f, 0xff, 0xff, 0xff, 0xff, 0xc1,
    0x0, 0x0, 0x8f, 0xff, 0xff, 0xff, 0xff, 0xff,
    0xd0, 0x0, 0x2f, 0xff, 0xff, 0xff, 0xff, 0xff,
    0xff, 0x90, 0x9, 0xff, 0xff, 0xff, 0xde, 0xff,
    0xff, 0xff, 0x10, 0xef, 0xff, 0xfd, 0x20, 0x3,
    0xff, 0xff, 0xf5, 0x1f, 0xff, 0xff, 0x50, 0x0,
    0x9, 0xff, 0xff, 0x83, 0xff, 0xff, 0xf1, 0x0,
    0x0, 0x6f, 0xff, 0xf9, 0x4f, 0xff, 0xff, 0x0,
    0x0, 0x4, 0xdd, 0xdd, 0x84, 0xff, 0xff, 0xf0,
    0x0, 0x0, 0x0, 0x0, 0x0, 0x4f, 0xff, 0xff,
    0x0, 0x0, 0x0, 0x0, 0x0, 0x4, 0xff, 0xff,
    0xf0, 0x0, 0x0, 0x0, 0x0, 0x0, 0x4f, 0xff,
    0xff, 0x0, 0x7d, 0xff, 0xc7, 0x0, 0x4, 0xff,
    0xff, 0xf1, 0xcf, 0xff, 0xff, 0xfc, 0x0, 0x4f,
    0xff, 0xff, 0xaf, 0xff, 0xff, 0xff, 0xf9, 0x4,
    0xff, 0xff, 0xff, 0xff, 0xff, 0xff, 0xff, 0xf1,
    0x4f, 0xff, 0xff, 0xff, 0xde, 0xff, 0xff, 0xff,
    0x64, 0xff, 0xff, 0xfc, 0x10, 0x6, 0xff, 0xff,
    0xf9, 0x4f, 0xff, 0xff, 0x40, 0x0, 0xc, 0xff,
    0xff, 0xb4, 0xff, 0xff, 0xf1, 0x0, 0x0, 0x9f,
    0xff, 0xfc, 0x4f, 0xff, 0xff, 0x0, 0x0, 0x8,
    0xff, 0xff, 0xc4, 0xff, 0xff, 0xf0, 0x0, 0x0,
    0x8f, 0xff, 0xfc, 0x4f, 0xff, 0xff, 0x0, 0x0,
    0x8, 0xff, 0xff, 0xc4, 0xff, 0xff, 0xf0, 0x0,
    0x0, 0x8f, 0xff, 0xfc, 0x4f, 0xff, 0xff, 0x0,
    0x0, 0x8, 0xff, 0xff, 0xc4, 0xff, 0xff, 0xf0,
    0x0, 0x0, 0x8f, 0xff, 0xfc, 0x3f, 0xff, 0xff,
    0x10, 0x0, 0x9, 0xff, 0xff, 0xb2, 0xff, 0xff,
    0xf4, 0x0, 0x0, 0xcf, 0xff, 0xf9, 0xe, 0xff,
    0xff, 0xc1, 0x0, 0x6f, 0xff, 0xff, 0x60, 0x9f,
    0xff, 0xff, 0xfd, 0xef, 0xff, 0xff, 0xf1, 0x2,
    0xff, 0xff, 0xff, 0xff, 0xff, 0xff, 0xf9, 0x0,
    0x7, 0xff, 0xff, 0xff, 0xff, 0xff, 0xfd, 0x0,
    0x0, 0x6, 0xff, 0xff, 0xff, 0xff, 0xfc, 0x10,
    0x0, 0x0, 0x1, 0x7c, 0xef, 0xfd, 0xa4, 0x0,
    0x0,

    /* U+0037 "7" */
    0x6f, 0xff, 0xff, 0xff, 0xff, 0xff, 0xff, 0xff,
    0x76, 0xff, 0xff, 0xff, 0xff, 0xff, 0xff, 0xff,
    0xf7, 0x6f, 0xff, 0xff, 0xff, 0xff, 0xff, 0xff,
    0xff, 0x76, 0xff, 0xff, 0xff, 0xff, 0xff, 0xff,
    0xff, 0xf7, 0x4c, 0xcc, 0xcc, 0xcc, 0xcc, 0xcf,
    0xff, 0xff, 0x70, 0x0, 0x0, 0x0, 0x0, 0x0,
    0xef, 0xff, 0xf3, 0x0, 0x0, 0x0, 0x0, 0x0,
    0x3f, 0xff, 0xfe, 0x0, 0x0, 0x0, 0x0, 0x0,
    0x8, 0xff, 0xff, 0xa0, 0x0, 0x0, 0x0, 0x0,
    0x0, 0xcf, 0xff, 0xf5, 0x0, 0x0, 0x0, 0x0,
    0x0, 0x1f, 0xff, 0xff, 0x10, 0x0, 0x0, 0x0,
    0x0, 0x5, 0xff, 0xff, 0xc0, 0x0, 0x0, 0x0,
    0x0, 0x0, 0xaf, 0xff, 0xf8, 0x0, 0x0, 0x0,
    0x0, 0x0, 0xe, 0xff, 0xff, 0x40, 0x0, 0x0,
    0x0, 0x0, 0x3, 0xff, 0xff, 0xf0, 0x0, 0x0,
    0x0, 0x0, 0x0, 0x8f, 0xff, 0xfb, 0x0, 0x0,
    0x0, 0x0, 0x0, 0xd, 0xff, 0xff, 0x60, 0x0,
    0x0, 0x0, 0x0, 0x1, 0xff, 0xff, 0xf2, 0x0,
    0x0, 0x0, 0x0, 0x0, 0x6f, 0xff, 0xfd, 0x0,
    0x0, 0x0, 0x0, 0x0, 0xa, 0xff, 0xff, 0x90,
    0x0, 0x0, 0x0, 0x0, 0x0, 0xff, 0xff, 0xf4,
    0x0, 0x0, 0x0, 0x0, 0x0, 0x4f, 0xff, 0xff,
    0x0, 0x0, 0x0, 0x0, 0x0, 0x8, 0xff, 0xff,
    0xb0, 0x0, 0x0, 0x0, 0x0, 0x0, 0xdf, 0xff,
    0xf7, 0x0, 0x0, 0x0, 0x0, 0x0, 0x2f, 0xff,
    0xff, 0x20, 0x0, 0x0, 0x0, 0x0, 0x6, 0xff,
    0xff, 0xe0, 0x0, 0x0, 0x0, 0x0, 0x0, 0xbf,
    0xff, 0xf9, 0x0, 0x0, 0x0, 0x0, 0x0, 0xf,
    0xff, 0xff, 0x50, 0x0, 0x0, 0x0, 0x0, 0x4,
    0xff, 0xff, 0xf0, 0x0, 0x0, 0x0, 0x0, 0x0,
    0x9f, 0xff, 0xfc, 0x0, 0x0, 0x0, 0x0, 0x0,
    0xd, 0xff, 0xff, 0x70, 0x0, 0x0, 0x0, 0x0,
    0x2, 0xff, 0xff, 0xf3, 0x0, 0x0, 0x0, 0x0,
    0x0, 0x7f, 0xff, 0xfe, 0x0, 0x0, 0x0, 0x0,
    0x0, 0xb, 0xff, 0xff, 0xa0, 0x0, 0x0, 0x0,
    0x0, 0x0, 0xff, 0xff, 0xf5, 0x0, 0x0, 0x0,
    0x0,

    /* U+0038 "8" */
    0x0, 0x0, 0x28, 0xce, 0xfe, 0xd9, 0x30, 0x0,
    0x0, 0x0, 0x9f, 0xff, 0xff, 0xff, 0xff, 0xb1,
    0x0, 0x0, 0xaf, 0xff, 0xff, 0xff, 0xff, 0xff,
    0xd0, 0x0, 0x5f, 0xff, 0xff, 0xff, 0xff, 0xff,
    0xff, 0x80, 0xd, 0xff, 0xff, 0xff, 0xde, 0xff,
    0xff, 0xff, 0x12, 0xff, 0xff, 0xfa, 0x0, 0x8,
    0xff, 0xff, 0xf5, 0x5f, 0xff, 0xff, 0x10, 0x0,
    0xd, 0xff, 0xff, 0x86, 0xff, 0xff, 0xe0, 0x0,
    0x0, 0xaf, 0xff, 0xf9, 0x7f, 0xff, 0xfd, 0x0,
    0x0, 0x9, 0xff, 0xff, 0xa7, 0xff, 0xff, 0xd0,
    0x0, 0x0, 0x9f, 0xff, 0xfa, 0x6f, 0xff, 0xfd,
    0x0, 0x0, 0x9, 0xff, 0xff, 0x94, 0xff, 0xff,
    0xe0, 0x0, 0x0, 0xbf, 0xff, 0xf7, 0x1f, 0xff,
    0xff, 0x20, 0x0, 0xe, 0xff, 0xff, 0x30, 0xbf,
    0xff, 0xfd, 0x30, 0x2b, 0xff, 0xff, 0xd0, 0x2,
    0xff, 0xff, 0xff, 0xff, 0xff, 0xff, 0xf3, 0x0,
    0x3, 0xdf, 0xff, 0xff, 0xff, 0xff, 0xf5, 0x0,
    0x0, 0x9, 0xff, 0xff, 0xff, 0xff, 0xfb, 0x10,
    0x0, 0xc, 0xff, 0xff, 0xff, 0xff, 0xff, 0xfe,
    0x10, 0xa, 0xff, 0xff, 0xff, 0xdf, 0xff, 0xff,
    0xfc, 0x1, 0xff, 0xff, 0xfa, 0x0, 0x7, 0xff,
    0xff, 0xf3, 0x6f, 0xff, 0xfe, 0x0, 0x0, 0xc,
    0xff, 0xff, 0x98, 0xff, 0xff, 0xb0, 0x0, 0x0,
    0x8f, 0xff, 0xfb, 0x9f, 0xff, 0xfa, 0x0, 0x0,
    0x6, 0xff, 0xff, 0xda, 0xff, 0xff, 0xa0, 0x0,
    0x0, 0x6f, 0xff, 0xfd, 0xaf, 0xff, 0xfa, 0x0,
    0x0, 0x6, 0xff, 0xff, 0xda, 0xff, 0xff, 0xa0,
    0x0, 0x0, 0x6f, 0xff, 0xfd, 0x9f, 0xff, 0xfb,
    0x0, 0x0, 0x8, 0xff, 0xff, 0xc8, 0xff, 0xff,
    0xe0, 0x0, 0x0, 0xcf, 0xff, 0xfb, 0x5f, 0xff,
    0xff, 0xa0, 0x0, 0x7f, 0xff, 0xff, 0x81, 0xff,
    0xff, 0xff, 0xfd, 0xff, 0xff, 0xff, 0xf3, 0x9,
    0xff, 0xff, 0xff, 0xff, 0xff, 0xff, 0xfc, 0x0,
    0xd, 0xff, 0xff, 0xff, 0xff, 0xff, 0xfe, 0x10,
    0x0, 0x1b, 0xff, 0xff, 0xff, 0xff, 0xfc, 0x20,
    0x0, 0x0, 0x3, 0x9d, 0xef, 0xfd, 0xa4, 0x0,
    0x0,

    /* U+0039 "9" */
    0x0, 0x0, 0x39, 0xde, 0xfe, 0xc8, 0x20, 0x0,
    0x0, 0x0, 0xaf, 0xff, 0xff, 0xff, 0xff, 0x90,
    0x0, 0x0, 0xbf, 0xff, 0xff, 0xff, 0xff, 0xff,
    0xa0, 0x0, 0x7f, 0xff, 0xff, 0xff, 0xff, 0xff,
    0xff, 0x50, 0xe, 0xff, 0xff, 0xff, 0xdf, 0xff,
    0xff, 0xfd, 0x3, 0xff, 0xff, 0xf9, 0x0, 0xa,
    0xff, 0xff, 0xf1, 0x6f, 0xff, 0xfe, 0x0, 0x0,
    0x1f, 0xff, 0xff, 0x58, 0xff, 0xff, 0xc0, 0x0,
    0x0, 0xdf, 0xff, 0xf6, 0x8f, 0xff, 0xfb, 0x0,
    0x0, 0xd, 0xff, 0xff, 0x79, 0xff, 0xff, 0xb0,
    0x0, 0x0, 0xdf, 0xff, 0xf7, 0x9f, 0xff, 0xfb,
    0x0, 0x0, 0xd, 0xff, 0xff, 0x79, 0xff, 0xff,
    0xb0, 0x0, 0x0, 0xdf, 0xff, 0xf7, 0x9f, 0xff,
    0xfb, 0x0, 0x0, 0xd, 0xff, 0xff, 0x79, 0xff,
    0xff, 0xb0, 0x0, 0x0, 0xdf, 0xff, 0xf7, 0x8f,
    0xff, 0xfc, 0x0, 0x0, 0xe, 0xff, 0xff, 0x77,
    0xff, 0xff, 0xf1, 0x0, 0x2, 0xff, 0xff, 0xf7,
    0x5f, 0xff, 0xff, 0xb2, 0x3, 0xcf, 0xff, 0xff,
    0x72, 0xff, 0xff, 0xff, 0xff, 0xff, 0xff, 0xff,
    0xf7, 0xd, 0xff, 0xff, 0xff, 0xff, 0xff, 0xff,
    0xff, 0x70, 0x4f, 0xff, 0xff, 0xff, 0xfb, 0xdf,
    0xff, 0xf7, 0x0, 0x6f, 0xff, 0xff, 0xfc, 0x1d,
    0xff, 0xff, 0x70, 0x0, 0x28, 0xbc, 0xa5, 0x0,
    0xdf, 0xff, 0xf7, 0x0, 0x0, 0x0, 0x0, 0x0,
    0xd, 0xff, 0xff, 0x70, 0x0, 0x0, 0x0, 0x0,
    0x0, 0xdf, 0xff, 0xf7, 0x0, 0x0, 0x0, 0x0,
    0x0, 0xd, 0xff, 0xff, 0x77, 0xff, 0xff, 0x80,
    0x0, 0x0, 0xdf, 0xff, 0xf7, 0x6f, 0xff, 0xf9,
    0x0, 0x0, 0xe, 0xff, 0xff, 0x65, 0xff, 0xff,
    0xc0, 0x0, 0x2, 0xff, 0xff, 0xf4, 0x2f, 0xff,
    0xff, 0x60, 0x1, 0xbf, 0xff, 0xff, 0x10, 0xdf,
    0xff, 0xff, 0xed, 0xff, 0xff, 0xff, 0xd0, 0x6,
    0xff, 0xff, 0xff, 0xff, 0xff, 0xff, 0xf5, 0x0,
    0xb, 0xff, 0xff, 0xff, 0xff, 0xff, 0xfb, 0x0,
    0x0, 0xa, 0xff, 0xff, 0xff, 0xff, 0xfa, 0x0,
    0x0, 0x0, 0x3, 0x9d, 0xef, 0xec, 0x93, 0x0,
    0x0,

    /* U+003A ":" */
    0x1, 0x11, 0x11, 0x0, 0xff, 0xff, 0xf1, 0xf,
    0xff, 0xff, 0x10, 0xff, 0xff, 0xf1, 0xf, 0xff,
    0xff, 0x10, 0xff, 0xff, 0xf1, 0x0, 0x0, 0x0,
    0x0, 0x0, 0x0, 0x0, 0x0, 0x0, 0x0, 0x0,
    0x0, 0x0, 0x0, 0x0, 0x0, 0x0, 0x0, 0x0,
    0x0, 0x0, 0x0, 0x0, 0x0, 0x0, 0x0, 0x0,
    0x0, 0x0, 0x0, 0x0, 0x0, 0x0, 0x0, 0x0,
    0x0, 0x0, 0x0, 0x0, 0x0, 0x0, 0x0, 0x1,
    0x11, 0x11, 0x0, 0xff, 0xff, 0xf1, 0xf, 0xff,
    0xff, 0x10, 0xff, 0xff, 0xf1, 0xf, 0xff, 0xff,
    0x10, 0xff, 0xff, 0xf1,

    /* U+003B ";" */
    0x1, 0x11, 0x11, 0x0, 0xff, 0xff, 0xf1, 0xf,
    0xff, 0xff, 0x10, 0xff, 0xff, 0xf1, 0xf, 0xff,
    0xff, 0x10, 0xff, 0xff, 0xf1, 0x0, 0x0, 0x0,
    0x0, 0x0, 0x0, 0x0, 0x0, 0x0, 0x0, 0x0,
    0x0, 0x0, 0x0, 0x0, 0x0, 0x0, 0x0, 0x0,
    0x0, 0x0, 0x0, 0x0, 0x0, 0x0, 0x0, 0x0,
    0x0, 0x0, 0x0, 0x0, 0x0, 0x0, 0x0, 0x0,
    0x0, 0x0, 0x0, 0x0, 0x0, 0x0, 0x0, 0x1,
    0x11, 0x11, 0x0, 0xff, 0xff, 0xf1, 0xf, 0xff,
    0xff, 0x10, 0xff, 0xff, 0xf1, 0xf, 0xff, 0xff,
    0x10, 0xff, 0xff, 0xf0, 0x0, 0x7f, 0xf8, 0x0,
    0xd, 0xff, 0x10, 0x3, 0xff, 0x90, 0x0, 0x9f,
    0xf1, 0x0, 0xe, 0xf9, 0x0, 0x1, 0x88, 0x10,
    0x0,

    /* U+0041 "A" */
    0x0, 0x0, 0x0, 0xff, 0xff, 0xff, 0xf4, 0x0,
    0x0, 0x0, 0x0, 0x0, 0x3f, 0xff, 0xff, 0xff,
    0x70, 0x0, 0x0, 0x0, 0x0, 0x5, 0xff, 0xff,
    0xff, 0xf9, 0x0, 0x0, 0x0, 0x0, 0x0, 0x8f,
    0xff, 0xff, 0xff, 0xc0, 0x0, 0x0, 0x0, 0x0,
    0xa, 0xff, 0xff, 0xff, 0xfe, 0x0, 0x0, 0x0,
    0x0, 0x0, 0xdf, 0xff, 0xff, 0xff, 0xf1, 0x0,
    0x0, 0x0, 0x0, 0xf, 0xff, 0xfc, 0xff, 0xff,
    0x30, 0x0, 0x0, 0x0, 0x2, 0xff, 0xff, 0x7f,
    0xff, 0xf6, 0x0, 0x0, 0x0, 0x0, 0x5f, 0xff,
    0xf3, 0xff, 0xff, 0x90, 0x0, 0x0, 0x0, 0x7,
    0xff, 0xfe, 0x1f, 0xff, 0xfb, 0x0, 0x0, 0x0,
    0x0, 0xaf, 0xff, 0xc0, 0xef, 0xff, 0xe0, 0x0,
    0x0, 0x0, 0xc, 0xff, 0xf9, 0xc, 0xff, 0xff,
    0x0, 0x0, 0x0, 0x0, 0xff, 0xff, 0x70, 0xaf,
    0xff, 0xf3, 0x0, 0x0, 0x0, 0x2f, 0xff, 0xf5,
    0x8, 0xff, 0xff, 0x50, 0x0, 0x0, 0x4, 0xff,
    0xff, 0x30, 0x5f, 0xff, 0xf8, 0x0, 0x0, 0x0,
    0x7f, 0xff, 0xf1, 0x3, 0xff, 0xff, 0xb0, 0x0,
    0x0, 0x9, 0xff, 0xff, 0x0, 0x1f, 0xff, 0xfd,
    0x0, 0x0, 0x0, 0xcf, 0xff, 0xc0, 0x0, 0xff,
    0xff, 0xf0, 0x0, 0x0, 0xe, 0xff, 0xfa, 0x0,
    0xd, 0xff, 0xff, 0x20, 0x0, 0x1, 0xff, 0xff,
    0x80, 0x0, 0xaf, 0xff, 0xf5, 0x0, 0x0, 0x4f,
    0xff, 0xf6, 0x0, 0x8, 0xff, 0xff, 0x70, 0x0,
    0x6, 0xff, 0xff, 0x40, 0x0, 0x6f, 0xff, 0xfa,
    0x0, 0x0, 0x9f, 0xff, 0xf2, 0x0, 0x4, 0xff,
    0xff, 0xd0, 0x0, 0xb, 0xff, 0xff, 0xff, 0xff,
    0xff, 0xff, 0xff, 0x0, 0x0, 0xef, 0xff, 0xff,
    0xff, 0xff, 0xff, 0xff, 0xf2, 0x0, 0xf, 0xff,
    0xff, 0xff, 0xff, 0xff, 0xff, 0xff, 0x40, 0x3,
    0xff, 0xff, 0xff, 0xff, 0xff, 0xff, 0xff, 0xf7,
    0x0, 0x6f, 0xff, 0xfb, 0x88, 0x88, 0x8c, 0xff,
    0xff, 0x90, 0x8, 0xff, 0xff, 0x40, 0x0, 0x0,
    0x6f, 0xff, 0xfc, 0x0, 0xbf, 0xff, 0xf2, 0x0,
    0x0, 0x4, 0xff, 0xff, 0xf0, 0xd, 0xff, 0xff,
    0x0, 0x0, 0x0, 0x2f, 0xff, 0xff, 0x10, 0xff,
    0xff, 0xd0, 0x0, 0x0, 0x0, 0xff, 0xff, 0xf4,
    0x2f, 0xff, 0xfb, 0x0, 0x0, 0x0, 0xd, 0xff,
    0xff, 0x65, 0xff, 0xff, 0x80, 0x0, 0x0, 0x0,
    0xaf, 0xff, 0xf9,

    /* U+0042 "B" */
    0xf, 0xff, 0xff, 0xff, 0xff, 0xeb, 0x71, 0x0,
    0x0, 0xf, 0xff, 0xff, 0xff, 0xff, 0xff, 0xff,
    0x50, 0x0, 0xf, 0xff, 0xff, 0xff, 0xff, 0xff,
    0xff, 0xf4, 0x0, 0xf, 0xff, 0xff, 0xff, 0xff,
    0xff, 0xff, 0xfe, 0x0, 0xf, 0xff, 0xff, 0xdc,
    0xce, 0xff, 0xff, 0xff, 0x40, 0xf, 0xff, 0xff,
    0x40, 0x0, 0x6f, 0xff, 0xff, 0x80, 0xf, 0xff,
    0xff, 0x40, 0x0, 0xc, 0xff, 0xff, 0xa0, 0xf,
    0xff, 0xff, 0x40, 0x0, 0x9, 0xff, 0xff, 0xb0,
    0xf, 0xff, 0xff, 0x40, 0x0, 0x8, 0xff, 0xff,
    0xc0, 0xf, 0xff, 0xff, 0x40, 0x0, 0x8, 0xff,
    0xff, 0xb0, 0xf, 0xff, 0xff, 0x40, 0x0, 0x8,
    0xff, 0xff, 0xa0, 0xf, 0xff, 0xff, 0x40, 0x0,
    0x9, 0xff, 0xff, 0x90, 0xf, 0xff, 0xff, 0x40,
    0x0, 0xd, 0xff, 0xff, 0x50, 0xf, 0xff, 0xff,
    0x40, 0x0, 0x9f, 0xff, 0xff, 0x0, 0xf, 0xff,
    0xff, 0xdc, 0xdf, 0xff, 0xff, 0xf5, 0x0, 0xf,
    0xff, 0xff, 0xff, 0xff, 0xff, 0xff, 0x60, 0x0,
    0xf, 0xff, 0xff, 0xff, 0xff, 0xff, 0xfc, 0x30,
    0x0, 0xf, 0xff, 0xff, 0xff, 0xff, 0xff, 0xff,
    0xf5, 0x0, 0xf, 0xff, 0xff, 0xff, 0xff, 0xff,
    0xff, 0xff, 0x20, 0xf, 0xff, 0xff, 0x40, 0x1,
    0x6f, 0xff, 0xff, 0xa0, 0xf, 0xff, 0xff, 0x40,
    0x0, 0x6, 0xff, 0xff, 0xf0, 0xf, 0xff, 0xff,
    0x40, 0x0, 0x1, 0xff, 0xff, 0xf2, 0xf, 0xff,
    0xff, 0x40, 0x0, 0x0, 0xff, 0xff, 0xf3, 0xf,
    0xff, 0xff, 0x40, 0x0, 0x0, 0xff, 0xff, 0xf4,
    0xf, 0xff, 0xff, 0x40, 0x0, 0x0, 0xff, 0xff,
    0xf4, 0xf, 0xff, 0xff, 0x40, 0x0, 0x0, 0xff,
    0xff, 0xf4, 0xf, 0xff, 0xff, 0x40, 0x0, 0x0,
    0xff, 0xff, 0xf4, 0xf, 0xff, 0xff, 0x40, 0x0,
    0x3, 0xff, 0xff, 0xf2, 0xf, 0xff, 0xff, 0x40,
    0x0, 0x1b, 0xff, 0xff, 0xf0, 0xf, 0xff, 0xff,
    0xdc, 0xcd, 0xff, 0xff, 0xff, 0xb0, 0xf, 0xff,
    0xff, 0xff, 0xff, 0xff, 0xff, 0xff, 0x40, 0xf,
    0xff, 0xff, 0xff, 0xff, 0xff, 0xff, 0xf9, 0x0,
    0xf, 0xff, 0xff, 0xff, 0xff, 0xff, 0xff, 0x80,
    0x0, 0xf, 0xff, 0xff, 0xff, 0xff, 0xec, 0x82,
    0x0, 0x0,

    /* U+0043 "C" */
    0x0, 0x0, 0x39, 0xde, 0xfe, 0xc8, 0x10, 0x0,
    0x0, 0x0, 0x9f, 0xff, 0xff, 0xff, 0xff, 0x70,
    0x0, 0x0, 0xaf, 0xff, 0xff, 0xff, 0xff, 0xff,
    0x70, 0x0, 0x5f, 0xff, 0xff, 0xff, 0xff, 0xff,
    0xff, 0x20, 0xc, 0xff, 0xff, 0xff, 0xdf, 0xff,
    0xff, 0xf9, 0x1, 0xff, 0xff, 0xfa, 0x0, 0x9,
    0xff, 0xff, 0xd0, 0x4f, 0xff, 0xff, 0x10, 0x0,
    0xf, 0xff, 0xff, 0x15, 0xff, 0xff, 0xf0, 0x0,
    0x0, 0xdf, 0xff, 0xf2, 0x5f, 0xff, 0xfe, 0x0,
    0x0, 0xd, 0xff, 0xff, 0x26, 0xff, 0xff, 0xe0,
    0x0, 0x0, 0xdf, 0xff, 0xf3, 0x6f, 0xff, 0xfe,
    0x0, 0x0, 0xd, 0xff, 0xff, 0x36, 0xff, 0xff,
    0xe0, 0x0, 0x0, 0x8a, 0xaa, 0xa1, 0x6f, 0xff,
    0xfe, 0x0, 0x0, 0x0, 0x0, 0x0, 0x6, 0xff,
    0xff, 0xe0, 0x0, 0x0, 0x0, 0x0, 0x0, 0x6f,
    0xff, 0xfe, 0x0, 0x0, 0x0, 0x0, 0x0, 0x6,
    0xff, 0xff, 0xe0, 0x0, 0x0, 0x0, 0x0, 0x0,
    0x6f, 0xff, 0xfe, 0x0, 0x0, 0x0, 0x0, 0x0,
    0x6, 0xff, 0xff, 0xe0, 0x0, 0x0, 0x0, 0x0,
    0x0, 0x6f, 0xff, 0xfe, 0x0, 0x0, 0x0, 0x0,
    0x0, 0x6, 0xff, 0xff, 0xe0, 0x0, 0x0, 0x0,
    0x0, 0x0, 0x6f, 0xff, 0xfe, 0x0, 0x0, 0x0,
    0x0, 0x0, 0x6, 0xff, 0xff, 0xe0, 0x0, 0x0,
    0xad, 0xdd, 0xd2, 0x6f, 0xff, 0xfe, 0x0, 0x0,
    0xd, 0xff, 0xff, 0x36, 0xff, 0xff, 0xe0, 0x0,
    0x0, 0xdf, 0xff, 0xf3, 0x6f, 0xff, 0xfe, 0x0,
    0x0, 0xd, 0xff, 0xff, 0x35, 0xff, 0xff, 0xe0,
    0x0, 0x0, 0xdf, 0xff, 0xf2, 0x5f, 0xff, 0xff,
    0x0, 0x0, 0xd, 0xff, 0xff, 0x24, 0xff, 0xff,
    0xf1, 0x0, 0x0, 0xff, 0xff, 0xf1, 0x1f, 0xff,
    0xff, 0xa0, 0x0, 0x9f, 0xff, 0xfd, 0x0, 0xcf,
    0xff, 0xff, 0xfd, 0xff, 0xff, 0xff, 0x90, 0x5,
    0xff, 0xff, 0xff, 0xff, 0xff, 0xff, 0xf2, 0x0,
    0xa, 0xff, 0xff, 0xff, 0xff, 0xff, 0xf7, 0x0,
    0x0, 0x9, 0xff, 0xff, 0xff, 0xff, 0xf7, 0x0,
    0x0, 0x0, 0x3, 0x9d, 0xef, 0xec, 0x81, 0x0,
    0x0,

    /* U+0044 "D" */
    0xf, 0xff, 0xff, 0xff, 0xff, 0xeb, 0x60, 0x0,
    0x0, 0xff, 0xff, 0xff, 0xff, 0xff, 0xff, 0xe3,
    0x0, 0xf, 0xff, 0xff, 0xff, 0xff, 0xff, 0xff,
    0xf3, 0x0, 0xff, 0xff, 0xff, 0xff, 0xff, 0xff,
    0xff, 0xd0, 0xf, 0xff, 0xff, 0xdc, 0xce, 0xff,
    0xff, 0xff, 0x40, 0xff, 0xff, 0xf4, 0x0, 0x4,
    0xff, 0xff, 0xf9, 0xf, 0xff, 0xff, 0x40, 0x0,
    0xa, 0xff, 0xff, 0xc0, 0xff, 0xff, 0xf4, 0x0,
    0x0, 0x7f, 0xff, 0xfd, 0xf, 0xff, 0xff, 0x40,
    0x0, 0x6, 0xff, 0xff, 0xe0, 0xff, 0xff, 0xf4,
    0x0, 0x0, 0x6f, 0xff, 0xfe, 0xf, 0xff, 0xff,
    0x40, 0x0, 0x6, 0xff, 0xff, 0xe0, 0xff, 0xff,
    0xf4, 0x0, 0x0, 0x6f, 0xff, 0xfe, 0xf, 0xff,
    0xff, 0x40, 0x0, 0x6, 0xff, 0xff, 0xe0, 0xff,
    0xff, 0xf4, 0x0, 0x0, 0x6f, 0xff, 0xfe, 0xf,
    0xff, 0xff, 0x40, 0x0, 0x6, 0xff, 0xff, 0xe0,
    0xff, 0xff, 0xf4, 0x0, 0x0, 0x6f, 0xff, 0xfe,
    0xf, 0xff, 0xff, 0x40, 0x0, 0x6, 0xff, 0xff,
    0xe0, 0xff, 0xff, 0xf4, 0x0, 0x0, 0x6f, 0xff,
    0xfe, 0xf, 0xff, 0xff, 0x40, 0x0, 0x6, 0xff,
    0xff, 0xe0, 0xff, 0xff, 0xf4, 0x0, 0x0, 0x6f,
    0xff, 0xfe, 0xf, 0xff, 0xff, 0x40, 0x0, 0x6,
    0xff, 0xff, 0xe0, 0xff, 0xff, 0xf4, 0x0, 0x0,
    0x6f, 0xff, 0xfe, 0xf, 0xff, 0xff, 0x40, 0x0,
    0x6, 0xff, 0xff, 0xe0, 0xff, 0xff, 0xf4, 0x0,
    0x0, 0x6f, 0xff, 0xfe, 0xf, 0xff, 0xff, 0x40,
    0x0, 0x6, 0xff, 0xff, 0xe0, 0xff, 0xff, 0xf4,
    0x0, 0x0, 0x6f, 0xff, 0xfe, 0xf, 0xff, 0xff,
    0x40, 0x0, 0x7, 0xff, 0xff, 0xd0, 0xff, 0xff,
    0xf4, 0x0, 0x0, 0xaf, 0xff, 0xfc, 0xf, 0xff,
    0xff, 0x40, 0x0, 0x4f, 0xff, 0xff, 0x90, 0xff,
    0xff, 0xfd, 0xcc, 0xef, 0xff, 0xff, 0xf4, 0xf,
    0xff, 0xff, 0xff, 0xff, 0xff, 0xff, 0xfd, 0x0,
    0xff, 0xff, 0xff, 0xff, 0xff, 0xff, 0xff, 0x30,
    0xf, 0xff, 0xff, 0xff, 0xff, 0xff, 0xfe, 0x40,
    0x0, 0xff, 0xff, 0xff, 0xff, 0xfe, 0xb6, 0x0,
    0x0,

    /* U+0045 "E" */
    0xf, 0xff, 0xff, 0xff, 0xff, 0xff, 0xff, 0xf6,
    0xf, 0xff, 0xff, 0xff, 0xff, 0xff, 0xff, 0xf6,
    0xf, 0xff, 0xff, 0xff, 0xff, 0xff, 0xff, 0xf6,
    0xf, 0xff, 0xff, 0xff, 0xff, 0xff, 0xff, 0xf6,
    0xf, 0xff, 0xff, 0xdc, 0xcc, 0xcc, 0xcc, 0xc4,
    0xf, 0xff, 0xff, 0x40, 0x0, 0x0, 0x0, 0x0,
    0xf, 0xff, 0xff, 0x40, 0x0, 0x0, 0x0, 0x0,
    0xf, 0xff, 0xff, 0x40, 0x0, 0x0, 0x0, 0x0,
    0xf, 0xff, 0xff, 0x40, 0x0, 0x0, 0x0, 0x0,
    0xf, 0xff, 0xff, 0x40, 0x0, 0x0, 0x0, 0x0,
    0xf, 0xff, 0xff, 0x40, 0x0, 0x0, 0x0, 0x0,
    0xf, 0xff, 0xff, 0x40, 0x0, 0x0, 0x0, 0x0,
    0xf, 0xff, 0xff, 0x40, 0x0, 0x0, 0x0, 0x0,
    0xf, 0xff, 0xff, 0x40, 0x0, 0x0, 0x0, 0x0,
    0xf, 0xff, 0xff, 0xdc, 0xcc, 0xcc, 0xc6, 0x0,
    0xf, 0xff, 0xff, 0xff, 0xff, 0xff, 0xf8, 0x0,
    0xf, 0xff, 0xff, 0xff, 0xff, 0xff, 0xf8, 0x0,
    0xf, 0xff, 0xff, 0xff, 0xff, 0xff, 0xf8, 0x0,
    0xf, 0xff, 0xff, 0xff, 0xff, 0xff, 0xf8, 0x0,
    0xf, 0xff, 0xff, 0x40, 0x0, 0x0, 0x0, 0x0,
    0xf, 0xff, 0xff, 0x40, 0x0, 0x0, 0x0, 0x0,
    0xf, 0xff, 0xff, 0x40, 0x0, 0x0, 0x0, 0x0,
    0xf, 0xff, 0xff, 0x40, 0x0, 0x0, 0x0, 0x0,
    0xf, 0xff, 0xff, 0x40, 0x0, 0x0, 0x0, 0x0,
    0xf, 0xff, 0xff, 0x40, 0x0, 0x0, 0x0, 0x0,
    0xf, 0xff, 0xff, 0x40, 0x0, 0x0, 0x0, 0x0,
    0xf, 0xff, 0xff, 0x40, 0x0, 0x0, 0x0, 0x0,
    0xf, 0xff, 0xff, 0x40, 0x0, 0x0, 0x0, 0x0,
    0xf, 0xff, 0xff, 0x40, 0x0, 0x0, 0x0, 0x0,
    0xf, 0xff, 0xff, 0xdc, 0xcc, 0xcc, 0xcc, 0xc4,
    0xf, 0xff, 0xff, 0xff, 0xff, 0xff, 0xff, 0xf6,
    0xf, 0xff, 0xff, 0xff, 0xff, 0xff, 0xff, 0xf6,
    0xf, 0xff, 0xff, 0xff, 0xff, 0xff, 0xff, 0xf6,
    0xf, 0xff, 0xff, 0xff, 0xff, 0xff, 0xff, 0xf6,

    /* U+0046 "F" */
    0xf, 0xff, 0xff, 0xff, 0xff, 0xff, 0xff, 0xf0,
    0xff, 0xff, 0xff, 0xff, 0xff, 0xff, 0xff, 0xf,
    0xff, 0xff, 0xff, 0xff, 0xff, 0xff, 0xf0, 0xff,
    0xff, 0xff, 0xff, 0xff, 0xff, 0xff, 0xf, 0xff,
    0xff, 0xdc, 0xcc, 0xcc, 0xcc, 0xb0, 0xff, 0xff,
    0xf4, 0x0, 0x0, 0x0, 0x0, 0xf, 0xff, 0xff,
    0x40, 0x0, 0x0, 0x0, 0x0, 0xff, 0xff, 0xf4,
    0x0, 0x0, 0x0, 0x0, 0xf, 0xff, 0xff, 0x40,
    0x0, 0x0, 0x0, 0x0, 0xff, 0xff, 0xf4, 0x0,
    0x0, 0x0, 0x0, 0xf, 0xff, 0xff, 0x40, 0x0,
    0x0, 0x0, 0x0, 0xff, 0xff, 0xf4, 0x0, 0x0,
    0x0, 0x0, 0xf, 0xff, 0xff, 0x40, 0x0, 0x0,
    0x0, 0x0, 0xff, 0xff, 0xf4, 0x0, 0x0, 0x0,
    0x0, 0xf, 0xff, 0xff, 0x40, 0x0, 0x0, 0x0,
    0x0, 0xff, 0xff, 0xff, 0xff, 0xff, 0xff, 0x10,
    0xf, 0xff, 0xff, 0xff, 0xff, 0xff, 0xf1, 0x0,
    0xff, 0xff, 0xff, 0xff, 0xff, 0xff, 0x10, 0xf,
    0xff, 0xff, 0xff, 0xff, 0xff, 0xf1, 0x0, 0xff,
    0xff, 0xfd, 0xcc, 0xcc, 0xcc, 0x0, 0xf, 0xff,
    0xff, 0x40, 0x0, 0x0, 0x0, 0x0, 0xff, 0xff,
    0xf4, 0x0, 0x0, 0x0, 0x0, 0xf, 0xff, 0xff,
    0x40, 0x0, 0x0, 0x0, 0x0, 0xff, 0xff, 0xf4,
    0x0, 0x0, 0x0, 0x0, 0xf, 0xff, 0xff, 0x40,
    0x0, 0x0, 0x0, 0x0, 0xff, 0xff, 0xf4, 0x0,
    0x0, 0x0, 0x0, 0xf, 0xff, 0xff, 0x40, 0x0,
    0x0, 0x0, 0x0, 0xff, 0xff, 0xf4, 0x0, 0x0,
    0x0, 0x0, 0xf, 0xff, 0xff, 0x40, 0x0, 0x0,
    0x0, 0x0, 0xff, 0xff, 0xf4, 0x0, 0x0, 0x0,
    0x0, 0xf, 0xff, 0xff, 0x40, 0x0, 0x0, 0x0,
    0x0, 0xff, 0xff, 0xf4, 0x0, 0x0, 0x0, 0x0,
    0xf, 0xff, 0xff, 0x40, 0x0, 0x0, 0x0, 0x0,
    0xff, 0xff, 0xf4, 0x0, 0x0, 0x0, 0x0,

    /* U+0047 "G" */
    0x0, 0x0, 0x29, 0xde, 0xfe, 0xc8, 0x20, 0x0,
    0x0, 0x0, 0x9f, 0xff, 0xff, 0xff, 0xff, 0x90,
    0x0, 0x0, 0xaf, 0xff, 0xff, 0xff, 0xff, 0xff,
    0xa0, 0x0, 0x5f, 0xff, 0xff, 0xff, 0xff, 0xff,
    0xff, 0x40, 0xc, 0xff, 0xff, 0xff, 0xde, 0xff,
    0xff, 0xfc, 0x1, 0xff, 0xff, 0xfb, 0x0, 0x7,
    0xff, 0xff, 0xf0, 0x4f, 0xff, 0xff, 0x10, 0x0,
    0xd, 0xff, 0xff, 0x35, 0xff, 0xff, 0xe0, 0x0,
    0x0, 0xbf, 0xff, 0xf4, 0x6f, 0xff, 0xfd, 0x0,
    0x0, 0xa, 0xff, 0xff, 0x56, 0xff, 0xff, 0xd0,
    0x0, 0x0, 0xaf, 0xff, 0xf5, 0x6f, 0xff, 0xfd,
    0x0, 0x0, 0x7, 0xcc, 0xcc, 0x36, 0xff, 0xff,
    0xd0, 0x0, 0x0, 0x0, 0x0, 0x0, 0x6f, 0xff,
    0xfd, 0x0, 0x0, 0x0, 0x0, 0x0, 0x6, 0xff,
    0xff, 0xd0, 0x0, 0x0, 0x0, 0x0, 0x0, 0x6f,
    0xff, 0xfd, 0x0, 0x3c, 0xcc, 0xcc, 0xcc, 0x46,
    0xff, 0xff, 0xd0, 0x4, 0xff, 0xff, 0xff, 0xf5,
    0x6f, 0xff, 0xfd, 0x0, 0x4f, 0xff, 0xff, 0xff,
    0x56, 0xff, 0xff, 0xd0, 0x4, 0xff, 0xff, 0xff,
    0xf5, 0x6f, 0xff, 0xfd, 0x0, 0x4f, 0xff, 0xff,
    0xff, 0x56, 0xff, 0xff, 0xd0, 0x0, 0x0, 0xaf,
    0xff, 0xf5, 0x6f, 0xff, 0xfd, 0x0, 0x0, 0xa,
    0xff, 0xff, 0x56, 0xff, 0xff, 0xd0, 0x0, 0x0,
    0xaf, 0xff, 0xf5, 0x6f, 0xff, 0xfd, 0x0, 0x0,
    0xa, 0xff, 0xff, 0x56, 0xff, 0xff, 0xd0, 0x0,
    0x0, 0xaf, 0xff, 0xf5, 0x6f, 0xff, 0xfd, 0x0,
    0x0, 0xa, 0xff, 0xff, 0x56, 0xff, 0xff, 0xd0,
    0x0, 0x0, 0xaf, 0xff, 0xf5, 0x5f, 0xff, 0xfe,
    0x0, 0x0, 0xb, 0xff, 0xff, 0x44, 0xff, 0xff,
    0xf1, 0x0, 0x0, 0xef, 0xff, 0xf2, 0x1f, 0xff,
    0xff, 0xb0, 0x0, 0x9f, 0xff, 0xff, 0x0, 0xcf,
    0xff, 0xff, 0xfd, 0xff, 0xff, 0xff, 0xa0, 0x5,
    0xff, 0xff, 0xff, 0xff, 0xff, 0xff, 0xf3, 0x0,
    0xa, 0xff, 0xff, 0xff, 0xff, 0xff, 0xf8, 0x0,
    0x0, 0x9, 0xff, 0xff, 0xff, 0xff, 0xf7, 0x0,
    0x0, 0x0, 0x3, 0x9d, 0xef, 0xec, 0x82, 0x0,
    0x0,

    /* U+0048 "H" */
    0xf, 0xff, 0xff, 0x40, 0x0, 0x1, 0xff, 0xff,
    0xf3, 0xf, 0xff, 0xff, 0x40, 0x0, 0x1, 0xff,
    0xff, 0xf3, 0xf, 0xff, 0xff, 0x40, 0x0, 0x1,
    0xff, 0xff, 0xf3, 0xf, 0xff, 0xff, 0x40, 0x0,
    0x1, 0xff, 0xff, 0xf3, 0xf, 0xff, 0xff, 0x40,
    0x0, 0x1, 0xff, 0xff, 0xf3, 0xf, 0xff, 0xff,
    0x40, 0x0, 0x1, 0xff, 0xff, 0xf3, 0xf, 0xff,
    0xff, 0x40, 0x0, 0x1, 0xff, 0xff, 0xf3, 0xf,
    0xff, 0xff, 0x40, 0x0, 0x1, 0xff, 0xff, 0xf3,
    0xf, 0xff, 0xff, 0x40, 0x0, 0x1, 0xff, 0xff,
    0xf3, 0xf, 0xff, 0xff, 0x40, 0x0, 0x1, 0xff,
    0xff, 0xf3, 0xf, 0xff, 0xff, 0x40, 0x0, 0x1,
    0xff, 0xff, 0xf3, 0xf, 0xff, 0xff, 0x40, 0x0,
    0x1, 0xff, 0xff, 0xf3, 0xf, 0xff, 0xff, 0x40,
    0x0, 0x1, 0xff, 0xff, 0xf3, 0xf, 0xff, 0xff,
    0x40, 0x0, 0x1, 0xff, 0xff, 0xf3, 0xf, 0xff,
    0xff, 0xdc, 0xcc, 0xcd, 0xff, 0xff, 0xf3, 0xf,
    0xff, 0xff, 0xff, 0xff, 0xff, 0xff, 0xff, 0xf3,
    0xf, 0xff, 0xff, 0xff, 0xff, 0xff, 0xff, 0xff,
    0xf3, 0xf, 0xff, 0xff, 0xff, 0xff, 0xff, 0xff,
    0xff, 0xf3, 0xf, 0xff, 0xff, 0xff, 0xff, 0xff,
    0xff, 0xff, 0xf3, 0xf, 0xff, 0xff, 0x40, 0x0,
    0x1, 0xff, 0xff, 0xf3, 0xf, 0xff, 0xff, 0x40,
    0x0, 0x1, 0xff, 0xff, 0xf3, 0xf, 0xff, 0xff,
    0x40, 0x0, 0x1, 0xff, 0xff, 0xf3, 0xf, 0xff,
    0xff, 0x40, 0x0, 0x1, 0xff, 0xff, 0xf3, 0xf,
    0xff, 0xff, 0x40, 0x0, 0x1, 0xff, 0xff, 0xf3,
    0xf, 0xff, 0xff, 0x40, 0x0, 0x1, 0xff, 0xff,
    0xf3, 0xf, 0xff, 0xff, 0x40, 0x0, 0x1, 0xff,
    0xff, 0xf3, 0xf, 0xff, 0xff, 0x40, 0x0, 0x1,
    0xff, 0xff, 0xf3, 0xf, 0xff, 0xff, 0x40, 0x0,
    0x1, 0xff, 0xff, 0xf3, 0xf, 0xff, 0xff, 0x40,
    0x0, 0x1, 0xff, 0xff, 0xf3, 0xf, 0xff, 0xff,
    0x40, 0x0, 0x1, 0xff, 0xff, 0xf3, 0xf, 0xff,
    0xff, 0x40, 0x0, 0x1, 0xff, 0xff, 0xf3, 0xf,
    0xff, 0xff, 0x40, 0x0, 0x1, 0xff, 0xff, 0xf3,
    0xf, 0xff, 0xff, 0x40, 0x0, 0x1, 0xff, 0xff,
    0xf3, 0xf, 0xff, 0xff, 0x40, 0x0, 0x1, 0xff,
    0xff, 0xf3,

    /* U+0049 "I" */
    0xf, 0xff, 0xff, 0x40, 0xff, 0xff, 0xf4, 0xf,
    0xff, 0xff, 0x40, 0xff, 0xff, 0xf4, 0xf, 0xff,
    0xff, 0x40, 0xff, 0xff, 0xf4, 0xf, 0xff, 0xff,
    0x40, 0xff, 0xff, 0xf4, 0xf, 0xff, 0xff, 0x40,
    0xff, 0xff, 0xf4, 0xf, 0xff, 0xff, 0x40, 0xff,
    0xff, 0xf4, 0xf, 0xff, 0xff, 0x40, 0xff, 0xff,
    0xf4, 0xf, 0xff, 0xff, 0x40, 0xff, 0xff, 0xf4,
    0xf, 0xff, 0xff, 0x40, 0xff, 0xff, 0xf4, 0xf,
    0xff, 0xff, 0x40, 0xff, 0xff, 0xf4, 0xf, 0xff,
    0xff, 0x40, 0xff, 0xff, 0xf4, 0xf, 0xff, 0xff,
    0x40, 0xff, 0xff, 0xf4, 0xf, 0xff, 0xff, 0x40,
    0xff, 0xff, 0xf4, 0xf, 0xff, 0xff, 0x40, 0xff,
    0xff, 0xf4, 0xf, 0xff, 0xff, 0x40, 0xff, 0xff,
    0xf4, 0xf, 0xff, 0xff, 0x40, 0xff, 0xff, 0xf4,
    0xf, 0xff, 0xff, 0x40, 0xff, 0xff, 0xf4,

    /* U+004A "J" */
    0x0, 0x0, 0x6, 0xff, 0xff, 0xe0, 0x0, 0x0,
    0x6f, 0xff, 0xfe, 0x0, 0x0, 0x6, 0xff, 0xff,
    0xe0, 0x0, 0x0, 0x6f, 0xff, 0xfe, 0x0, 0x0,
    0x6, 0xff, 0xff, 0xe0, 0x0, 0x0, 0x6f, 0xff,
    0xfe, 0x0, 0x0, 0x6, 0xff, 0xff, 0xe0, 0x0,
    0x0, 0x6f, 0xff, 0xfe, 0x0, 0x0, 0x6, 0xff,
    0xff, 0xe0, 0x0, 0x0, 0x6f, 0xff, 0xfe, 0x0,
    0x0, 0x6, 0xff, 0xff, 0xe0, 0x0, 0x0, 0x6f,
    0xff, 0xfe, 0x0, 0x0, 0x6, 0xff, 0xff, 0xe0,
    0x0, 0x0, 0x6f, 0xff, 0xfe, 0x0, 0x0, 0x6,
    0xff, 0xff, 0xe0, 0x0, 0x0, 0x6f, 0xff, 0xfe,
    0x0, 0x0, 0x6, 0xff, 0xff, 0xe0, 0x0, 0x0,
    0x6f, 0xff, 0xfe, 0x0, 0x0, 0x6, 0xff, 0xff,
    0xe0, 0x0, 0x0, 0x6f, 0xff, 0xfe, 0x0, 0x0,
    0x6, 0xff, 0xff, 0xe0, 0x0, 0x0, 0x6f, 0xff,
    0xfe, 0x0, 0x0, 0x6, 0xff, 0xff, 0xe0, 0x0,
    0x0, 0x6f, 0xff, 0xfe, 0x0, 0x0, 0x6, 0xff,
    0xff, 0xe0, 0x0, 0x0, 0x6f, 0xff, 0xfe, 0x0,
    0x0, 0x7, 0xff, 0xff, 0xd0, 0x0, 0x0, 0xaf,
    0xff, 0xfc, 0x0, 0x0, 0x6f, 0xff, 0xff, 0x93,
    0xec, 0xef, 0xff, 0xff, 0xf5, 0x3f, 0xff, 0xff,
    0xff, 0xfe, 0x3, 0xff, 0xff, 0xff, 0xff, 0x50,
    0x3f, 0xff, 0xff, 0xff, 0x60, 0x3, 0xef, 0xfe,
    0xc8, 0x10, 0x0,

    /* U+004B "K" */
    0xf, 0xff, 0xff, 0x40, 0x0, 0x0, 0x4f, 0xff,
    0xfe, 0x0, 0xff, 0xff, 0xf4, 0x0, 0x0, 0xb,
    0xff, 0xff, 0x70, 0xf, 0xff, 0xff, 0x40, 0x0,
    0x3, 0xff, 0xff, 0xe0, 0x0, 0xff, 0xff, 0xf4,
    0x0, 0x0, 0xaf, 0xff, 0xf7, 0x0, 0xf, 0xff,
    0xff, 0x40, 0x0, 0x2f, 0xff, 0xfe, 0x0, 0x0,
    0xff, 0xff, 0xf4, 0x0, 0x9, 0xff, 0xff, 0x70,
    0x0, 0xf, 0xff, 0xff, 0x40, 0x1, 0xff, 0xff,
    0xe0, 0x0, 0x0, 0xff, 0xff, 0xf4, 0x0, 0x8f,
    0xff, 0xf7, 0x0, 0x0, 0xf, 0xff, 0xff, 0x40,
    0x1f, 0xff, 0xfe, 0x0, 0x0, 0x0, 0xff, 0xff,
    0xf4, 0x7, 0xff, 0xff, 0x70, 0x0, 0x0, 0xf,
    0xff, 0xff, 0x40, 0xef, 0xff, 0xe0, 0x0, 0x0,
    0x0, 0xff, 0xff, 0xf4, 0x6f, 0xff, 0xf7, 0x0,
    0x0, 0x0, 0xf, 0xff, 0xff, 0x4e, 0xff, 0xff,
    0x0, 0x0, 0x0, 0x0, 0xff, 0xff, 0xf9, 0xff,
    0xff, 0xf4, 0x0, 0x0, 0x0, 0xf, 0xff, 0xff,
    0xff, 0xff, 0xff, 0x80, 0x0, 0x0, 0x0, 0xff,
    0xff, 0xff, 0xff, 0xff, 0xfd, 0x0, 0x0, 0x0,
    0xf, 0xff, 0xff, 0xff, 0xff, 0xff, 0xf2, 0x0,
    0x0, 0x0, 0xff, 0xff, 0xff, 0xff, 0xff, 0xff,
    0x70, 0x0, 0x0, 0xf, 0xff, 0xff, 0xff, 0xff,
    0xff, 0xfb, 0x0, 0x0, 0x0, 0xff, 0xff, 0xff,
    0xf8, 0xff, 0xff, 0xf0, 0x0, 0x0, 0xf, 0xff,
    0xff, 0xf8, 0x2f, 0xff, 0xff, 0x50, 0x0, 0x0,
    0xff, 0xff, 0xff, 0x10, 0xdf, 0xff, 0xfa, 0x0,
    0x0, 0xf, 0xff, 0xff, 0x90, 0x9, 0xff, 0xff,
    0xe0, 0x0, 0x0, 0xff, 0xff, 0xf4, 0x0, 0x4f,
    0xff, 0xff, 0x30, 0x0, 0xf, 0xff, 0xff, 0x40,
    0x0, 0xff, 0xff, 0xf8, 0x0, 0x0, 0xff, 0xff,
    0xf4, 0x0, 0xa, 0xff, 0xff, 0xd0, 0x0, 0xf,
    0xff, 0xff, 0x40, 0x0, 0x6f, 0xff, 0xff, 0x10,
    0x0, 0xff, 0xff, 0xf4, 0x0, 0x1, 0xff, 0xff,
    0xf6, 0x0, 0xf, 0xff, 0xff, 0x40, 0x0, 0xc,
    0xff, 0xff, 0xb0, 0x0, 0xff, 0xff, 0xf4, 0x0,
    0x0, 0x8f, 0xff, 0xff, 0x0, 0xf, 0xff, 0xff,
    0x40, 0x0, 0x3, 0xff, 0xff, 0xf4, 0x0, 0xff,
    0xff, 0xf4, 0x0, 0x0, 0xe, 0xff, 0xff, 0x90,
    0xf, 0xff, 0xff, 0x40, 0x0, 0x0, 0x9f, 0xff,
    0xfe, 0x0, 0xff, 0xff, 0xf4, 0x0, 0x0, 0x5,
    0xff, 0xff, 0xf3,

    /* U+004C "L" */
    0xf, 0xff, 0xff, 0x40, 0x0, 0x0, 0x0, 0x0,
    0xff, 0xff, 0xf4, 0x0, 0x0, 0x0, 0x0, 0xf,
    0xff, 0xff, 0x40, 0x0, 0x0, 0x0, 0x0, 0xff,
    0xff, 0xf4, 0x0, 0x0, 0x0, 0x0, 0xf, 0xff,
    0xff, 0x40, 0x0, 0x0, 0x0, 0x0, 0xff, 0xff,
    0xf4, 0x0, 0x0, 0x0, 0x0, 0xf, 0xff, 0xff,
    0x40, 0x0, 0x0, 0x0, 0x0, 0xff, 0xff, 0xf4,
    0x0, 0x0, 0x0, 0x0, 0xf, 0xff, 0xff, 0x40,
    0x0, 0x0, 0x0, 0x0, 0xff, 0xff, 0xf4, 0x0,
    0x0, 0x0, 0x0, 0xf, 0xff, 0xff, 0x40, 0x0,
    0x0, 0x0, 0x0, 0xff, 0xff, 0xf4, 0x0, 0x0,
    0x0, 0x0, 0xf, 0xff, 0xff, 0x40, 0x0, 0x0,
    0x0, 0x0, 0xff, 0xff, 0xf4, 0x0, 0x0, 0x0,
    0x0, 0xf, 0xff, 0xff, 0x40, 0x0, 0x0, 0x0,
    0x0, 0xff, 0xff, 0xf4, 0x0, 0x0, 0x0, 0x0,
    0xf, 0xff, 0xff, 0x40, 0x0, 0x0, 0x0, 0x0,
    0xff, 0xff, 0xf4, 0x0, 0x0, 0x0, 0x0, 0xf,
    0xff, 0xff, 0x40, 0x0, 0x0, 0x0, 0x0, 0xff,
    0xff, 0xf4, 0x0, 0x0, 0x0, 0x0, 0xf, 0xff,
    0xff, 0x40, 0x0, 0x0, 0x0, 0x0, 0xff, 0xff,
    0xf4, 0x0, 0x0, 0x0, 0x0, 0xf, 0xff, 0xff,
    0x40, 0x0, 0x0, 0x0, 0x0, 0xff, 0xff, 0xf4,
    0x0, 0x0, 0x0, 0x0, 0xf, 0xff, 0xff, 0x40,
    0x0, 0x0, 0x0, 0x0, 0xff, 0xff, 0xf4, 0x0,
    0x0, 0x0, 0x0, 0xf, 0xff, 0xff, 0x40, 0x0,
    0x0, 0x0, 0x0, 0xff, 0xff, 0xf4, 0x0, 0x0,
    0x0, 0x0, 0xf, 0xff, 0xff, 0x40, 0x0, 0x0,
    0x0, 0x0, 0xff, 0xff, 0xfd, 0xcc, 0xcc, 0xcc,
    0xcb, 0xf, 0xff, 0xff, 0xff, 0xff, 0xff, 0xff,
    0xf0, 0xff, 0xff, 0xff, 0xff, 0xff, 0xff, 0xff,
    0xf, 0xff, 0xff, 0xff, 0xff, 0xff, 0xff, 0xf0,
    0xff, 0xff, 0xff, 0xff, 0xff, 0xff, 0xff,

    /* U+004D "M" */
    0xf, 0xff, 0xff, 0xff, 0x90, 0x0, 0x0, 0xc,
    0xff, 0xff, 0xff, 0xd0, 0xff, 0xff, 0xff, 0xfb,
    0x0, 0x0, 0x0, 0xef, 0xff, 0xff, 0xfd, 0xf,
    0xff, 0xff, 0xff, 0xd0, 0x0, 0x0, 0xf, 0xff,
    0xff, 0xff, 0xd0, 0xff, 0xff, 0xff, 0xff, 0x0,
    0x0, 0x2, 0xff, 0xff, 0xff, 0xfd, 0xf, 0xff,
    0xff, 0xff, 0xf1, 0x0, 0x0, 0x4f, 0xff, 0xff,
    0xff, 0xd0, 0xff, 0xff, 0xff, 0xff, 0x40, 0x0,
    0x7, 0xff, 0xff, 0xff, 0xfd, 0xf, 0xff, 0xff,
    0xff, 0xf6, 0x0, 0x0, 0x9f, 0xff, 0xff, 0xff,
    0xd0, 0xff, 0xff, 0xff, 0xff, 0x80, 0x0, 0xb,
    0xff, 0xff, 0xff, 0xfd, 0xf, 0xff, 0xfe, 0xff,
    0xfa, 0x0, 0x0, 0xdf, 0xfe, 0xff, 0xff, 0xd0,
    0xff, 0xff, 0xbf, 0xff, 0xc0, 0x0, 0xf, 0xff,
    0xbf, 0xff, 0xfd, 0xf, 0xff, 0xf9, 0xff, 0xff,
    0x0, 0x2, 0xff, 0xf9, 0xff, 0xff, 0xd0, 0xff,
    0xff, 0x9d, 0xff, 0xf1, 0x0, 0x4f, 0xff, 0x6f,
    0xff, 0xfd, 0xf, 0xff, 0xf9, 0xbf, 0xff, 0x30,
    0x6, 0xff, 0xf4, 0xff, 0xff, 0xd0, 0xff, 0xff,
    0x98, 0xff, 0xf5, 0x0, 0x8f, 0xff, 0x2f, 0xff,
    0xfd, 0xf, 0xff, 0xf9, 0x6f, 0xff, 0x80, 0xb,
    0xff, 0xd2, 0xff, 0xff, 0xd0, 0xff, 0xff, 0x93,
    0xff, 0xfa, 0x0, 0xdf, 0xfa, 0x2f, 0xff, 0xfd,
    0xf, 0xff, 0xf9, 0x1f, 0xff, 0xc0, 0xf, 0xff,
    0x82, 0xff, 0xff, 0xd0, 0xff, 0xff, 0x90, 0xff,
    0xfe, 0x1, 0xff, 0xf6, 0x2f, 0xff, 0xfd, 0xf,
    0xff, 0xf9, 0xc, 0xff, 0xf0, 0x3f, 0xff, 0x32,
    0xff, 0xff, 0xd0, 0xff, 0xff, 0x90, 0xaf, 0xff,
    0x36, 0xff, 0xf1, 0x2f, 0xff, 0xfd, 0xf, 0xff,
    0xf9, 0x8, 0xff, 0xf5, 0x8f, 0xfe, 0x2, 0xff,
    0xff, 0xd0, 0xff, 0xff, 0x90, 0x5f, 0xff, 0x7a,
    0xff, 0xc0, 0x2f, 0xff, 0xfd, 0xf, 0xff, 0xf9,
    0x3, 0xff, 0xf9, 0xcf, 0xfa, 0x2, 0xff, 0xff,
    0xd0, 0xff, 0xff, 0x90, 0xf, 0xff, 0xbe, 0xff,
    0x70, 0x2f, 0xff, 0xfd, 0xf, 0xff, 0xf9, 0x0,
    0xef, 0xff, 0xff, 0xf5, 0x2, 0xff, 0xff, 0xd0,
    0xff, 0xff, 0x90, 0xc, 0xff, 0xff, 0xff, 0x30,
    0x2f, 0xff, 0xfd, 0xf, 0xff, 0xf9, 0x0, 0x9f,
    0xff, 0xff, 0xf0, 0x2, 0xff, 0xff, 0xd0, 0xff,
    0xff, 0x90, 0x7, 0xff, 0xff, 0xfe, 0x0, 0x2f,
    0xff, 0xfd, 0xf, 0xff, 0xf9, 0x0, 0x4f, 0xff,
    0xff, 0xb0, 0x2, 0xff, 0xff, 0xd0, 0xff, 0xff,
    0x90, 0x2, 0xff, 0xff, 0xf9, 0x0, 0x2f, 0xff,
    0xfd, 0xf, 0xff, 0xf9, 0x0, 0xf, 0xff, 0xff,
    0x70, 0x2, 0xff, 0xff, 0xd0, 0xff, 0xff, 0x90,
    0x0, 0xdf, 0xff, 0xf4, 0x0, 0x2f, 0xff, 0xfd,
    0xf, 0xff, 0xf9, 0x0, 0xb, 0xff, 0xff, 0x20,
    0x2, 0xff, 0xff, 0xd0, 0xff, 0xff, 0x90, 0x0,
    0x8f, 0xff, 0xf0, 0x0, 0x2f, 0xff, 0xfd,

    /* U+004E "N" */
    0xf, 0xff, 0xff, 0xfb, 0x0, 0x0, 0x2f, 0xff,
    0xf8, 0xf, 0xff, 0xff, 0xff, 0x0, 0x0, 0x2f,
    0xff, 0xf8, 0xf, 0xff, 0xff, 0xff, 0x30, 0x0,
    0x2f, 0xff, 0xf8, 0xf, 0xff, 0xff, 0xff, 0x70,
    0x0, 0x2f, 0xff, 0xf8, 0xf, 0xff, 0xff, 0xff,
    0xb0, 0x0, 0x2f, 0xff, 0xf8, 0xf, 0xff, 0xff,
    0xff, 0xf0, 0x0, 0x2f, 0xff, 0xf8, 0xf, 0xff,
    0xff, 0xff, 0xf3, 0x0, 0x2f, 0xff, 0xf8, 0xf,
    0xff, 0xff, 0xff, 0xf7, 0x0, 0x2f, 0xff, 0xf8,
    0xf, 0xff, 0xff, 0xff, 0xfb, 0x0, 0x2f, 0xff,
    0xf8, 0xf, 0xff, 0xfd, 0xff, 0xff, 0x0, 0x2f,
    0xff, 0xf8, 0xf, 0xff, 0xfa, 0xef, 0xff, 0x30,
    0x2f, 0xff, 0xf8, 0xf, 0xff, 0xfa, 0xaf, 0xff,
    0x70, 0x2f, 0xff, 0xf8, 0xf, 0xff, 0xfa, 0x6f,
    0xff, 0xc0, 0x2f, 0xff, 0xf8, 0xf, 0xff, 0xfa,
    0x2f, 0xff, 0xf0, 0x2f, 0xff, 0xf8, 0xf, 0xff,
    0xfa, 0xe, 0xff, 0xf4, 0x2f, 0xff, 0xf8, 0xf,
    0xff, 0xfa, 0x9, 0xff, 0xf8, 0x2f, 0xff, 0xf8,
    0xf, 0xff, 0xfa, 0x5, 0xff, 0xfc, 0x2f, 0xff,
    0xf8, 0xf, 0xff, 0xfa, 0x1, 0xff, 0xff, 0x3f,
    0xff, 0xf8, 0xf, 0xff, 0xfa, 0x0, 0xdf, 0xff,
    0x7f, 0xff, 0xf8, 0xf, 0xff, 0xfa, 0x0, 0x9f,
    0xff, 0xbf, 0xff, 0xf8, 0xf, 0xff, 0xfa, 0x0,
    0x5f, 0xff, 0xff, 0xff, 0xf8, 0xf, 0xff, 0xfa,
    0x0, 0x1f, 0xff, 0xff, 0xff, 0xf8, 0xf, 0xff,
    0xfa, 0x0, 0xd, 0xff, 0xff, 0xff, 0xf8, 0xf,
    0xff, 0xfa, 0x0, 0x9, 0xff, 0xff, 0xff, 0xf8,
    0xf, 0xff, 0xfa, 0x0, 0x5, 0xff, 0xff, 0xff,
    0xf8, 0xf, 0xff, 0xfa, 0x0, 0x1, 0xff, 0xff,
    0xff, 0xf8, 0xf, 0xff, 0xfa, 0x0, 0x0, 0xcf,
    0xff, 0xff, 0xf8, 0xf, 0xff, 0xfa, 0x0, 0x0,
    0x8f, 0xff, 0xff, 0xf8, 0xf, 0xff, 0xfa, 0x0,
    0x0, 0x4f, 0xff, 0xff, 0xf8, 0xf, 0xff, 0xfa,
    0x0, 0x0, 0xf, 0xff, 0xff, 0xf8, 0xf, 0xff,
    0xfa, 0x0, 0x0, 0xc, 0xff, 0xff, 0xf8, 0xf,
    0xff, 0xfa, 0x0, 0x0, 0x8, 0xff, 0xff, 0xf8,
    0xf, 0xff, 0xfa, 0x0, 0x0, 0x4, 0xff, 0xff,
    0xf8, 0xf, 0xff, 0xfa, 0x0, 0x0, 0x0, 0xff,
    0xff, 0xf8,

    /* U+004F "O" */
    0x0, 0x0, 0x28, 0xce, 0xfe, 0xd9, 0x30, 0x0,
    0x0, 0x0, 0x8f, 0xff, 0xff, 0xff, 0xff, 0xa0,
    0x0, 0x0, 0x9f, 0xff, 0xff, 0xff, 0xff, 0xff,
    0xc0, 0x0, 0x4f, 0xff, 0xff, 0xff, 0xff, 0xff,
    0xff, 0x70, 0xc, 0xff, 0xff, 0xff, 0xde, 0xff,
    0xff, 0xfe, 0x1, 0xff, 0xff, 0xfb, 0x0, 0x8,
    0xff, 0xff, 0xf4, 0x4f, 0xff, 0xff, 0x10, 0x0,
    0xe, 0xff, 0xff, 0x75, 0xff, 0xff, 0xe0, 0x0,
    0x0, 0xbf, 0xff, 0xf8, 0x6f, 0xff, 0xfd, 0x0,
    0x0, 0xa, 0xff, 0xff, 0x96, 0xff, 0xff, 0xd0,
    0x0, 0x0, 0xaf, 0xff, 0xf9, 0x6f, 0xff, 0xfd,
    0x0, 0x0, 0xa, 0xff, 0xff, 0x96, 0xff, 0xff,
    0xd0, 0x0, 0x0, 0xaf, 0xff, 0xf9, 0x6f, 0xff,
    0xfd, 0x0, 0x0, 0xa, 0xff, 0xff, 0x96, 0xff,
    0xff, 0xd0, 0x0, 0x0, 0xaf, 0xff, 0xf9, 0x6f,
    0xff, 0xfd, 0x0, 0x0, 0xa, 0xff, 0xff, 0x96,
    0xff, 0xff, 0xd0, 0x0, 0x0, 0xaf, 0xff, 0xf9,
    0x6f, 0xff, 0xfd, 0x0, 0x0, 0xa, 0xff, 0xff,
    0x96, 0xff, 0xff, 0xd0, 0x0, 0x0, 0xaf, 0xff,
    0xf9, 0x6f, 0xff, 0xfd, 0x0, 0x0, 0xa, 0xff,
    0xff, 0x96, 0xff, 0xff, 0xd0, 0x0, 0x0, 0xaf,
    0xff, 0xf9, 0x6f, 0xff, 0xfd, 0x0, 0x0, 0xa,
    0xff, 0xff, 0x96, 0xff, 0xff, 0xd0, 0x0, 0x0,
    0xaf, 0xff, 0xf9, 0x6f, 0xff, 0xfd, 0x0, 0x0,
    0xa, 0xff, 0xff, 0x96, 0xff, 0xff, 0xd0, 0x0,
    0x0, 0xaf, 0xff, 0xf9, 0x6f, 0xff, 0xfd, 0x0,
    0x0, 0xa, 0xff, 0xff, 0x96, 0xff, 0xff, 0xd0,
    0x0, 0x0, 0xaf, 0xff, 0xf9, 0x5f, 0xff, 0xfe,
    0x0, 0x0, 0xb, 0xff, 0xff, 0x84, 0xff, 0xff,
    0xf1, 0x0, 0x0, 0xef, 0xff, 0xf7, 0x1f, 0xff,
    0xff, 0xb0, 0x0, 0x8f, 0xff, 0xff, 0x40, 0xcf,
    0xff, 0xff, 0xfd, 0xff, 0xff, 0xff, 0xe0, 0x4,
    0xff, 0xff, 0xff, 0xff, 0xff, 0xff, 0xf7, 0x0,
    0x9, 0xff, 0xff, 0xff, 0xff, 0xff, 0xfc, 0x0,
    0x0, 0x8, 0xff, 0xff, 0xff, 0xff, 0xfa, 0x0,
    0x0, 0x0, 0x2, 0x8c, 0xef, 0xed, 0x93, 0x0,
    0x0,

    /* U+0050 "P" */
    0xf, 0xff, 0xff, 0xff, 0xff, 0xda, 0x40, 0x0,
    0x0, 0xff, 0xff, 0xff, 0xff, 0xff, 0xff, 0xc1,
    0x0, 0xf, 0xff, 0xff, 0xff, 0xff, 0xff, 0xff,
    0xd0, 0x0, 0xff, 0xff, 0xff, 0xff, 0xff, 0xff,
    0xff, 0x90, 0xf, 0xff, 0xff, 0xdc, 0xce, 0xff,
    0xff, 0xff, 0x0, 0xff, 0xff, 0xf4, 0x0, 0x6,
    0xff, 0xff, 0xf4, 0xf, 0xff, 0xff, 0x40, 0x0,
    0xd, 0xff, 0xff, 0x70, 0xff, 0xff, 0xf4, 0x0,
    0x0, 0xaf, 0xff, 0xf8, 0xf, 0xff, 0xff, 0x40,
    0x0, 0xa, 0xff, 0xff, 0x90, 0xff, 0xff, 0xf4,
    0x0, 0x0, 0xaf, 0xff, 0xf9, 0xf, 0xff, 0xff,
    0x40, 0x0, 0xa, 0xff, 0xff, 0x90, 0xff, 0xff,
    0xf4, 0x0, 0x0, 0xaf, 0xff, 0xf9, 0xf, 0xff,
    0xff, 0x40, 0x0, 0xa, 0xff, 0xff, 0x80, 0xff,
    0xff, 0xf4, 0x0, 0x0, 0xdf, 0xff, 0xf7, 0xf,
    0xff, 0xff, 0x40, 0x0, 0x6f, 0xff, 0xff, 0x40,
    0xff, 0xff, 0xfd, 0xcc, 0xef, 0xff, 0xff, 0xf0,
    0xf, 0xff, 0xff, 0xff, 0xff, 0xff, 0xff, 0xf9,
    0x0, 0xff, 0xff, 0xff, 0xff, 0xff, 0xff, 0xfd,
    0x0, 0xf, 0xff, 0xff, 0xff, 0xff, 0xff, 0xfc,
    0x10, 0x0, 0xff, 0xff, 0xff, 0xff, 0xfd, 0xa5,
    0x0, 0x0, 0xf, 0xff, 0xff, 0x40, 0x0, 0x0,
    0x0, 0x0, 0x0, 0xff, 0xff, 0xf4, 0x0, 0x0,
    0x0, 0x0, 0x0, 0xf, 0xff, 0xff, 0x40, 0x0,
    0x0, 0x0, 0x0, 0x0, 0xff, 0xff, 0xf4, 0x0,
    0x0, 0x0, 0x0, 0x0, 0xf, 0xff, 0xff, 0x40,
    0x0, 0x0, 0x0, 0x0, 0x0, 0xff, 0xff, 0xf4,
    0x0, 0x0, 0x0, 0x0, 0x0, 0xf, 0xff, 0xff,
    0x40, 0x0, 0x0, 0x0, 0x0, 0x0, 0xff, 0xff,
    0xf4, 0x0, 0x0, 0x0, 0x0, 0x0, 0xf, 0xff,
    0xff, 0x40, 0x0, 0x0, 0x0, 0x0, 0x0, 0xff,
    0xff, 0xf4, 0x0, 0x0, 0x0, 0x0, 0x0, 0xf,
    0xff, 0xff, 0x40, 0x0, 0x0, 0x0, 0x0, 0x0,
    0xff, 0xff, 0xf4, 0x0, 0x0, 0x0, 0x0, 0x0,
    0xf, 0xff, 0xff, 0x40, 0x0, 0x0, 0x0, 0x0,
    0x0, 0xff, 0xff, 0xf4, 0x0, 0x0, 0x0, 0x0,
    0x0,

    /* U+0051 "Q" */
    0x0, 0x0, 0x28, 0xce, 0xfe, 0xd9, 0x30, 0x0,
    0x0, 0x0, 0x8, 0xff, 0xff, 0xff, 0xff, 0xfa,
    0x0, 0x0, 0x0, 0x9f, 0xff, 0xff, 0xff, 0xff,
    0xff, 0xc0, 0x0, 0x4, 0xff, 0xff, 0xff, 0xff,
    0xff, 0xff, 0xf7, 0x0, 0xc, 0xff, 0xff, 0xff,
    0xde, 0xff, 0xff, 0xfe, 0x0, 0x1f, 0xff, 0xff,
    0xb0, 0x0, 0x8f, 0xff, 0xff, 0x40, 0x4f, 0xff,
    0xff, 0x10, 0x0, 0xe, 0xff, 0xff, 0x70, 0x5f,
    0xff, 0xfe, 0x0, 0x0, 0xb, 0xff, 0xff, 0x80,
    0x6f, 0xff, 0xfd, 0x0, 0x0, 0xa, 0xff, 0xff,
    0x90, 0x6f, 0xff, 0xfd, 0x0, 0x0, 0xa, 0xff,
    0xff, 0x90, 0x6f, 0xff, 0xfd, 0x0, 0x0, 0xa,
    0xff, 0xff, 0x90, 0x6f, 0xff, 0xfd, 0x0, 0x0,
    0xa, 0xff, 0xff, 0x90, 0x6f, 0xff, 0xfd, 0x0,
    0x0, 0xa, 0xff, 0xff, 0x90, 0x6f, 0xff, 0xfd,
    0x0, 0x0, 0xa, 0xff, 0xff, 0x90, 0x6f, 0xff,
    0xfd, 0x0, 0x0, 0xa, 0xff, 0xff, 0x90, 0x6f,
    0xff, 0xfd, 0x0, 0x0, 0xa, 0xff, 0xff, 0x90,
    0x6f, 0xff, 0xfd, 0x0, 0x0, 0xa, 0xff, 0xff,
    0x90, 0x6f, 0xff, 0xfd, 0x0, 0x0, 0xa, 0xff,
    0xff, 0x90, 0x6f, 0xff, 0xfd, 0x0, 0x0, 0xa,
    0xff, 0xff, 0x90, 0x6f, 0xff, 0xfd, 0x0, 0x0,
    0xa, 0xff, 0xff, 0x90, 0x6f, 0xff, 0xfd, 0x0,
    0x0, 0xa, 0xff, 0xff, 0x90, 0x6f, 0xff, 0xfd,
    0x0, 0x0, 0xa, 0xff, 0xff, 0x90, 0x6f, 0xff,
    0xfd, 0x0, 0x0, 0xa, 0xff, 0xff, 0x90, 0x6f,
    0xff, 0xfd, 0x0, 0x0, 0xa, 0xff, 0xff, 0x90,
    0x6f, 0xff, 0xfd, 0x0, 0x0, 0xa, 0xff, 0xff,
    0x90, 0x6f, 0xff, 0xfd, 0x0, 0x0, 0xa, 0xff,
    0xff, 0x90, 0x5f, 0xff, 0xfe, 0x0, 0x0, 0xb,
    0xff, 0xff, 0x80, 0x4f, 0xff, 0xff, 0x10, 0x0,
    0xe, 0xff, 0xff, 0x70, 0x1f, 0xff, 0xff, 0xb0,
    0x0, 0x8f, 0xff, 0xff, 0x40, 0xc, 0xff, 0xff,
    0xff, 0xdf, 0xff, 0xff, 0xff, 0x0, 0x4, 0xff,
    0xff, 0xff, 0xff, 0xff, 0xff, 0xf8, 0x0, 0x0,
    0x9f, 0xff, 0xff, 0xff, 0xff, 0xff, 0xf7, 0x0,
    0x0, 0x8, 0xff, 0xff, 0xff, 0xff, 0xff, 0xff,
    0xfe, 0x0, 0x0, 0x28, 0xce, 0xff, 0xd9, 0xef,
    0xff, 0xfe, 0x0, 0x0, 0x0, 0x0, 0x0, 0x0,
    0x7f, 0xff, 0xfe, 0x0, 0x0, 0x0, 0x0, 0x0,
    0x0, 0xc, 0xff, 0xfe, 0x0, 0x0, 0x0, 0x0,
    0x0, 0x0, 0x0, 0x6a, 0xcb,

    /* U+0052 "R" */
    0xf, 0xff, 0xff, 0xff, 0xff, 0xeb, 0x60, 0x0,
    0x0, 0xf, 0xff, 0xff, 0xff, 0xff, 0xff, 0xfe,
    0x30, 0x0, 0xf, 0xff, 0xff, 0xff, 0xff, 0xff,
    0xff, 0xf2, 0x0, 0xf, 0xff, 0xff, 0xff, 0xff,
    0xff, 0xff, 0xfb, 0x0, 0xf, 0xff, 0xff, 0xdc,
    0xce, 0xff, 0xff, 0xff, 0x20, 0xf, 0xff, 0xff,
    0x40, 0x0, 0x8f, 0xff, 0xff, 0x50, 0xf, 0xff,
    0xff, 0x40, 0x0, 0xe, 0xff, 0xff, 0x80, 0xf,
    0xff, 0xff, 0x40, 0x0, 0xb, 0xff, 0xff, 0x90,
    0xf, 0xff, 0xff, 0x40, 0x0, 0xa, 0xff, 0xff,
    0x90, 0xf, 0xff, 0xff, 0x40, 0x0, 0xa, 0xff,
    0xff, 0x90, 0xf, 0xff, 0xff, 0x40, 0x0, 0xa,
    0xff, 0xff, 0x90, 0xf, 0xff, 0xff, 0x40, 0x0,
    0xa, 0xff, 0xff, 0x70, 0xf, 0xff, 0xff, 0x40,
    0x0, 0xc, 0xff, 0xff, 0x60, 0xf, 0xff, 0xff,
    0x40, 0x0, 0x1f, 0xff, 0xff, 0x10, 0xf, 0xff,
    0xff, 0x40, 0x4, 0xdf, 0xff, 0xfb, 0x0, 0xf,
    0xff, 0xff, 0xff, 0xff, 0xff, 0xff, 0xf2, 0x0,
    0xf, 0xff, 0xff, 0xff, 0xff, 0xff, 0xfc, 0x20,
    0x0, 0xf, 0xff, 0xff, 0xff, 0xff, 0xff, 0xfc,
    0x30, 0x0, 0xf, 0xff, 0xff, 0xff, 0xff, 0xff,
    0xff, 0xf4, 0x0, 0xf, 0xff, 0xff, 0xdc, 0xdf,
    0xff, 0xff, 0xfd, 0x0, 0xf, 0xff, 0xff, 0x40,
    0x0, 0x9f, 0xff, 0xff, 0x30, 0xf, 0xff, 0xff,
    0x40, 0x0, 0xe, 0xff, 0xff, 0x70, 0xf, 0xff,
    0xff, 0x40, 0x0, 0xb, 0xff, 0xff, 0x90, 0xf,
    0xff, 0xff, 0x40, 0x0, 0xa, 0xff, 0xff, 0xa0,
    0xf, 0xff, 0xff, 0x40, 0x0, 0x9, 0xff, 0xff,
    0xa0, 0xf, 0xff, 0xff, 0x40, 0x0, 0x9, 0xff,
    0xff, 0xa0, 0xf, 0xff, 0xff, 0x40, 0x0, 0x9,
    0xff, 0xff, 0xa0, 0xf, 0xff, 0xff, 0x40, 0x0,
    0x9, 0xff, 0xff, 0xa0, 0xf, 0xff, 0xff, 0x40,
    0x0, 0x9, 0xff, 0xff, 0xa0, 0xf, 0xff, 0xff,
    0x40, 0x0, 0x9, 0xff, 0xff, 0xa0, 0xf, 0xff,
    0xff, 0x40, 0x0, 0x9, 0xff, 0xff, 0xa0, 0xf,
    0xff, 0xff, 0x40, 0x0, 0x9, 0xff, 0xff, 0xb0,
    0xf, 0xff, 0xff, 0x40, 0x0, 0x7, 0xff, 0xff,
    0xc0, 0xf, 0xff, 0xff, 0x40, 0x0, 0x4, 0xff,
    0xff, 0xf1,

    /* U+0053 "S" */
    0x0, 0x0, 0x6a, 0xef, 0xfe, 0xa5, 0x0, 0x0,
    0x0, 0x2d, 0xff, 0xff, 0xff, 0xff, 0xd2, 0x0,
    0x2, 0xff, 0xff, 0xff, 0xff, 0xff, 0xfe, 0x10,
    0xc, 0xff, 0xff, 0xff, 0xff, 0xff, 0xff, 0xa0,
    0x3f, 0xff, 0xff, 0xfe, 0xdf, 0xff, 0xff, 0xf1,
    0x8f, 0xff, 0xff, 0x40, 0x3, 0xef, 0xff, 0xf5,
    0xbf, 0xff, 0xfa, 0x0, 0x0, 0x8f, 0xff, 0xf9,
    0xcf, 0xff, 0xf7, 0x0, 0x0, 0x5f, 0xff, 0xfa,
    0xdf, 0xff, 0xf8, 0x0, 0x0, 0x4f, 0xff, 0xfb,
    0xcf, 0xff, 0xfa, 0x0, 0x0, 0x3b, 0xbb, 0xb8,
    0x9f, 0xff, 0xff, 0x10, 0x0, 0x0, 0x0, 0x0,
    0x5f, 0xff, 0xff, 0x90, 0x0, 0x0, 0x0, 0x0,
    0xe, 0xff, 0xff, 0xf5, 0x0, 0x0, 0x0, 0x0,
    0x6, 0xff, 0xff, 0xff, 0x50, 0x0, 0x0, 0x0,
    0x0, 0xcf, 0xff, 0xff, 0xf6, 0x0, 0x0, 0x0,
    0x0, 0x1e, 0xff, 0xff, 0xff, 0x70, 0x0, 0x0,
    0x0, 0x2, 0xef, 0xff, 0xff, 0xf8, 0x0, 0x0,
    0x0, 0x0, 0x2e, 0xff, 0xff, 0xff, 0x80, 0x0,
    0x0, 0x0, 0x1, 0xdf, 0xff, 0xff, 0xf6, 0x0,
    0x0, 0x0, 0x0, 0x1c, 0xff, 0xff, 0xff, 0x20,
    0x0, 0x0, 0x0, 0x0, 0xcf, 0xff, 0xff, 0xa0,
    0x0, 0x0, 0x0, 0x0, 0x1e, 0xff, 0xff, 0xf1,
    0x0, 0x0, 0x0, 0x0, 0x5, 0xff, 0xff, 0xf6,
    0x33, 0x33, 0x30, 0x0, 0x0, 0xef, 0xff, 0xf9,
    0xff, 0xff, 0xf0, 0x0, 0x0, 0xaf, 0xff, 0xfb,
    0xef, 0xff, 0xf0, 0x0, 0x0, 0x8f, 0xff, 0xfc,
    0xef, 0xff, 0xf1, 0x0, 0x0, 0x8f, 0xff, 0xfb,
    0xcf, 0xff, 0xf4, 0x0, 0x0, 0xbf, 0xff, 0xfa,
    0x9f, 0xff, 0xfd, 0x10, 0x5, 0xff, 0xff, 0xf7,
    0x5f, 0xff, 0xff, 0xfd, 0xef, 0xff, 0xff, 0xf2,
    0xd, 0xff, 0xff, 0xff, 0xff, 0xff, 0xff, 0xa0,
    0x3, 0xff, 0xff, 0xff, 0xff, 0xff, 0xfe, 0x10,
    0x0, 0x4e, 0xff, 0xff, 0xff, 0xff, 0xd2, 0x0,
    0x0, 0x0, 0x7b, 0xef, 0xfd, 0xa5, 0x0, 0x0,

    /* U+0054 "T" */
    0x6f, 0xff, 0xff, 0xff, 0xff, 0xff, 0xff, 0xff,
    0xe6, 0xff, 0xff, 0xff, 0xff, 0xff, 0xff, 0xff,
    0xfe, 0x6f, 0xff, 0xff, 0xff, 0xff, 0xff, 0xff,
    0xff, 0xe6, 0xff, 0xff, 0xff, 0xff, 0xff, 0xff,
    0xff, 0xfe, 0x5c, 0xcc, 0xcc, 0xff, 0xff, 0xfd,
    0xcc, 0xcc, 0xb0, 0x0, 0x0, 0xe, 0xff, 0xff,
    0x60, 0x0, 0x0, 0x0, 0x0, 0x0, 0xef, 0xff,
    0xf6, 0x0, 0x0, 0x0, 0x0, 0x0, 0xe, 0xff,
    0xff, 0x60, 0x0, 0x0, 0x0, 0x0, 0x0, 0xef,
    0xff, 0xf6, 0x0, 0x0, 0x0, 0x0, 0x0, 0xe,
    0xff, 0xff, 0x60, 0x0, 0x0, 0x0, 0x0, 0x0,
    0xef, 0xff, 0xf6, 0x0, 0x0, 0x0, 0x0, 0x0,
    0xe, 0xff, 0xff, 0x60, 0x0, 0x0, 0x0, 0x0,
    0x0, 0xef, 0xff, 0xf6, 0x0, 0x0, 0x0, 0x0,
    0x0, 0xe, 0xff, 0xff, 0x60, 0x0, 0x0, 0x0,
    0x0, 0x0, 0xef, 0xff, 0xf6, 0x0, 0x0, 0x0,
    0x0, 0x0, 0xe, 0xff, 0xff, 0x60, 0x0, 0x0,
    0x0, 0x0, 0x0, 0xef, 0xff, 0xf6, 0x0, 0x0,
    0x0, 0x0, 0x0, 0xe, 0xff, 0xff, 0x60, 0x0,
    0x0, 0x0, 0x0, 0x0, 0xef, 0xff, 0xf6, 0x0,
    0x0, 0x0, 0x0, 0x0, 0xe, 0xff, 0xff, 0x60,
    0x0, 0x0, 0x0, 0x0, 0x0, 0xef, 0xff, 0xf6,
    0x0, 0x0, 0x0, 0x0, 0x0, 0xe, 0xff, 0xff,
    0x60, 0x0, 0x0, 0x0, 0x0, 0x0, 0xef, 0xff,
    0xf6, 0x0, 0x0, 0x0, 0x0, 0x0, 0xe, 0xff,
    0xff, 0x60, 0x0, 0x0, 0x0, 0x0, 0x0, 0xef,
    0xff, 0xf6, 0x0, 0x0, 0x0, 0x0, 0x0, 0xe,
    0xff, 0xff, 0x60, 0x0, 0x0, 0x0, 0x0, 0x0,
    0xef, 0xff, 0xf6, 0x0, 0x0, 0x0, 0x0, 0x0,
    0xe, 0xff, 0xff, 0x60, 0x0, 0x0, 0x0, 0x0,
    0x0, 0xef, 0xff, 0xf6, 0x0, 0x0, 0x0, 0x0,
    0x0, 0xe, 0xff, 0xff, 0x60, 0x0, 0x0, 0x0,
    0x0, 0x0, 0xef, 0xff, 0xf6, 0x0, 0x0, 0x0,
    0x0, 0x0, 0xe, 0xff, 0xff, 0x60, 0x0, 0x0,
    0x0, 0x0, 0x0, 0xef, 0xff, 0xf6, 0x0, 0x0,
    0x0, 0x0, 0x0, 0xe, 0xff, 0xff, 0x60, 0x0,
    0x0,

    /* U+0055 "U" */
    0x3f, 0xff, 0xff, 0x10, 0x0, 0x9, 0xff, 0xff,
    0x83, 0xff, 0xff, 0xf1, 0x0, 0x0, 0x9f, 0xff,
    0xf8, 0x3f, 0xff, 0xff, 0x10, 0x0, 0x9, 0xff,
    0xff, 0x83, 0xff, 0xff, 0xf1, 0x0, 0x0, 0x9f,
    0xff, 0xf8, 0x3f, 0xff, 0xff, 0x10, 0x0, 0x9,
    0xff, 0xff, 0x83, 0xff, 0xff, 0xf1, 0x0, 0x0,
    0x9f, 0xff, 0xf8, 0x3f, 0xff, 0xff, 0x10, 0x0,
    0x9, 0xff, 0xff, 0x83, 0xff, 0xff, 0xf1, 0x0,
    0x0, 0x9f, 0xff, 0xf8, 0x3f, 0xff, 0xff, 0x10,
    0x0, 0x9, 0xff, 0xff, 0x83, 0xff, 0xff, 0xf1,
    0x0, 0x0, 0x9f, 0xff, 0xf8, 0x3f, 0xff, 0xff,
    0x10, 0x0, 0x9, 0xff, 0xff, 0x83, 0xff, 0xff,
    0xf1, 0x0, 0x0, 0x9f, 0xff, 0xf8, 0x3f, 0xff,
    0xff, 0x10, 0x0, 0x9, 0xff, 0xff, 0x83, 0xff,
    0xff, 0xf1, 0x0, 0x0, 0x9f, 0xff, 0xf8, 0x3f,
    0xff, 0xff, 0x10, 0x0, 0x9, 0xff, 0xff, 0x83,
    0xff, 0xff, 0xf1, 0x0, 0x0, 0x9f, 0xff, 0xf8,
    0x3f, 0xff, 0xff, 0x10, 0x0, 0x9, 0xff, 0xff,
    0x83, 0xff, 0xff, 0xf1, 0x0, 0x0, 0x9f, 0xff,
    0xf8, 0x3f, 0xff, 0xff, 0x10, 0x0, 0x9, 0xff,
    0xff, 0x83, 0xff, 0xff, 0xf1, 0x0, 0x0, 0x9f,
    0xff, 0xf8, 0x3f, 0xff, 0xff, 0x10, 0x0, 0x9,
    0xff, 0xff, 0x83, 0xff, 0xff, 0xf1, 0x0, 0x0,
    0x9f, 0xff, 0xf8, 0x3f, 0xff, 0xff, 0x10, 0x0,
    0x9, 0xff, 0xff, 0x83, 0xff, 0xff, 0xf1, 0x0,
    0x0, 0x9f, 0xff, 0xf8, 0x3f, 0xff, 0xff, 0x10,
    0x0, 0x9, 0xff, 0xff, 0x83, 0xff, 0xff, 0xf1,
    0x0, 0x0, 0x9f, 0xff, 0xf8, 0x2f, 0xff, 0xff,
    0x20, 0x0, 0xa, 0xff, 0xff, 0x71, 0xff, 0xff,
    0xf4, 0x0, 0x0, 0xcf, 0xff, 0xf5, 0xd, 0xff,
    0xff, 0xd1, 0x0, 0x7f, 0xff, 0xff, 0x20, 0x9f,
    0xff, 0xff, 0xfd, 0xef, 0xff, 0xff, 0xd0, 0x2,
    0xff, 0xff, 0xff, 0xff, 0xff, 0xff, 0xf6, 0x0,
    0x6, 0xff, 0xff, 0xff, 0xff, 0xff, 0xfb, 0x0,
    0x0, 0x6, 0xff, 0xff, 0xff, 0xff, 0xfa, 0x0,
    0x0, 0x0, 0x1, 0x8c, 0xef, 0xfd, 0x93, 0x0,
    0x0,

    /* U+0056 "V" */
    0x5f, 0xff, 0xff, 0x0, 0x0, 0x0, 0x2f, 0xff,
    0xfb, 0x3f, 0xff, 0xff, 0x10, 0x0, 0x0, 0x4f,
    0xff, 0xf8, 0xf, 0xff, 0xff, 0x30, 0x0, 0x0,
    0x6f, 0xff, 0xf6, 0xe, 0xff, 0xff, 0x50, 0x0,
    0x0, 0x8f, 0xff, 0xf3, 0xc, 0xff, 0xff, 0x70,
    0x0, 0x0, 0xaf, 0xff, 0xf1, 0x9, 0xff, 0xff,
    0xa0, 0x0, 0x0, 0xdf, 0xff, 0xf0, 0x7, 0xff,
    0xff, 0xc0, 0x0, 0x0, 0xff, 0xff, 0xc0, 0x4,
    0xff, 0xff, 0xe0, 0x0, 0x1, 0xff, 0xff, 0xa0,
    0x2, 0xff, 0xff, 0xf0, 0x0, 0x3, 0xff, 0xff,
    0x70, 0x0, 0xff, 0xff, 0xf2, 0x0, 0x5, 0xff,
    0xff, 0x50, 0x0, 0xdf, 0xff, 0xf4, 0x0, 0x7,
    0xff, 0xff, 0x30, 0x0, 0xbf, 0xff, 0xf6, 0x0,
    0x9, 0xff, 0xff, 0x0, 0x0, 0x8f, 0xff, 0xf8,
    0x0, 0xb, 0xff, 0xfe, 0x0, 0x0, 0x6f, 0xff,
    0xfa, 0x0, 0xd, 0xff, 0xfb, 0x0, 0x0, 0x4f,
    0xff, 0xfc, 0x0, 0xf, 0xff, 0xf9, 0x0, 0x0,
    0x1f, 0xff, 0xfe, 0x0, 0x2f, 0xff, 0xf7, 0x0,
    0x0, 0xf, 0xff, 0xff, 0x10, 0x4f, 0xff, 0xf4,
    0x0, 0x0, 0xc, 0xff, 0xff, 0x30, 0x6f, 0xff,
    0xf2, 0x0, 0x0, 0xa, 0xff, 0xff, 0x50, 0x8f,
    0xff, 0xf0, 0x0, 0x0, 0x8, 0xff, 0xff, 0x70,
    0xaf, 0xff, 0xd0, 0x0, 0x0, 0x5, 0xff, 0xff,
    0x90, 0xcf, 0xff, 0xb0, 0x0, 0x0, 0x3, 0xff,
    0xff, 0xb0, 0xef, 0xff, 0x80, 0x0, 0x0, 0x0,
    0xff, 0xff, 0xd0, 0xff, 0xff, 0x60, 0x0, 0x0,
    0x0, 0xef, 0xff, 0xf2, 0xff, 0xff, 0x30, 0x0,
    0x0, 0x0, 0xcf, 0xff, 0xf6, 0xff, 0xff, 0x10,
    0x0, 0x0, 0x0, 0x9f, 0xff, 0xfa, 0xff, 0xff,
    0x0, 0x0, 0x0, 0x0, 0x7f, 0xff, 0xff, 0xff,
    0xfc, 0x0, 0x0, 0x0, 0x0, 0x5f, 0xff, 0xff,
    0xff, 0xfa, 0x0, 0x0, 0x0, 0x0, 0x2f, 0xff,
    0xff, 0xff, 0xf7, 0x0, 0x0, 0x0, 0x0, 0xf,
    0xff, 0xff, 0xff, 0xf5, 0x0, 0x0, 0x0, 0x0,
    0xd, 0xff, 0xff, 0xff, 0xf3, 0x0, 0x0, 0x0,
    0x0, 0xb, 0xff, 0xff, 0xff, 0xf0, 0x0, 0x0,
    0x0, 0x0, 0x9, 0xff, 0xff, 0xff, 0xe0, 0x0,
    0x0, 0x0, 0x0, 0x6, 0xff, 0xff, 0xff, 0xb0,
    0x0, 0x0,

    /* U+0057 "W" */
    0x3f, 0xff, 0xfd, 0x0, 0x0, 0x4f, 0xff, 0xff,
    0x80, 0x0, 0x9, 0xff, 0xff, 0x2, 0xff, 0xff,
    0xf0, 0x0, 0x6, 0xff, 0xff, 0xfa, 0x0, 0x0,
    0xaf, 0xff, 0xd0, 0xf, 0xff, 0xff, 0x0, 0x0,
    0x7f, 0xff, 0xff, 0xc0, 0x0, 0xc, 0xff, 0xfc,
    0x0, 0xef, 0xff, 0xf1, 0x0, 0x9, 0xff, 0xff,
    0xfd, 0x0, 0x0, 0xdf, 0xff, 0xa0, 0xd, 0xff,
    0xff, 0x30, 0x0, 0xaf, 0xff, 0xff, 0xf0, 0x0,
    0xf, 0xff, 0xf9, 0x0, 0xbf, 0xff, 0xf4, 0x0,
    0xc, 0xff, 0xff, 0xff, 0x0, 0x0, 0xff, 0xff,
    0x70, 0xa, 0xff, 0xff, 0x60, 0x0, 0xdf, 0xff,
    0xff, 0xf2, 0x0, 0x2f, 0xff, 0xf5, 0x0, 0x8f,
    0xff, 0xf7, 0x0, 0xf, 0xff, 0xff, 0xff, 0x30,
    0x3, 0xff, 0xff, 0x40, 0x6, 0xff, 0xff, 0x90,
    0x1, 0xff, 0xff, 0xff, 0xf5, 0x0, 0x4f, 0xff,
    0xf2, 0x0, 0x5f, 0xff, 0xfa, 0x0, 0x2f, 0xff,
    0xff, 0xff, 0x60, 0x6, 0xff, 0xff, 0x10, 0x3,
    0xff, 0xff, 0xc0, 0x4, 0xff, 0xff, 0xff, 0xf8,
    0x0, 0x7f, 0xff, 0xf0, 0x0, 0x2f, 0xff, 0xfd,
    0x0, 0x5f, 0xff, 0xdf, 0xff, 0x90, 0x9, 0xff,
    0xfd, 0x0, 0x0, 0xff, 0xff, 0xe0, 0x7, 0xff,
    0xf9, 0xff, 0xfb, 0x0, 0xaf, 0xff, 0xc0, 0x0,
    0xe, 0xff, 0xff, 0x0, 0x8f, 0xff, 0x6f, 0xff,
    0xc0, 0xc, 0xff, 0xfa, 0x0, 0x0, 0xdf, 0xff,
    0xf1, 0xa, 0xff, 0xf3, 0xff, 0xfe, 0x0, 0xdf,
    0xff, 0x80, 0x0, 0xb, 0xff, 0xff, 0x30, 0xbf,
    0xff, 0x1e, 0xff, 0xf0, 0xf, 0xff, 0xf7, 0x0,
    0x0, 0xaf, 0xff, 0xf4, 0xd, 0xff, 0xf0, 0xcf,
    0xff, 0x10, 0xff, 0xff, 0x50, 0x0, 0x8, 0xff,
    0xff, 0x60, 0xef, 0xfd, 0xb, 0xff, 0xf3, 0x1f,
    0xff, 0xf4, 0x0, 0x0, 0x6f, 0xff, 0xf7, 0xf,
    0xff, 0xc0, 0x9f, 0xff, 0x43, 0xff, 0xff, 0x20,
    0x0, 0x5, 0xff, 0xff, 0x81, 0xff, 0xfa, 0x7,
    0xff, 0xf6, 0x4f, 0xff, 0xf0, 0x0, 0x0, 0x3f,
    0xff, 0xfa, 0x3f, 0xff, 0x80, 0x6f, 0xff, 0x76,
    0xff, 0xff, 0x0, 0x0, 0x2, 0xff, 0xff, 0xb4,
    0xff, 0xf7, 0x4, 0xff, 0xf9, 0x7f, 0xff, 0xd0,
    0x0, 0x0, 0xf, 0xff, 0xfd, 0x6f, 0xff, 0x50,
    0x2f, 0xff, 0xa9, 0xff, 0xfc, 0x0, 0x0, 0x0,
    0xef, 0xff, 0xe8, 0xff, 0xf3, 0x1, 0xff, 0xfc,
    0xaf, 0xff, 0xa0, 0x0, 0x0, 0xd, 0xff, 0xff,
    0x9f, 0xff, 0x20, 0xf, 0xff, 0xdb, 0xff, 0xf8,
    0x0, 0x0, 0x0, 0xbf, 0xff, 0xfc, 0xff, 0xf0,
    0x0, 0xdf, 0xff, 0xdf, 0xff, 0x70, 0x0, 0x0,
    0xa, 0xff, 0xff, 0xff, 0xfe, 0x0, 0xc, 0xff,
    0xff, 0xff, 0xf5, 0x0, 0x0, 0x0, 0x8f, 0xff,
    0xff, 0xff, 0xd0, 0x0, 0xaf, 0xff, 0xff, 0xff,
    0x40, 0x0, 0x0, 0x6, 0xff, 0xff, 0xff, 0xfb,
    0x0, 0x8, 0xff, 0xff, 0xff, 0xf2, 0x0, 0x0,
    0x0, 0x5f, 0xff, 0xff, 0xff, 0x90, 0x0, 0x7f,
    0xff, 0xff, 0xff, 0x0, 0x0, 0x0, 0x3, 0xff,
    0xff, 0xff, 0xf8, 0x0, 0x5, 0xff, 0xff, 0xff,
    0xf0, 0x0, 0x0, 0x0, 0x2f, 0xff, 0xff, 0xff,
    0x60, 0x0, 0x3f, 0xff, 0xff, 0xfd, 0x0, 0x0,
    0x0, 0x0, 0xff, 0xff, 0xff, 0xf4, 0x0, 0x2,
    0xff, 0xff, 0xff, 0xc0, 0x0, 0x0, 0x0, 0xe,
    0xff, 0xff, 0xff, 0x30, 0x0, 0xf, 0xff, 0xff,
    0xfa, 0x0, 0x0,

    /* U+0058 "X" */
    0xf, 0xff, 0xff, 0x80, 0x0, 0x0, 0x7, 0xff,
    0xff, 0x70, 0xaf, 0xff, 0xfd, 0x0, 0x0, 0x0,
    0xdf, 0xff, 0xf2, 0x5, 0xff, 0xff, 0xf3, 0x0,
    0x0, 0x2f, 0xff, 0xfc, 0x0, 0xe, 0xff, 0xff,
    0x80, 0x0, 0x7, 0xff, 0xff, 0x70, 0x0, 0x9f,
    0xff, 0xfd, 0x0, 0x0, 0xdf, 0xff, 0xf1, 0x0,
    0x4, 0xff, 0xff, 0xf2, 0x0, 0x2f, 0xff, 0xfb,
    0x0, 0x0, 0xe, 0xff, 0xff, 0x70, 0x7, 0xff,
    0xff, 0x60, 0x0, 0x0, 0x9f, 0xff, 0xfc, 0x0,
    0xcf, 0xff, 0xf1, 0x0, 0x0, 0x3, 0xff, 0xff,
    0xf2, 0x2f, 0xff, 0xfb, 0x0, 0x0, 0x0, 0xd,
    0xff, 0xff, 0x77, 0xff, 0xff, 0x50, 0x0, 0x0,
    0x0, 0x8f, 0xff, 0xfc, 0xcf, 0xff, 0xf0, 0x0,
    0x0, 0x0, 0x2, 0xff, 0xff, 0xff, 0xff, 0xfa,
    0x0, 0x0, 0x0, 0x0, 0xd, 0xff, 0xff, 0xff,
    0xff, 0x40, 0x0, 0x0, 0x0, 0x0, 0x7f, 0xff,
    0xff, 0xff, 0xe0, 0x0, 0x0, 0x0, 0x0, 0x1,
    0xff, 0xff, 0xff, 0xf9, 0x0, 0x0, 0x0, 0x0,
    0x0, 0xc, 0xff, 0xff, 0xff, 0x30, 0x0, 0x0,
    0x0, 0x0, 0x0, 0x7f, 0xff, 0xff, 0xf0, 0x0,
    0x0, 0x0, 0x0, 0x0, 0xb, 0xff, 0xff, 0xff,
    0x20, 0x0, 0x0, 0x0, 0x0, 0x1, 0xff, 0xff,
    0xff, 0xf8, 0x0, 0x0, 0x0, 0x0, 0x0, 0x6f,
    0xff, 0xff, 0xff, 0xd0, 0x0, 0x0, 0x0, 0x0,
    0xb, 0xff, 0xff, 0xff, 0xff, 0x30, 0x0, 0x0,
    0x0, 0x1, 0xff, 0xff, 0xff, 0xff, 0xf9, 0x0,
    0x0, 0x0, 0x0, 0x7f, 0xff, 0xfa, 0xff, 0xff,
    0xe0, 0x0, 0x0, 0x0, 0xc, 0xff, 0xff, 0x1f,
    0xff, 0xff, 0x40, 0x0, 0x0, 0x2, 0xff, 0xff,
    0xa0, 0xbf, 0xff, 0xf9, 0x0, 0x0, 0x0, 0x7f,
    0xff, 0xf5, 0x5, 0xff, 0xff, 0xf0, 0x0, 0x0,
    0xd, 0xff, 0xff, 0x0, 0x1f, 0xff, 0xff, 0x50,
    0x0, 0x3, 0xff, 0xff, 0xa0, 0x0, 0xbf, 0xff,
    0xfa, 0x0, 0x0, 0x8f, 0xff, 0xf5, 0x0, 0x6,
    0xff, 0xff, 0xf0, 0x0, 0xe, 0xff, 0xff, 0x0,
    0x0, 0x1f, 0xff, 0xff, 0x60, 0x3, 0xff, 0xff,
    0xa0, 0x0, 0x0, 0xbf, 0xff, 0xfb, 0x0, 0x9f,
    0xff, 0xf5, 0x0, 0x0, 0x6, 0xff, 0xff, 0xf1,
    0xe, 0xff, 0xff, 0x0, 0x0, 0x0, 0x1f, 0xff,
    0xff, 0x64, 0xff, 0xff, 0xa0, 0x0, 0x0, 0x0,
    0xcf, 0xff, 0xfc,

    /* U+0059 "Y" */
    0x6f, 0xff, 0xff, 0x30, 0x0, 0x0, 0xc, 0xff,
    0xff, 0x51, 0xff, 0xff, 0xf7, 0x0, 0x0, 0x1,
    0xff, 0xff, 0xf0, 0xb, 0xff, 0xff, 0xc0, 0x0,
    0x0, 0x6f, 0xff, 0xfa, 0x0, 0x6f, 0xff, 0xff,
    0x10, 0x0, 0xa, 0xff, 0xff, 0x50, 0x1, 0xff,
    0xff, 0xf5, 0x0, 0x0, 0xef, 0xff, 0xf0, 0x0,
    0xc, 0xff, 0xff, 0xa0, 0x0, 0x3f, 0xff, 0xfa,
    0x0, 0x0, 0x7f, 0xff, 0xfe, 0x0, 0x8, 0xff,
    0xff, 0x50, 0x0, 0x1, 0xff, 0xff, 0xf3, 0x0,
    0xdf, 0xff, 0xf0, 0x0, 0x0, 0xc, 0xff, 0xff,
    0x70, 0x1f, 0xff, 0xfb, 0x0, 0x0, 0x0, 0x7f,
    0xff, 0xfc, 0x6, 0xff, 0xff, 0x60, 0x0, 0x0,
    0x2, 0xff, 0xff, 0xf1, 0xaf, 0xff, 0xf1, 0x0,
    0x0, 0x0, 0xc, 0xff, 0xff, 0x6f, 0xff, 0xfb,
    0x0, 0x0, 0x0, 0x0, 0x7f, 0xff, 0xfe, 0xff,
    0xff, 0x60, 0x0, 0x0, 0x0, 0x2, 0xff, 0xff,
    0xff, 0xff, 0xf1, 0x0, 0x0, 0x0, 0x0, 0xd,
    0xff, 0xff, 0xff, 0xfb, 0x0, 0x0, 0x0, 0x0,
    0x0, 0x8f, 0xff, 0xff, 0xff, 0x60, 0x0, 0x0,
    0x0, 0x0, 0x2, 0xff, 0xff, 0xff, 0xf1, 0x0,
    0x0, 0x0, 0x0, 0x0, 0xd, 0xff, 0xff, 0xfc,
    0x0, 0x0, 0x0, 0x0, 0x0, 0x0, 0x8f, 0xff,
    0xff, 0x60, 0x0, 0x0, 0x0, 0x0, 0x0, 0x3,
    0xff, 0xff, 0xf2, 0x0, 0x0, 0x0, 0x0, 0x0,
    0x0, 0x3f, 0xff, 0xff, 0x10, 0x0, 0x0, 0x0,
    0x0, 0x0, 0x3, 0xff, 0xff, 0xf1, 0x0, 0x0,
    0x0, 0x0, 0x0, 0x0, 0x3f, 0xff, 0xff, 0x10,
    0x0, 0x0, 0x0, 0x0, 0x0, 0x3, 0xff, 0xff,
    0xf1, 0x0, 0x0, 0x0, 0x0, 0x0, 0x0, 0x3f,
    0xff, 0xff, 0x10, 0x0, 0x0, 0x0, 0x0, 0x0,
    0x3, 0xff, 0xff, 0xf1, 0x0, 0x0, 0x0, 0x0,
    0x0, 0x0, 0x3f, 0xff, 0xff, 0x10, 0x0, 0x0,
    0x0, 0x0, 0x0, 0x3, 0xff, 0xff, 0xf1, 0x0,
    0x0, 0x0, 0x0, 0x0, 0x0, 0x3f, 0xff, 0xff,
    0x10, 0x0, 0x0, 0x0, 0x0, 0x0, 0x3, 0xff,
    0xff, 0xf1, 0x0, 0x0, 0x0, 0x0, 0x0, 0x0,
    0x3f, 0xff, 0xff, 0x10, 0x0, 0x0, 0x0, 0x0,
    0x0, 0x3, 0xff, 0xff, 0xf1, 0x0, 0x0, 0x0,
    0x0, 0x0, 0x0, 0x3f, 0xff, 0xff, 0x10, 0x0,
    0x0, 0x0, 0x0, 0x0, 0x3, 0xff, 0xff, 0xf1,
    0x0, 0x0, 0x0,

    /* U+005A "Z" */
    0x9, 0xff, 0xff, 0xff, 0xff, 0xff, 0xff, 0xff,
    0x60, 0x9f, 0xff, 0xff, 0xff, 0xff, 0xff, 0xff,
    0xf6, 0x9, 0xff, 0xff, 0xff, 0xff, 0xff, 0xff,
    0xff, 0x60, 0x9f, 0xff, 0xff, 0xff, 0xff, 0xff,
    0xff, 0xf6, 0x7, 0xcc, 0xcc, 0xcc, 0xcc, 0xdf,
    0xff, 0xff, 0x50, 0x0, 0x0, 0x0, 0x0, 0x9,
    0xff, 0xff, 0xf1, 0x0, 0x0, 0x0, 0x0, 0x0,
    0xff, 0xff, 0xfa, 0x0, 0x0, 0x0, 0x0, 0x0,
    0x6f, 0xff, 0xff, 0x40, 0x0, 0x0, 0x0, 0x0,
    0xc, 0xff, 0xff, 0xd0, 0x0, 0x0, 0x0, 0x0,
    0x2, 0xff, 0xff, 0xf7, 0x0, 0x0, 0x0, 0x0,
    0x0, 0x9f, 0xff, 0xff, 0x10, 0x0, 0x0, 0x0,
    0x0, 0xf, 0xff, 0xff, 0xa0, 0x0, 0x0, 0x0,
    0x0, 0x6, 0xff, 0xff, 0xf4, 0x0, 0x0, 0x0,
    0x0, 0x0, 0xcf, 0xff, 0xfd, 0x0, 0x0, 0x0,
    0x0, 0x0, 0x2f, 0xff, 0xff, 0x70, 0x0, 0x0,
    0x0, 0x0, 0x9, 0xff, 0xff, 0xf1, 0x0, 0x0,
    0x0, 0x0, 0x0, 0xff, 0xff, 0xfa, 0x0, 0x0,
    0x0, 0x0, 0x0, 0x6f, 0xff, 0xff, 0x40, 0x0,
    0x0, 0x0, 0x0, 0xc, 0xff, 0xff, 0xd0, 0x0,
    0x0, 0x0, 0x0, 0x2, 0xff, 0xff, 0xf7, 0x0,
    0x0, 0x0, 0x0, 0x0, 0x9f, 0xff, 0xff, 0x10,
    0x0, 0x0, 0x0, 0x0, 0xe, 0xff, 0xff, 0xa0,
    0x0, 0x0, 0x0, 0x0, 0x6, 0xff, 0xff, 0xf4,
    0x0, 0x0, 0x0, 0x0, 0x0, 0xcf, 0xff, 0xfd,
    0x0, 0x0, 0x0, 0x0, 0x0, 0x2f, 0xff, 0xff,
    0x70, 0x0, 0x0, 0x0, 0x0, 0x9, 0xff, 0xff,
    0xf1, 0x0, 0x0, 0x0, 0x0, 0x0, 0xef, 0xff,
    0xfa, 0x0, 0x0, 0x0, 0x0, 0x0, 0x5f, 0xff,
    0xff, 0x40, 0x0, 0x0, 0x0, 0x0, 0xc, 0xff,
    0xff, 0xd0, 0x0, 0x0, 0x0, 0x0, 0x1, 0xff,
    0xff, 0xfe, 0xcc, 0xcc, 0xcc, 0xcc, 0xc4, 0x1f,
    0xff, 0xff, 0xff, 0xff, 0xff, 0xff, 0xff, 0x61,
    0xff, 0xff, 0xff, 0xff, 0xff, 0xff, 0xff, 0xf6,
    0x1f, 0xff, 0xff, 0xff, 0xff, 0xff, 0xff, 0xff,
    0x61, 0xff, 0xff, 0xff, 0xff, 0xff, 0xff, 0xff,
    0xf6,

    /* U+0061 "a" */
    0x0, 0x0, 0x0, 0xff, 0xff, 0xff, 0xf4, 0x0,
    0x0, 0x0, 0x0, 0x0, 0x3f, 0xff, 0xff, 0xff,
    0x70, 0x0, 0x0, 0x0, 0x0, 0x5, 0xff, 0xff,
    0xff, 0xf9, 0x0, 0x0, 0x0, 0x0, 0x0, 0x8f,
    0xff, 0xff, 0xff, 0xc0, 0x0, 0x0, 0x0, 0x0,
    0xa, 0xff, 0xff, 0xff, 0xfe, 0x0, 0x0, 0x0,
    0x0, 0x0, 0xdf, 0xff, 0xff, 0xff, 0xf1, 0x0,
    0x0, 0x0, 0x0, 0xf, 0xff, 0xfc, 0xff, 0xff,
    0x30, 0x0, 0x0, 0x0, 0x2, 0xff, 0xff, 0x7f,
    0xff, 0xf6, 0x0, 0x0, 0x0, 0x0, 0x5f, 0xff,
    0xf3, 0xff, 0xff, 0x90, 0x0, 0x0, 0x0, 0x7,
    0xff, 0xfe, 0x1f, 0xff, 0xfb, 0x0, 0x0, 0x0,
    0x0, 0xaf, 0xff, 0xc0, 0xef, 0xff, 0xe0, 0x0,
    0x0, 0x0, 0xc, 0xff, 0xf9, 0xc, 0xff, 0xff,
    0x0, 0x0, 0x0, 0x0, 0xff, 0xff, 0x70, 0xaf,
    0xff, 0xf3, 0x0, 0x0, 0x0, 0x2f, 0xff, 0xf5,
    0x8, 0xff, 0xff, 0x50, 0x0, 0x0, 0x4, 0xff,
    0xff, 0x30, 0x5f, 0xff, 0xf8, 0x0, 0x0, 0x0,
    0x7f, 0xff, 0xf1, 0x3, 0xff, 0xff, 0xb0, 0x0,
    0x0, 0x9, 0xff, 0xff, 0x0, 0x1f, 0xff, 0xfd,
    0x0, 0x0, 0x0, 0xcf, 0xff, 0xc0, 0x0, 0xff,
    0xff, 0xf0, 0x0, 0x0, 0xe, 0xff, 0xfa, 0x0,
    0xd, 0xff, 0xff, 0x20, 0x0, 0x1, 0xff, 0xff,
    0x80, 0x0, 0xaf, 0xff, 0xf5, 0x0, 0x0, 0x4f,
    0xff, 0xf6, 0x0, 0x8, 0xff, 0xff, 0x70, 0x0,
    0x6, 0xff, 0xff, 0x40, 0x0, 0x6f, 0xff, 0xfa,
    0x0, 0x0, 0x9f, 0xff, 0xf2, 0x0, 0x4, 0xff,
    0xff, 0xd0, 0x0, 0xb, 0xff, 0xff, 0xff, 0xff,
    0xff, 0xff, 0xff, 0x0, 0x0, 0xef, 0xff, 0xff,
    0xff, 0xff, 0xff, 0xff, 0xf2, 0x0, 0xf, 0xff,
    0xff, 0xff, 0xff, 0xff, 0xff, 0xff, 0x40, 0x3,
    0xff, 0xff, 0xff, 0xff, 0xff, 0xff, 0xff, 0xf7,
    0x0, 0x6f, 0xff, 0xfb, 0x88, 0x88, 0x8c, 0xff,
    0xff, 0x90, 0x8, 0xff, 0xff, 0x40, 0x0, 0x0,
    0x6f, 0xff, 0xfc, 0x0, 0xbf, 0xff, 0xf2, 0x0,
    0x0, 0x4, 0xff, 0xff, 0xf0, 0xd, 0xff, 0xff,
    0x0, 0x0, 0x0, 0x2f, 0xff, 0xff, 0x10, 0xff,
    0xff, 0xd0, 0x0, 0x0, 0x0, 0xff, 0xff, 0xf4,
    0x2f, 0xff, 0xfb, 0x0, 0x0, 0x0, 0xd, 0xff,
    0xff, 0x65, 0xff, 0xff, 0x80, 0x0, 0x0, 0x0,
    0xaf, 0xff, 0xf9,

    /* U+0062 "b" */
    0xf, 0xff, 0xff, 0xff, 0xff, 0xeb, 0x71, 0x0,
    0x0, 0xf, 0xff, 0xff, 0xff, 0xff, 0xff, 0xff,
    0x50, 0x0, 0xf, 0xff, 0xff, 0xff, 0xff, 0xff,
    0xff, 0xf4, 0x0, 0xf, 0xff, 0xff, 0xff, 0xff,
    0xff, 0xff, 0xfe, 0x0, 0xf, 0xff, 0xff, 0xdc,
    0xce, 0xff, 0xff, 0xff, 0x40, 0xf, 0xff, 0xff,
    0x40, 0x0, 0x6f, 0xff, 0xff, 0x80, 0xf, 0xff,
    0xff, 0x40, 0x0, 0xc, 0xff, 0xff, 0xa0, 0xf,
    0xff, 0xff, 0x40, 0x0, 0x9, 0xff, 0xff, 0xb0,
    0xf, 0xff, 0xff, 0x40, 0x0, 0x8, 0xff, 0xff,
    0xc0, 0xf, 0xff, 0xff, 0x40, 0x0, 0x8, 0xff,
    0xff, 0xb0, 0xf, 0xff, 0xff, 0x40, 0x0, 0x8,
    0xff, 0xff, 0xa0, 0xf, 0xff, 0xff, 0x40, 0x0,
    0x9, 0xff, 0xff, 0x90, 0xf, 0xff, 0xff, 0x40,
    0x0, 0xd, 0xff, 0xff, 0x50, 0xf, 0xff, 0xff,
    0x40, 0x0, 0x9f, 0xff, 0xff, 0x0, 0xf, 0xff,
    0xff, 0xdc, 0xdf, 0xff, 0xff, 0xf5, 0x0, 0xf,
    0xff, 0xff, 0xff, 0xff, 0xff, 0xff, 0x60, 0x0,
    0xf, 0xff, 0xff, 0xff, 0xff, 0xff, 0xfc, 0x30,
    0x0, 0xf, 0xff, 0xff, 0xff, 0xff, 0xff, 0xff,
    0xf5, 0x0, 0xf, 0xff, 0xff, 0xff, 0xff, 0xff,
    0xff, 0xff, 0x20, 0xf, 0xff, 0xff, 0x40, 0x1,
    0x6f, 0xff, 0xff, 0xa0, 0xf, 0xff, 0xff, 0x40,
    0x0, 0x6, 0xff, 0xff, 0xf0, 0xf, 0xff, 0xff,
    0x40, 0x0, 0x1, 0xff, 0xff, 0xf2, 0xf, 0xff,
    0xff, 0x40, 0x0, 0x0, 0xff, 0xff, 0xf3, 0xf,
    0xff, 0xff, 0x40, 0x0, 0x0, 0xff, 0xff, 0xf4,
    0xf, 0xff, 0xff, 0x40, 0x0, 0x0, 0xff, 0xff,
    0xf4, 0xf, 0xff, 0xff, 0x40, 0x0, 0x0, 0xff,
    0xff, 0xf4, 0xf, 0xff, 0xff, 0x40, 0x0, 0x0,
    0xff, 0xff, 0xf4, 0xf, 0xff, 0xff, 0x40, 0x0,
    0x3, 0xff, 0xff, 0xf2, 0xf, 0xff, 0xff, 0x40,
    0x0, 0x1b, 0xff, 0xff, 0xf0, 0xf, 0xff, 0xff,
    0xdc, 0xcd, 0xff, 0xff, 0xff, 0xb0, 0xf, 0xff,
    0xff, 0xff, 0xff, 0xff, 0xff, 0xff, 0x40, 0xf,
    0xff, 0xff, 0xff, 0xff, 0xff, 0xff, 0xf9, 0x0,
    0xf, 0xff, 0xff, 0xff, 0xff, 0xff, 0xff, 0x80,
    0x0, 0xf, 0xff, 0xff, 0xff, 0xff, 0xec, 0x82,
    0x0, 0x0,

    /* U+0063 "c" */
    0x0, 0x0, 0x39, 0xde, 0xfe, 0xc8, 0x10, 0x0,
    0x0, 0x0, 0x9f, 0xff, 0xff, 0xff, 0xff, 0x70,
    0x0, 0x0, 0xaf, 0xff, 0xff, 0xff, 0xff, 0xff,
    0x70, 0x0, 0x5f, 0xff, 0xff, 0xff, 0xff, 0xff,
    0xff, 0x20, 0xc, 0xff, 0xff, 0xff, 0xdf, 0xff,
    0xff, 0xf9, 0x1, 0xff, 0xff, 0xfa, 0x0, 0x9,
    0xff, 0xff, 0xd0, 0x4f, 0xff, 0xff, 0x10, 0x0,
    0xf, 0xff, 0xff, 0x15, 0xff, 0xff, 0xf0, 0x0,
    0x0, 0xdf, 0xff, 0xf2, 0x5f, 0xff, 0xfe, 0x0,
    0x0, 0xd, 0xff, 0xff, 0x26, 0xff, 0xff, 0xe0,
    0x0, 0x0, 0xdf, 0xff, 0xf3, 0x6f, 0xff, 0xfe,
    0x0, 0x0, 0xd, 0xff, 0xff, 0x36, 0xff, 0xff,
    0xe0, 0x0, 0x0, 0x8a, 0xaa, 0xa1, 0x6f, 0xff,
    0xfe, 0x0, 0x0, 0x0, 0x0, 0x0, 0x6, 0xff,
    0xff, 0xe0, 0x0, 0x0, 0x0, 0x0, 0x0, 0x6f,
    0xff, 0xfe, 0x0, 0x0, 0x0, 0x0, 0x0, 0x6,
    0xff, 0xff, 0xe0, 0x0, 0x0, 0x0, 0x0, 0x0,
    0x6f, 0xff, 0xfe, 0x0, 0x0, 0x0, 0x0, 0x0,
    0x6, 0xff, 0xff, 0xe0, 0x0, 0x0, 0x0, 0x0,
    0x0, 0x6f, 0xff, 0xfe, 0x0, 0x0, 0x0, 0x0,
    0x0, 0x6, 0xff, 0xff, 0xe0, 0x0, 0x0, 0x0,
    0x0, 0x0, 0x6f, 0xff, 0xfe, 0x0, 0x0, 0x0,
    0x0, 0x0, 0x6, 0xff, 0xff, 0xe0, 0x0, 0x0,
    0xad, 0xdd, 0xd2, 0x6f, 0xff, 0xfe, 0x0, 0x0,
    0xd, 0xff, 0xff, 0x36, 0xff, 0xff, 0xe0, 0x0,
    0x0, 0xdf, 0xff, 0xf3, 0x6f, 0xff, 0xfe, 0x0,
    0x0, 0xd, 0xff, 0xff, 0x35, 0xff, 0xff, 0xe0,
    0x0, 0x0, 0xdf, 0xff, 0xf2, 0x5f, 0xff, 0xff,
    0x0, 0x0, 0xd, 0xff, 0xff, 0x24, 0xff, 0xff,
    0xf1, 0x0, 0x0, 0xff, 0xff, 0xf1, 0x1f, 0xff,
    0xff, 0xa0, 0x0, 0x9f, 0xff, 0xfd, 0x0, 0xcf,
    0xff, 0xff, 0xfd, 0xff, 0xff, 0xff, 0x90, 0x5,
    0xff, 0xff, 0xff, 0xff, 0xff, 0xff, 0xf2, 0x0,
    0xa, 0xff, 0xff, 0xff, 0xff, 0xff, 0xf7, 0x0,
    0x0, 0x9, 0xff, 0xff, 0xff, 0xff, 0xf7, 0x0,
    0x0, 0x0, 0x3, 0x9d, 0xef, 0xec, 0x81, 0x0,
    0x0,

    /* U+0064 "d" */
    0xf, 0xff, 0xff, 0xff, 0xff, 0xeb, 0x60, 0x0,
    0x0, 0xff, 0xff, 0xff, 0xff, 0xff, 0xff, 0xe3,
    0x0, 0xf, 0xff, 0xff, 0xff, 0xff, 0xff, 0xff,
    0xf3, 0x0, 0xff, 0xff, 0xff, 0xff, 0xff, 0xff,
    0xff, 0xd0, 0xf, 0xff, 0xff, 0xdc, 0xce, 0xff,
    0xff, 0xff, 0x40, 0xff, 0xff, 0xf4, 0x0, 0x4,
    0xff, 0xff, 0xf9, 0xf, 0xff, 0xff, 0x40, 0x0,
    0xa, 0xff, 0xff, 0xc0, 0xff, 0xff, 0xf4, 0x0,
    0x0, 0x7f, 0xff, 0xfd, 0xf, 0xff, 0xff, 0x40,
    0x0, 0x6, 0xff, 0xff, 0xe0, 0xff, 0xff, 0xf4,
    0x0, 0x0, 0x6f, 0xff, 0xfe, 0xf, 0xff, 0xff,
    0x40, 0x0, 0x6, 0xff, 0xff, 0xe0, 0xff, 0xff,
    0xf4, 0x0, 0x0, 0x6f, 0xff, 0xfe, 0xf, 0xff,
    0xff, 0x40, 0x0, 0x6, 0xff, 0xff, 0xe0, 0xff,
    0xff, 0xf4, 0x0, 0x0, 0x6f, 0xff, 0xfe, 0xf,
    0xff, 0xff, 0x40, 0x0, 0x6, 0xff, 0xff, 0xe0,
    0xff, 0xff, 0xf4, 0x0, 0x0, 0x6f, 0xff, 0xfe,
    0xf, 0xff, 0xff, 0x40, 0x0, 0x6, 0xff, 0xff,
    0xe0, 0xff, 0xff, 0xf4, 0x0, 0x0, 0x6f, 0xff,
    0xfe, 0xf, 0xff, 0xff, 0x40, 0x0, 0x6, 0xff,
    0xff, 0xe0, 0xff, 0xff, 0xf4, 0x0, 0x0, 0x6f,
    0xff, 0xfe, 0xf, 0xff, 0xff, 0x40, 0x0, 0x6,
    0xff, 0xff, 0xe0, 0xff, 0xff, 0xf4, 0x0, 0x0,
    0x6f, 0xff, 0xfe, 0xf, 0xff, 0xff, 0x40, 0x0,
    0x6, 0xff, 0xff, 0xe0, 0xff, 0xff, 0xf4, 0x0,
    0x0, 0x6f, 0xff, 0xfe, 0xf, 0xff, 0xff, 0x40,
    0x0, 0x6, 0xff, 0xff, 0xe0, 0xff, 0xff, 0xf4,
    0x0, 0x0, 0x6f, 0xff, 0xfe, 0xf, 0xff, 0xff,
    0x40, 0x0, 0x7, 0xff, 0xff, 0xd0, 0xff, 0xff,
    0xf4, 0x0, 0x0, 0xaf, 0xff, 0xfc, 0xf, 0xff,
    0xff, 0x40, 0x0, 0x4f, 0xff, 0xff, 0x90, 0xff,
    0xff, 0xfd, 0xcc, 0xef, 0xff, 0xff, 0xf4, 0xf,
    0xff, 0xff, 0xff, 0xff, 0xff, 0xff, 0xfd, 0x0,
    0xff, 0xff, 0xff, 0xff, 0xff, 0xff, 0xff, 0x30,
    0xf, 0xff, 0xff, 0xff, 0xff, 0xff, 0xfe, 0x40,
    0x0, 0xff, 0xff, 0xff, 0xff, 0xfe, 0xb6, 0x0,
    0x0,

    /* U+0065 "e" */
    0xf, 0xff, 0xff, 0xff, 0xff, 0xff, 0xff, 0xf6,
    0xf, 0xff, 0xff, 0xff, 0xff, 0xff, 0xff, 0xf6,
    0xf, 0xff, 0xff, 0xff, 0xff, 0xff, 0xff, 0xf6,
    0xf, 0xff, 0xff, 0xff, 0xff, 0xff, 0xff, 0xf6,
    0xf, 0xff, 0xff, 0xdc, 0xcc, 0xcc, 0xcc, 0xc4,
    0xf, 0xff, 0xff, 0x40, 0x0, 0x0, 0x0, 0x0,
    0xf, 0xff, 0xff, 0x40, 0x0, 0x0, 0x0, 0x0,
    0xf, 0xff, 0xff, 0x40, 0x0, 0x0, 0x0, 0x0,
    0xf, 0xff, 0xff, 0x40, 0x0, 0x0, 0x0, 0x0,
    0xf, 0xff, 0xff, 0x40, 0x0, 0x0, 0x0, 0x0,
    0xf, 0xff, 0xff, 0x40, 0x0, 0x0, 0x0, 0x0,
    0xf, 0xff, 0xff, 0x40, 0x0, 0x0, 0x0, 0x0,
    0xf, 0xff, 0xff, 0x40, 0x0, 0x0, 0x0, 0x0,
    0xf, 0xff, 0xff, 0x40, 0x0, 0x0, 0x0, 0x0,
    0xf, 0xff, 0xff, 0xdc, 0xcc, 0xcc, 0xc6, 0x0,
    0xf, 0xff, 0xff, 0xff, 0xff, 0xff, 0xf8, 0x0,
    0xf, 0xff, 0xff, 0xff, 0xff, 0xff, 0xf8, 0x0,
    0xf, 0xff, 0xff, 0xff, 0xff, 0xff, 0xf8, 0x0,
    0xf, 0xff, 0xff, 0xff, 0xff, 0xff, 0xf8, 0x0,
    0xf, 0xff, 0xff, 0x40, 0x0, 0x0, 0x0, 0x0,
    0xf, 0xff, 0xff, 0x40, 0x0, 0x0, 0x0, 0x0,
    0xf, 0xff, 0xff, 0x40, 0x0, 0x0, 0x0, 0x0,
    0xf, 0xff, 0xff, 0x40, 0x0, 0x0, 0x0, 0x0,
    0xf, 0xff, 0xff, 0x40, 0x0, 0x0, 0x0, 0x0,
    0xf, 0xff, 0xff, 0x40, 0x0, 0x0, 0x0, 0x0,
    0xf, 0xff, 0xff, 0x40, 0x0, 0x0, 0x0, 0x0,
    0xf, 0xff, 0xff, 0x40, 0x0, 0x0, 0x0, 0x0,
    0xf, 0xff, 0xff, 0x40, 0x0, 0x0, 0x0, 0x0,
    0xf, 0xff, 0xff, 0x40, 0x0, 0x0, 0x0, 0x0,
    0xf, 0xff, 0xff, 0xdc, 0xcc, 0xcc, 0xcc, 0xc4,
    0xf, 0xff, 0xff, 0xff, 0xff, 0xff, 0xff, 0xf6,
    0xf, 0xff, 0xff, 0xff, 0xff, 0xff, 0xff, 0xf6,
    0xf, 0xff, 0xff, 0xff, 0xff, 0xff, 0xff, 0xf6,
    0xf, 0xff, 0xff, 0xff, 0xff, 0xff, 0xff, 0xf6,

    /* U+0066 "f" */
    0xf, 0xff, 0xff, 0xff, 0xff, 0xff, 0xff, 0xf0,
    0xff, 0xff, 0xff, 0xff, 0xff, 0xff, 0xff, 0xf,
    0xff, 0xff, 0xff, 0xff, 0xff, 0xff, 0xf0, 0xff,
    0xff, 0xff, 0xff, 0xff, 0xff, 0xff, 0xf, 0xff,
    0xff, 0xdc, 0xcc, 0xcc, 0xcc, 0xb0, 0xff, 0xff,
    0xf4, 0x0, 0x0, 0x0, 0x0, 0xf, 0xff, 0xff,
    0x40, 0x0, 0x0, 0x0, 0x0, 0xff, 0xff, 0xf4,
    0x0, 0x0, 0x0, 0x0, 0xf, 0xff, 0xff, 0x40,
    0x0, 0x0, 0x0, 0x0, 0xff, 0xff, 0xf4, 0x0,
    0x0, 0x0, 0x0, 0xf, 0xff, 0xff, 0x40, 0x0,
    0x0, 0x0, 0x0, 0xff, 0xff, 0xf4, 0x0, 0x0,
    0x0, 0x0, 0xf, 0xff, 0xff, 0x40, 0x0, 0x0,
    0x0, 0x0, 0xff, 0xff, 0xf4, 0x0, 0x0, 0x0,
    0x0, 0xf, 0xff, 0xff, 0x40, 0x0, 0x0, 0x0,
    0x0, 0xff, 0xff, 0xff, 0xff, 0xff, 0xff, 0x10,
    0xf, 0xff, 0xff, 0xff, 0xff, 0xff, 0xf1, 0x0,
    0xff, 0xff, 0xff, 0xff, 0xff, 0xff, 0x10, 0xf,
    0xff, 0xff, 0xff, 0xff, 0xff, 0xf1, 0x0, 0xff,
    0xff, 0xfd, 0xcc, 0xcc, 0xcc, 0x0, 0xf, 0xff,
    0xff, 0x40, 0x0, 0x0, 0x0, 0x0, 0xff, 0xff,
    0xf4, 0x0, 0x0, 0x0, 0x0, 0xf, 0xff, 0xff,
    0x40, 0x0, 0x0, 0x0, 0x0, 0xff, 0xff, 0xf4,
    0x0, 0x0, 0x0, 0x0, 0xf, 0xff, 0xff, 0x40,
    0x0, 0x0, 0x0, 0x0, 0xff, 0xff, 0xf4, 0x0,
    0x0, 0x0, 0x0, 0xf, 0xff, 0xff, 0x40, 0x0,
    0x0, 0x0, 0x0, 0xff, 0xff, 0xf4, 0x0, 0x0,
    0x0, 0x0, 0xf, 0xff, 0xff, 0x40, 0x0, 0x0,
    0x0, 0x0, 0xff, 0xff, 0xf4, 0x0, 0x0, 0x0,
    0x0, 0xf, 0xff, 0xff, 0x40, 0x0, 0x0, 0x0,
    0x0, 0xff, 0xff, 0xf4, 0x0, 0x0, 0x0, 0x0,
    0xf, 0xff, 0xff, 0x40, 0x0, 0x0, 0x0, 0x0,
    0xff, 0xff, 0xf4, 0x0, 0x0, 0x0, 0x0,

    /* U+0067 "g" */
    0x0, 0x0, 0x29, 0xde, 0xfe, 0xc8, 0x20, 0x0,
    0x0, 0x0, 0x9f, 0xff, 0xff, 0xff, 0xff, 0x90,
    0x0, 0x0, 0xaf, 0xff, 0xff, 0xff, 0xff, 0xff,
    0xa0, 0x0, 0x5f, 0xff, 0xff, 0xff, 0xff, 0xff,
    0xff, 0x40, 0xc, 0xff, 0xff, 0xff, 0xde, 0xff,
    0xff, 0xfc, 0x1, 0xff, 0xff, 0xfb, 0x0, 0x7,
    0xff, 0xff, 0xf0, 0x4f, 0xff, 0xff, 0x10, 0x0,
    0xd, 0xff, 0xff, 0x35, 0xff, 0xff, 0xe0, 0x0,
    0x0, 0xbf, 0xff, 0xf4, 0x6f, 0xff, 0xfd, 0x0,
    0x0, 0xa, 0xff, 0xff, 0x56, 0xff, 0xff, 0xd0,
    0x0, 0x0, 0xaf, 0xff, 0xf5, 0x6f, 0xff, 0xfd,
    0x0, 0x0, 0x7, 0xcc, 0xcc, 0x36, 0xff, 0xff,
    0xd0, 0x0, 0x0, 0x0, 0x0, 0x0, 0x6f, 0xff,
    0xfd, 0x0, 0x0, 0x0, 0x0, 0x0, 0x6, 0xff,
    0xff, 0xd0, 0x0, 0x0, 0x0, 0x0, 0x0, 0x6f,
    0xff, 0xfd, 0x0, 0x3c, 0xcc, 0xcc, 0xcc, 0x46,
    0xff, 0xff, 0xd0, 0x4, 0xff, 0xff, 0xff, 0xf5,
    0x6f, 0xff, 0xfd, 0x0, 0x4f, 0xff, 0xff, 0xff,
    0x56, 0xff, 0xff, 0xd0, 0x4, 0xff, 0xff, 0xff,
    0xf5, 0x6f, 0xff, 0xfd, 0x0, 0x4f, 0xff, 0xff,
    0xff, 0x56, 0xff, 0xff, 0xd0, 0x0, 0x0, 0xaf,
    0xff, 0xf5, 0x6f, 0xff, 0xfd, 0x0, 0x0, 0xa,
    0xff, 0xff, 0x56, 0xff, 0xff, 0xd0, 0x0, 0x0,
    0xaf, 0xff, 0xf5, 0x6f, 0xff, 0xfd, 0x0, 0x0,
    0xa, 0xff, 0xff, 0x56, 0xff, 0xff, 0xd0, 0x0,
    0x0, 0xaf, 0xff, 0xf5, 0x6f, 0xff, 0xfd, 0x0,
    0x0, 0xa, 0xff, 0xff, 0x56, 0xff, 0xff, 0xd0,
    0x0, 0x0, 0xaf, 0xff, 0xf5, 0x5f, 0xff, 0xfe,
    0x0, 0x0, 0xb, 0xff, 0xff, 0x44, 0xff, 0xff,
    0xf1, 0x0, 0x0, 0xef, 0xff, 0xf2, 0x1f, 0xff,
    0xff, 0xb0, 0x0, 0x9f, 0xff, 0xff, 0x0, 0xcf,
    0xff, 0xff, 0xfd, 0xff, 0xff, 0xff, 0xa0, 0x5,
    0xff, 0xff, 0xff, 0xff, 0xff, 0xff, 0xf3, 0x0,
    0xa, 0xff, 0xff, 0xff, 0xff, 0xff, 0xf8, 0x0,
    0x0, 0x9, 0xff, 0xff, 0xff, 0xff, 0xf7, 0x0,
    0x0, 0x0, 0x3, 0x9d, 0xef, 0xec, 0x82, 0x0,
    0x0,

    /* U+0068 "h" */
    0xf, 0xff, 0xff, 0x40, 0x0, 0x1, 0xff, 0xff,
    0xf3, 0xf, 0xff, 0xff, 0x40, 0x0, 0x1, 0xff,
    0xff, 0xf3, 0xf, 0xff, 0xff, 0x40, 0x0, 0x1,
    0xff, 0xff, 0xf3, 0xf, 0xff, 0xff, 0x40, 0x0,
    0x1, 0xff, 0xff, 0xf3, 0xf, 0xff, 0xff, 0x40,
    0x0, 0x1, 0xff, 0xff, 0xf3, 0xf, 0xff, 0xff,
    0x40, 0x0, 0x1, 0xff, 0xff, 0xf3, 0xf, 0xff,
    0xff, 0x40, 0x0, 0x1, 0xff, 0xff, 0xf3, 0xf,
    0xff, 0xff, 0x40, 0x0, 0x1, 0xff, 0xff, 0xf3,
    0xf, 0xff, 0xff, 0x40, 0x0, 0x1, 0xff, 0xff,
    0xf3, 0xf, 0xff, 0xff, 0x40, 0x0, 0x1, 0xff,
    0xff, 0xf3, 0xf, 0xff, 0xff, 0x40, 0x0, 0x1,
    0xff, 0xff, 0xf3, 0xf, 0xff, 0xff, 0x40, 0x0,
    0x1, 0xff, 0xff, 0xf3, 0xf, 0xff, 0xff, 0x40,
    0x0, 0x1, 0xff, 0xff, 0xf3, 0xf, 0xff, 0xff,
    0x40, 0x0, 0x1, 0xff, 0xff, 0xf3, 0xf, 0xff,
    0xff, 0xdc, 0xcc, 0xcd, 0xff, 0xff, 0xf3, 0xf,
    0xff, 0xff, 0xff, 0xff, 0xff, 0xff, 0xff, 0xf3,
    0xf, 0xff, 0xff, 0xff, 0xff, 0xff, 0xff, 0xff,
    0xf3, 0xf, 0xff, 0xff, 0xff, 0xff, 0xff, 0xff,
    0xff, 0xf3, 0xf, 0xff, 0xff, 0xff, 0xff, 0xff,
    0xff, 0xff, 0xf3, 0xf, 0xff, 0xff, 0x40, 0x0,
    0x1, 0xff, 0xff, 0xf3, 0xf, 0xff, 0xff, 0x40,
    0x0, 0x1, 0xff, 0xff, 0xf3, 0xf, 0xff, 0xff,
    0x40, 0x0, 0x1, 0xff, 0xff, 0xf3, 0xf, 0xff,
    0xff, 0x40, 0x0, 0x1, 0xff, 0xff, 0xf3, 0xf,
    0xff, 0xff, 0x40, 0x0, 0x1, 0xff, 0xff, 0xf3,
    0xf, 0xff, 0xff, 0x40, 0x0, 0x1, 0xff, 0xff,
    0xf3, 0xf, 0xff, 0xff, 0x40, 0x0, 0x1, 0xff,
    0xff, 0xf3, 0xf, 0xff, 0xff, 0x40, 0x0, 0x1,
    0xff, 0xff, 0xf3, 0xf, 0xff, 0xff, 0x40, 0x0,
    0x1, 0xff, 0xff, 0xf3, 0xf, 0xff, 0xff, 0x40,
    0x0, 0x1, 0xff, 0xff, 0xf3, 0xf, 0xff, 0xff,
    0x40, 0x0, 0x1, 0xff, 0xff, 0xf3, 0xf, 0xff,
    0xff, 0x40, 0x0, 0x1, 0xff, 0xff, 0xf3, 0xf,
    0xff, 0xff, 0x40, 0x0, 0x1, 0xff, 0xff, 0xf3,
    0xf, 0xff, 0xff, 0x40, 0x0, 0x1, 0xff, 0xff,
    0xf3, 0xf, 0xff, 0xff, 0x40, 0x0, 0x1, 0xff,
    0xff, 0xf3,

    /* U+0069 "i" */
    0xf, 0xff, 0xff, 0x40, 0xff, 0xff, 0xf4, 0xf,
    0xff, 0xff, 0x40, 0xff, 0xff, 0xf4, 0xf, 0xff,
    0xff, 0x40, 0xff, 0xff, 0xf4, 0xf, 0xff, 0xff,
    0x40, 0xff, 0xff, 0xf4, 0xf, 0xff, 0xff, 0x40,
    0xff, 0xff, 0xf4, 0xf, 0xff, 0xff, 0x40, 0xff,
    0xff, 0xf4, 0xf, 0xff, 0xff, 0x40, 0xff, 0xff,
    0xf4, 0xf, 0xff, 0xff, 0x40, 0xff, 0xff, 0xf4,
    0xf, 0xff, 0xff, 0x40, 0xff, 0xff, 0xf4, 0xf,
    0xff, 0xff, 0x40, 0xff, 0xff, 0xf4, 0xf, 0xff,
    0xff, 0x40, 0xff, 0xff, 0xf4, 0xf, 0xff, 0xff,
    0x40, 0xff, 0xff, 0xf4, 0xf, 0xff, 0xff, 0x40,
    0xff, 0xff, 0xf4, 0xf, 0xff, 0xff, 0x40, 0xff,
    0xff, 0xf4, 0xf, 0xff, 0xff, 0x40, 0xff, 0xff,
    0xf4, 0xf, 0xff, 0xff, 0x40, 0xff, 0xff, 0xf4,
    0xf, 0xff, 0xff, 0x40, 0xff, 0xff, 0xf4,

    /* U+006A "j" */
    0x0, 0x0, 0x6, 0xff, 0xff, 0xe0, 0x0, 0x0,
    0x6f, 0xff, 0xfe, 0x0, 0x0, 0x6, 0xff, 0xff,
    0xe0, 0x0, 0x0, 0x6f, 0xff, 0xfe, 0x0, 0x0,
    0x6, 0xff, 0xff, 0xe0, 0x0, 0x0, 0x6f, 0xff,
    0xfe, 0x0, 0x0, 0x6, 0xff, 0xff, 0xe0, 0x0,
    0x0, 0x6f, 0xff, 0xfe, 0x0, 0x0, 0x6, 0xff,
    0xff, 0xe0, 0x0, 0x0, 0x6f, 0xff, 0xfe, 0x0,
    0x0, 0x6, 0xff, 0xff, 0xe0, 0x0, 0x0, 0x6f,
    0xff, 0xfe, 0x0, 0x0, 0x6, 0xff, 0xff, 0xe0,
    0x0, 0x0, 0x6f, 0xff, 0xfe, 0x0, 0x0, 0x6,
    0xff, 0xff, 0xe0, 0x0, 0x0, 0x6f, 0xff, 0xfe,
    0x0, 0x0, 0x6, 0xff, 0xff, 0xe0, 0x0, 0x0,
    0x6f, 0xff, 0xfe, 0x0, 0x0, 0x6, 0xff, 0xff,
    0xe0, 0x0, 0x0, 0x6f, 0xff, 0xfe, 0x0, 0x0,
    0x6, 0xff, 0xff, 0xe0, 0x0, 0x0, 0x6f, 0xff,
    0xfe, 0x0, 0x0, 0x6, 0xff, 0xff, 0xe0, 0x0,
    0x0, 0x6f, 0xff, 0xfe, 0x0, 0x0, 0x6, 0xff,
    0xff, 0xe0, 0x0, 0x0, 0x6f, 0xff, 0xfe, 0x0,
    0x0, 0x7, 0xff, 0xff, 0xd0, 0x0, 0x0, 0xaf,
    0xff, 0xfc, 0x0, 0x0, 0x6f, 0xff, 0xff, 0x93,
    0xec, 0xef, 0xff, 0xff, 0xf5, 0x3f, 0xff, 0xff,
    0xff, 0xfe, 0x3, 0xff, 0xff, 0xff, 0xff, 0x50,
    0x3f, 0xff, 0xff, 0xff, 0x60, 0x3, 0xef, 0xfe,
    0xc8, 0x10, 0x0,

    /* U+006B "k" */
    0xf, 0xff, 0xff, 0x40, 0x0, 0x0, 0x4f, 0xff,
    0xfe, 0x0, 0xff, 0xff, 0xf4, 0x0, 0x0, 0xb,
    0xff, 0xff, 0x70, 0xf, 0xff, 0xff, 0x40, 0x0,
    0x3, 0xff, 0xff, 0xe0, 0x0, 0xff, 0xff, 0xf4,
    0x0, 0x0, 0xaf, 0xff, 0xf7, 0x0, 0xf, 0xff,
    0xff, 0x40, 0x0, 0x2f, 0xff, 0xfe, 0x0, 0x0,
    0xff, 0xff, 0xf4, 0x0, 0x9, 0xff, 0xff, 0x70,
    0x0, 0xf, 0xff, 0xff, 0x40, 0x1, 0xff, 0xff,
    0xe0, 0x0, 0x0, 0xff, 0xff, 0xf4, 0x0, 0x8f,
    0xff, 0xf7, 0x0, 0x0, 0xf, 0xff, 0xff, 0x40,
    0x1f, 0xff, 0xfe, 0x0, 0x0, 0x0, 0xff, 0xff,
    0xf4, 0x7, 0xff, 0xff, 0x70, 0x0, 0x0, 0xf,
    0xff, 0xff, 0x40, 0xef, 0xff, 0xe0, 0x0, 0x0,
    0x0, 0xff, 0xff, 0xf4, 0x6f, 0xff, 0xf7, 0x0,
    0x0, 0x0, 0xf, 0xff, 0xff, 0x4e, 0xff, 0xff,
    0x0, 0x0, 0x0, 0x0, 0xff, 0xff, 0xf9, 0xff,
    0xff, 0xf4, 0x0, 0x0, 0x0, 0xf, 0xff, 0xff,
    0xff, 0xff, 0xff, 0x80, 0x0, 0x0, 0x0, 0xff,
    0xff, 0xff, 0xff, 0xff, 0xfd, 0x0, 0x0, 0x0,
    0xf, 0xff, 0xff, 0xff, 0xff, 0xff, 0xf2, 0x0,
    0x0, 0x0, 0xff, 0xff, 0xff, 0xff, 0xff, 0xff,
    0x70, 0x0, 0x0, 0xf, 0xff, 0xff, 0xff, 0xff,
    0xff, 0xfb, 0x0, 0x0, 0x0, 0xff, 0xff, 0xff,
    0xf8, 0xff, 0xff, 0xf0, 0x0, 0x0, 0xf, 0xff,
    0xff, 0xf8, 0x2f, 0xff, 0xff, 0x50, 0x0, 0x0,
    0xff, 0xff, 0xff, 0x10, 0xdf, 0xff, 0xfa, 0x0,
    0x0, 0xf, 0xff, 0xff, 0x90, 0x9, 0xff, 0xff,
    0xe0, 0x0, 0x0, 0xff, 0xff, 0xf4, 0x0, 0x4f,
    0xff, 0xff, 0x30, 0x0, 0xf, 0xff, 0xff, 0x40,
    0x0, 0xff, 0xff, 0xf8, 0x0, 0x0, 0xff, 0xff,
    0xf4, 0x0, 0xa, 0xff, 0xff, 0xd0, 0x0, 0xf,
    0xff, 0xff, 0x40, 0x0, 0x6f, 0xff, 0xff, 0x10,
    0x0, 0xff, 0xff, 0xf4, 0x0, 0x1, 0xff, 0xff,
    0xf6, 0x0, 0xf, 0xff, 0xff, 0x40, 0x0, 0xc,
    0xff, 0xff, 0xb0, 0x0, 0xff, 0xff, 0xf4, 0x0,
    0x0, 0x8f, 0xff, 0xff, 0x0, 0xf, 0xff, 0xff,
    0x40, 0x0, 0x3, 0xff, 0xff, 0xf4, 0x0, 0xff,
    0xff, 0xf4, 0x0, 0x0, 0xe, 0xff, 0xff, 0x90,
    0xf, 0xff, 0xff, 0x40, 0x0, 0x0, 0x9f, 0xff,
    0xfe, 0x0, 0xff, 0xff, 0xf4, 0x0, 0x0, 0x5,
    0xff, 0xff, 0xf3,

    /* U+006C "l" */
    0xf, 0xff, 0xff, 0x40, 0x0, 0x0, 0x0, 0x0,
    0xff, 0xff, 0xf4, 0x0, 0x0, 0x0, 0x0, 0xf,
    0xff, 0xff, 0x40, 0x0, 0x0, 0x0, 0x0, 0xff,
    0xff, 0xf4, 0x0, 0x0, 0x0, 0x0, 0xf, 0xff,
    0xff, 0x40, 0x0, 0x0, 0x0, 0x0, 0xff, 0xff,
    0xf4, 0x0, 0x0, 0x0, 0x0, 0xf, 0xff, 0xff,
    0x40, 0x0, 0x0, 0x0, 0x0, 0xff, 0xff, 0xf4,
    0x0, 0x0, 0x0, 0x0, 0xf, 0xff, 0xff, 0x40,
    0x0, 0x0, 0x0, 0x0, 0xff, 0xff, 0xf4, 0x0,
    0x0, 0x0, 0x0, 0xf, 0xff, 0xff, 0x40, 0x0,
    0x0, 0x0, 0x0, 0xff, 0xff, 0xf4, 0x0, 0x0,
    0x0, 0x0, 0xf, 0xff, 0xff, 0x40, 0x0, 0x0,
    0x0, 0x0, 0xff, 0xff, 0xf4, 0x0, 0x0, 0x0,
    0x0, 0xf, 0xff, 0xff, 0x40, 0x0, 0x0, 0x0,
    0x0, 0xff, 0xff, 0xf4, 0x0, 0x0, 0x0, 0x0,
    0xf, 0xff, 0xff, 0x40, 0x0, 0x0, 0x0, 0x0,
    0xff, 0xff, 0xf4, 0x0, 0x0, 0x0, 0x0, 0xf,
    0xff, 0xff, 0x40, 0x0, 0x0, 0x0, 0x0, 0xff,
    0xff, 0xf4, 0x0, 0x0, 0x0, 0x0, 0xf, 0xff,
    0xff, 0x40, 0x0, 0x0, 0x0, 0x0, 0xff, 0xff,
    0xf4, 0x0, 0x0, 0x0, 0x0, 0xf, 0xff, 0xff,
    0x40, 0x0, 0x0, 0x0, 0x0, 0xff, 0xff, 0xf4,
    0x0, 0x0, 0x0, 0x0, 0xf, 0xff, 0xff, 0x40,
    0x0, 0x0, 0x0, 0x0, 0xff, 0xff, 0xf4, 0x0,
    0x0, 0x0, 0x0, 0xf, 0xff, 0xff, 0x40, 0x0,
    0x0, 0x0, 0x0, 0xff, 0xff, 0xf4, 0x0, 0x0,
    0x0, 0x0, 0xf, 0xff, 0xff, 0x40, 0x0, 0x0,
    0x0, 0x0, 0xff, 0xff, 0xfd, 0xcc, 0xcc, 0xcc,
    0xcb, 0xf, 0xff, 0xff, 0xff, 0xff, 0xff, 0xff,
    0xf0, 0xff, 0xff, 0xff, 0xff, 0xff, 0xff, 0xff,
    0xf, 0xff, 0xff, 0xff, 0xff, 0xff, 0xff, 0xf0,
    0xff, 0xff, 0xff, 0xff, 0xff, 0xff, 0xff,

    /* U+006D "m" */
    0xf, 0xff, 0xff, 0xff, 0x90, 0x0, 0x0, 0xc,
    0xff, 0xff, 0xff, 0xd0, 0xff, 0xff, 0xff, 0xfb,
    0x0, 0x0, 0x0, 0xef, 0xff, 0xff, 0xfd, 0xf,
    0xff, 0xff, 0xff, 0xd0, 0x0, 0x0, 0xf, 0xff,
    0xff, 0xff, 0xd0, 0xff, 0xff, 0xff, 0xff, 0x0,
    0x0, 0x2, 0xff, 0xff, 0xff, 0xfd, 0xf, 0xff,
    0xff, 0xff, 0xf1, 0x0, 0x0, 0x4f, 0xff, 0xff,
    0xff, 0xd0, 0xff, 0xff, 0xff, 0xff, 0x40, 0x0,
    0x7, 0xff, 0xff, 0xff, 0xfd, 0xf, 0xff, 0xff,
    0xff, 0xf6, 0x0, 0x0, 0x9f, 0xff, 0xff, 0xff,
    0xd0, 0xff, 0xff, 0xff, 0xff, 0x80, 0x0, 0xb,
    0xff, 0xff, 0xff, 0xfd, 0xf, 0xff, 0xfe, 0xff,
    0xfa, 0x0, 0x0, 0xdf, 0xfe, 0xff, 0xff, 0xd0,
    0xff, 0xff, 0xbf, 0xff, 0xc0, 0x0, 0xf, 0xff,
    0xbf, 0xff, 0xfd, 0xf, 0xff, 0xf9, 0xff, 0xff,
    0x0, 0x2, 0xff, 0xf9, 0xff, 0xff, 0xd0, 0xff,
    0xff, 0x9d, 0xff, 0xf1, 0x0, 0x4f, 0xff, 0x6f,
    0xff, 0xfd, 0xf, 0xff, 0xf9, 0xbf, 0xff, 0x30,
    0x6, 0xff, 0xf4, 0xff, 0xff, 0xd0, 0xff, 0xff,
    0x98, 0xff, 0xf5, 0x0, 0x8f, 0xff, 0x2f, 0xff,
    0xfd, 0xf, 0xff, 0xf9, 0x6f, 0xff, 0x80, 0xb,
    0xff, 0xd2, 0xff, 0xff, 0xd0, 0xff, 0xff, 0x93,
    0xff, 0xfa, 0x0, 0xdf, 0xfa, 0x2f, 0xff, 0xfd,
    0xf, 0xff, 0xf9, 0x1f, 0xff, 0xc0, 0xf, 0xff,
    0x82, 0xff, 0xff, 0xd0, 0xff, 0xff, 0x90, 0xff,
    0xfe, 0x1, 0xff, 0xf6, 0x2f, 0xff, 0xfd, 0xf,
    0xff, 0xf9, 0xc, 0xff, 0xf0, 0x3f, 0xff, 0x32,
    0xff, 0xff, 0xd0, 0xff, 0xff, 0x90, 0xaf, 0xff,
    0x36, 0xff, 0xf1, 0x2f, 0xff, 0xfd, 0xf, 0xff,
    0xf9, 0x8, 0xff, 0xf5, 0x8f, 0xfe, 0x2, 0xff,
    0xff, 0xd0, 0xff, 0xff, 0x90, 0x5f, 0xff, 0x7a,
    0xff, 0xc0, 0x2f, 0xff, 0xfd, 0xf, 0xff, 0xf9,
    0x3, 0xff, 0xf9, 0xcf, 0xfa, 0x2, 0xff, 0xff,
    0xd0, 0xff, 0xff, 0x90, 0xf, 0xff, 0xbe, 0xff,
    0x70, 0x2f, 0xff, 0xfd, 0xf, 0xff, 0xf9, 0x0,
    0xef, 0xff, 0xff, 0xf5, 0x2, 0xff, 0xff, 0xd0,
    0xff, 0xff, 0x90, 0xc, 0xff, 0xff, 0xff, 0x30,
    0x2f, 0xff, 0xfd, 0xf, 0xff, 0xf9, 0x0, 0x9f,
    0xff, 0xff, 0xf0, 0x2, 0xff, 0xff, 0xd0, 0xff,
    0xff, 0x90, 0x7, 0xff, 0xff, 0xfe, 0x0, 0x2f,
    0xff, 0xfd, 0xf, 0xff, 0xf9, 0x0, 0x4f, 0xff,
    0xff, 0xb0, 0x2, 0xff, 0xff, 0xd0, 0xff, 0xff,
    0x90, 0x2, 0xff, 0xff, 0xf9, 0x0, 0x2f, 0xff,
    0xfd, 0xf, 0xff, 0xf9, 0x0, 0xf, 0xff, 0xff,
    0x70, 0x2, 0xff, 0xff, 0xd0, 0xff, 0xff, 0x90,
    0x0, 0xdf, 0xff, 0xf4, 0x0, 0x2f, 0xff, 0xfd,
    0xf, 0xff, 0xf9, 0x0, 0xb, 0xff, 0xff, 0x20,
    0x2, 0xff, 0xff, 0xd0, 0xff, 0xff, 0x90, 0x0,
    0x8f, 0xff, 0xf0, 0x0, 0x2f, 0xff, 0xfd,

    /* U+006E "n" */
    0xf, 0xff, 0xff, 0xfb, 0x0, 0x0, 0x2f, 0xff,
    0xf8, 0xf, 0xff, 0xff, 0xff, 0x0, 0x0, 0x2f,
    0xff, 0xf8, 0xf, 0xff, 0xff, 0xff, 0x30, 0x0,
    0x2f, 0xff, 0xf8, 0xf, 0xff, 0xff, 0xff, 0x70,
    0x0, 0x2f, 0xff, 0xf8, 0xf, 0xff, 0xff, 0xff,
    0xb0, 0x0, 0x2f, 0xff, 0xf8, 0xf, 0xff, 0xff,
    0xff, 0xf0, 0x0, 0x2f, 0xff, 0xf8, 0xf, 0xff,
    0xff, 0xff, 0xf3, 0x0, 0x2f, 0xff, 0xf8, 0xf,
    0xff, 0xff, 0xff, 0xf7, 0x0, 0x2f, 0xff, 0xf8,
    0xf, 0xff, 0xff, 0xff, 0xfb, 0x0, 0x2f, 0xff,
    0xf8, 0xf, 0xff, 0xfd, 0xff, 0xff, 0x0, 0x2f,
    0xff, 0xf8, 0xf, 0xff, 0xfa, 0xef, 0xff, 0x30,
    0x2f, 0xff, 0xf8, 0xf, 0xff, 0xfa, 0xaf, 0xff,
    0x70, 0x2f, 0xff, 0xf8, 0xf, 0xff, 0xfa, 0x6f,
    0xff, 0xc0, 0x2f, 0xff, 0xf8, 0xf, 0xff, 0xfa,
    0x2f, 0xff, 0xf0, 0x2f, 0xff, 0xf8, 0xf, 0xff,
    0xfa, 0xe, 0xff, 0xf4, 0x2f, 0xff, 0xf8, 0xf,
    0xff, 0xfa, 0x9, 0xff, 0xf8, 0x2f, 0xff, 0xf8,
    0xf, 0xff, 0xfa, 0x5, 0xff, 0xfc, 0x2f, 0xff,
    0xf8, 0xf, 0xff, 0xfa, 0x1, 0xff, 0xff, 0x3f,
    0xff, 0xf8, 0xf, 0xff, 0xfa, 0x0, 0xdf, 0xff,
    0x7f, 0xff, 0xf8, 0xf, 0xff, 0xfa, 0x0, 0x9f,
    0xff, 0xbf, 0xff, 0xf8, 0xf, 0xff, 0xfa, 0x0,
    0x5f, 0xff, 0xff, 0xff, 0xf8, 0xf, 0xff, 0xfa,
    0x0, 0x1f, 0xff, 0xff, 0xff, 0xf8, 0xf, 0xff,
    0xfa, 0x0, 0xd, 0xff, 0xff, 0xff, 0xf8, 0xf,
    0xff, 0xfa, 0x0, 0x9, 0xff, 0xff, 0xff, 0xf8,
    0xf, 0xff, 0xfa, 0x0, 0x5, 0xff, 0xff, 0xff,
    0xf8, 0xf, 0xff, 0xfa, 0x0, 0x1, 0xff, 0xff,
    0xff, 0xf8, 0xf, 0xff, 0xfa, 0x0, 0x0, 0xcf,
    0xff, 0xff, 0xf8, 0xf, 0xff, 0xfa, 0x0, 0x0,
    0x8f, 0xff, 0xff, 0xf8, 0xf, 0xff, 0xfa, 0x0,
    0x0, 0x4f, 0xff, 0xff, 0xf8, 0xf, 0xff, 0xfa,
    0x0, 0x0, 0xf, 0xff, 0xff, 0xf8, 0xf, 0xff,
    0xfa, 0x0, 0x0, 0xc, 0xff, 0xff, 0xf8, 0xf,
    0xff, 0xfa, 0x0, 0x0, 0x8, 0xff, 0xff, 0xf8,
    0xf, 0xff, 0xfa, 0x0, 0x0, 0x4, 0xff, 0xff,
    0xf8, 0xf, 0xff, 0xfa, 0x0, 0x0, 0x0, 0xff,
    0xff, 0xf8,

    /* U+006F "o" */
    0x0, 0x0, 0x28, 0xce, 0xfe, 0xd9, 0x30, 0x0,
    0x0, 0x0, 0x8f, 0xff, 0xff, 0xff, 0xff, 0xa0,
    0x0, 0x0, 0x9f, 0xff, 0xff, 0xff, 0xff, 0xff,
    0xc0, 0x0, 0x4f, 0xff, 0xff, 0xff, 0xff, 0xff,
    0xff, 0x70, 0xc, 0xff, 0xff, 0xff, 0xde, 0xff,
    0xff, 0xfe, 0x1, 0xff, 0xff, 0xfb, 0x0, 0x8,
    0xff, 0xff, 0xf4, 0x4f, 0xff, 0xff, 0x10, 0x0,
    0xe, 0xff, 0xff, 0x75, 0xff, 0xff, 0xe0, 0x0,
    0x0, 0xbf, 0xff, 0xf8, 0x6f, 0xff, 0xfd, 0x0,
    0x0, 0xa, 0xff, 0xff, 0x96, 0xff, 0xff, 0xd0,
    0x0, 0x0, 0xaf, 0xff, 0xf9, 0x6f, 0xff, 0xfd,
    0x0, 0x0, 0xa, 0xff, 0xff, 0x96, 0xff, 0xff,
    0xd0, 0x0, 0x0, 0xaf, 0xff, 0xf9, 0x6f, 0xff,
    0xfd, 0x0, 0x0, 0xa, 0xff, 0xff, 0x96, 0xff,
    0xff, 0xd0, 0x0, 0x0, 0xaf, 0xff, 0xf9, 0x6f,
    0xff, 0xfd, 0x0, 0x0, 0xa, 0xff, 0xff, 0x96,
    0xff, 0xff, 0xd0, 0x0, 0x0, 0xaf, 0xff, 0xf9,
    0x6f, 0xff, 0xfd, 0x0, 0x0, 0xa, 0xff, 0xff,
    0x96, 0xff, 0xff, 0xd0, 0x0, 0x0, 0xaf, 0xff,
    0xf9, 0x6f, 0xff, 0xfd, 0x0, 0x0, 0xa, 0xff,
    0xff, 0x96, 0xff, 0xff, 0xd0, 0x0, 0x0, 0xaf,
    0xff, 0xf9, 0x6f, 0xff, 0xfd, 0x0, 0x0, 0xa,
    0xff, 0xff, 0x96, 0xff, 0xff, 0xd0, 0x0, 0x0,
    0xaf, 0xff, 0xf9, 0x6f, 0xff, 0xfd, 0x0, 0x0,
    0xa, 0xff, 0xff, 0x96, 0xff, 0xff, 0xd0, 0x0,
    0x0, 0xaf, 0xff, 0xf9, 0x6f, 0xff, 0xfd, 0x0,
    0x0, 0xa, 0xff, 0xff, 0x96, 0xff, 0xff, 0xd0,
    0x0, 0x0, 0xaf, 0xff, 0xf9, 0x5f, 0xff, 0xfe,
    0x0, 0x0, 0xb, 0xff, 0xff, 0x84, 0xff, 0xff,
    0xf1, 0x0, 0x0, 0xef, 0xff, 0xf7, 0x1f, 0xff,
    0xff, 0xb0, 0x0, 0x8f, 0xff, 0xff, 0x40, 0xcf,
    0xff, 0xff, 0xfd, 0xff, 0xff, 0xff, 0xe0, 0x4,
    0xff, 0xff, 0xff, 0xff, 0xff, 0xff, 0xf7, 0x0,
    0x9, 0xff, 0xff, 0xff, 0xff, 0xff, 0xfc, 0x0,
    0x0, 0x8, 0xff, 0xff, 0xff, 0xff, 0xfa, 0x0,
    0x0, 0x0, 0x2, 0x8c, 0xef, 0xed, 0x93, 0x0,
    0x0,

    /* U+0070 "p" */
    0xf, 0xff, 0xff, 0xff, 0xff, 0xda, 0x40, 0x0,
    0x0, 0xff, 0xff, 0xff, 0xff, 0xff, 0xff, 0xc1,
    0x0, 0xf, 0xff, 0xff, 0xff, 0xff, 0xff, 0xff,
    0xd0, 0x0, 0xff, 0xff, 0xff, 0xff, 0xff, 0xff,
    0xff, 0x90, 0xf, 0xff, 0xff, 0xdc, 0xce, 0xff,
    0xff, 0xff, 0x0, 0xff, 0xff, 0xf4, 0x0, 0x6,
    0xff, 0xff, 0xf4, 0xf, 0xff, 0xff, 0x40, 0x0,
    0xd, 0xff, 0xff, 0x70, 0xff, 0xff, 0xf4, 0x0,
    0x0, 0xaf, 0xff, 0xf8, 0xf, 0xff, 0xff, 0x40,
    0x0, 0xa, 0xff, 0xff, 0x90, 0xff, 0xff, 0xf4,
    0x0, 0x0, 0xaf, 0xff, 0xf9, 0xf, 0xff, 0xff,
    0x40, 0x0, 0xa, 0xff, 0xff, 0x90, 0xff, 0xff,
    0xf4, 0x0, 0x0, 0xaf, 0xff, 0xf9, 0xf, 0xff,
    0xff, 0x40, 0x0, 0xa, 0xff, 0xff, 0x80, 0xff,
    0xff, 0xf4, 0x0, 0x0, 0xdf, 0xff, 0xf7, 0xf,
    0xff, 0xff, 0x40, 0x0, 0x6f, 0xff, 0xff, 0x40,
    0xff, 0xff, 0xfd, 0xcc, 0xef, 0xff, 0xff, 0xf0,
    0xf, 0xff, 0xff, 0xff, 0xff, 0xff, 0xff, 0xf9,
    0x0, 0xff, 0xff, 0xff, 0xff, 0xff, 0xff, 0xfd,
    0x0, 0xf, 0xff, 0xff, 0xff, 0xff, 0xff, 0xfc,
    0x10, 0x0, 0xff, 0xff, 0xff, 0xff, 0xfd, 0xa5,
    0x0, 0x0, 0xf, 0xff, 0xff, 0x40, 0x0, 0x0,
    0x0, 0x0, 0x0, 0xff, 0xff, 0xf4, 0x0, 0x0,
    0x0, 0x0, 0x0, 0xf, 0xff, 0xff, 0x40, 0x0,
    0x0, 0x0, 0x0, 0x0, 0xff, 0xff, 0xf4, 0x0,
    0x0, 0x0, 0x0, 0x0, 0xf, 0xff, 0xff, 0x40,
    0x0, 0x0, 0x0, 0x0, 0x0, 0xff, 0xff, 0xf4,
    0x0, 0x0, 0x0, 0x0, 0x0, 0xf, 0xff, 0xff,
    0x40, 0x0, 0x0, 0x0, 0x0, 0x0, 0xff, 0xff,
    0xf4, 0x0, 0x0, 0x0, 0x0, 0x0, 0xf, 0xff,
    0xff, 0x40, 0x0, 0x0, 0x0, 0x0, 0x0, 0xff,
    0xff, 0xf4, 0x0, 0x0, 0x0, 0x0, 0x0, 0xf,
    0xff, 0xff, 0x40, 0x0, 0x0, 0x0, 0x0, 0x0,
    0xff, 0xff, 0xf4, 0x0, 0x0, 0x0, 0x0, 0x0,
    0xf, 0xff, 0xff, 0x40, 0x0, 0x0, 0x0, 0x0,
    0x0, 0xff, 0xff, 0xf4, 0x0, 0x0, 0x0, 0x0,
    0x0,

    /* U+0071 "q" */
    0x0, 0x0, 0x28, 0xce, 0xfe, 0xd9, 0x30, 0x0,
    0x0, 0x0, 0x8, 0xff, 0xff, 0xff, 0xff, 0xfa,
    0x0, 0x0, 0x0, 0x9f, 0xff, 0xff, 0xff, 0xff,
    0xff, 0xc0, 0x0, 0x4, 0xff, 0xff, 0xff, 0xff,
    0xff, 0xff, 0xf7, 0x0, 0xc, 0xff, 0xff, 0xff,
    0xde, 0xff, 0xff, 0xfe, 0x0, 0x1f, 0xff, 0xff,
    0xb0, 0x0, 0x8f, 0xff, 0xff, 0x40, 0x4f, 0xff,
    0xff, 0x10, 0x0, 0xe, 0xff, 0xff, 0x70, 0x5f,
    0xff, 0xfe, 0x0, 0x0, 0xb, 0xff, 0xff, 0x80,
    0x6f, 0xff, 0xfd, 0x0, 0x0, 0xa, 0xff, 0xff,
    0x90, 0x6f, 0xff, 0xfd, 0x0, 0x0, 0xa, 0xff,
    0xff, 0x90, 0x6f, 0xff, 0xfd, 0x0, 0x0, 0xa,
    0xff, 0xff, 0x90, 0x6f, 0xff, 0xfd, 0x0, 0x0,
    0xa, 0xff, 0xff, 0x90, 0x6f, 0xff, 0xfd, 0x0,
    0x0, 0xa, 0xff, 0xff, 0x90, 0x6f, 0xff, 0xfd,
    0x0, 0x0, 0xa, 0xff, 0xff, 0x90, 0x6f, 0xff,
    0xfd, 0x0, 0x0, 0xa, 0xff, 0xff, 0x90, 0x6f,
    0xff, 0xfd, 0x0, 0x0, 0xa, 0xff, 0xff, 0x90,
    0x6f, 0xff, 0xfd, 0x0, 0x0, 0xa, 0xff, 0xff,
    0x90, 0x6f, 0xff, 0xfd, 0x0, 0x0, 0xa, 0xff,
    0xff, 0x90, 0x6f, 0xff, 0xfd, 0x0, 0x0, 0xa,
    0xff, 0xff, 0x90, 0x6f, 0xff, 0xfd, 0x0, 0x0,
    0xa, 0xff, 0xff, 0x90, 0x6f, 0xff, 0xfd, 0x0,
    0x0, 0xa, 0xff, 0xff, 0x90, 0x6f, 0xff, 0xfd,
    0x0, 0x0, 0xa, 0xff, 0xff, 0x90, 0x6f, 0xff,
    0xfd, 0x0, 0x0, 0xa, 0xff, 0xff, 0x90, 0x6f,
    0xff, 0xfd, 0x0, 0x0, 0xa, 0xff, 0xff, 0x90,
    0x6f, 0xff, 0xfd, 0x0, 0x0, 0xa, 0xff, 0xff,
    0x90, 0x6f, 0xff, 0xfd, 0x0, 0x0, 0xa, 0xff,
    0xff, 0x90, 0x5f, 0xff, 0xfe, 0x0, 0x0, 0xb,
    0xff, 0xff, 0x80, 0x4f, 0xff, 0xff, 0x10, 0x0,
    0xe, 0xff, 0xff, 0x70, 0x1f, 0xff, 0xff, 0xb0,
    0x0, 0x8f, 0xff, 0xff, 0x40, 0xc, 0xff, 0xff,
    0xff, 0xdf, 0xff, 0xff, 0xff, 0x0, 0x4, 0xff,
    0xff, 0xff, 0xff, 0xff, 0xff, 0xf8, 0x0, 0x0,
    0x9f, 0xff, 0xff, 0xff, 0xff, 0xff, 0xf7, 0x0,
    0x0, 0x8, 0xff, 0xff, 0xff, 0xff, 0xff, 0xff,
    0xfe, 0x0, 0x0, 0x28, 0xce, 0xff, 0xd9, 0xef,
    0xff, 0xfe, 0x0, 0x0, 0x0, 0x0, 0x0, 0x0,
    0x7f, 0xff, 0xfe, 0x0, 0x0, 0x0, 0x0, 0x0,
    0x0, 0xc, 0xff, 0xfe, 0x0, 0x0, 0x0, 0x0,
    0x0, 0x0, 0x0, 0x6a, 0xcb,

    /* U+0072 "r" */
    0xf, 0xff, 0xff, 0xff, 0xff, 0xeb, 0x60, 0x0,
    0x0, 0xf, 0xff, 0xff, 0xff, 0xff, 0xff, 0xfe,
    0x30, 0x0, 0xf, 0xff, 0xff, 0xff, 0xff, 0xff,
    0xff, 0xf2, 0x0, 0xf, 0xff, 0xff, 0xff, 0xff,
    0xff, 0xff, 0xfb, 0x0, 0xf, 0xff, 0xff, 0xdc,
    0xce, 0xff, 0xff, 0xff, 0x20, 0xf, 0xff, 0xff,
    0x40, 0x0, 0x8f, 0xff, 0xff, 0x50, 0xf, 0xff,
    0xff, 0x40, 0x0, 0xe, 0xff, 0xff, 0x80, 0xf,
    0xff, 0xff, 0x40, 0x0, 0xb, 0xff, 0xff, 0x90,
    0xf, 0xff, 0xff, 0x40, 0x0, 0xa, 0xff, 0xff,
    0x90, 0xf, 0xff, 0xff, 0x40, 0x0, 0xa, 0xff,
    0xff, 0x90, 0xf, 0xff, 0xff, 0x40, 0x0, 0xa,
    0xff, 0xff, 0x90, 0xf, 0xff, 0xff, 0x40, 0x0,
    0xa, 0xff, 0xff, 0x70, 0xf, 0xff, 0xff, 0x40,
    0x0, 0xc, 0xff, 0xff, 0x60, 0xf, 0xff, 0xff,
    0x40, 0x0, 0x1f, 0xff, 0xff, 0x10, 0xf, 0xff,
    0xff, 0x40, 0x4, 0xdf, 0xff, 0xfb, 0x0, 0xf,
    0xff, 0xff, 0xff, 0xff, 0xff, 0xff, 0xf2, 0x0,
    0xf, 0xff, 0xff, 0xff, 0xff, 0xff, 0xfc, 0x20,
    0x0, 0xf, 0xff, 0xff, 0xff, 0xff, 0xff, 0xfc,
    0x30, 0x0, 0xf, 0xff, 0xff, 0xff, 0xff, 0xff,
    0xff, 0xf4, 0x0, 0xf, 0xff, 0xff, 0xdc, 0xdf,
    0xff, 0xff, 0xfd, 0x0, 0xf, 0xff, 0xff, 0x40,
    0x0, 0x9f, 0xff, 0xff, 0x30, 0xf, 0xff, 0xff,
    0x40, 0x0, 0xe, 0xff, 0xff, 0x70, 0xf, 0xff,
    0xff, 0x40, 0x0, 0xb, 0xff, 0xff, 0x90, 0xf,
    0xff, 0xff, 0x40, 0x0, 0xa, 0xff, 0xff, 0xa0,
    0xf, 0xff, 0xff, 0x40, 0x0, 0x9, 0xff, 0xff,
    0xa0, 0xf, 0xff, 0xff, 0x40, 0x0, 0x9, 0xff,
    0xff, 0xa0, 0xf, 0xff, 0xff, 0x40, 0x0, 0x9,
    0xff, 0xff, 0xa0, 0xf, 0xff, 0xff, 0x40, 0x0,
    0x9, 0xff, 0xff, 0xa0, 0xf, 0xff, 0xff, 0x40,
    0x0, 0x9, 0xff, 0xff, 0xa0, 0xf, 0xff, 0xff,
    0x40, 0x0, 0x9, 0xff, 0xff, 0xa0, 0xf, 0xff,
    0xff, 0x40, 0x0, 0x9, 0xff, 0xff, 0xa0, 0xf,
    0xff, 0xff, 0x40, 0x0, 0x9, 0xff, 0xff, 0xb0,
    0xf, 0xff, 0xff, 0x40, 0x0, 0x7, 0xff, 0xff,
    0xc0, 0xf, 0xff, 0xff, 0x40, 0x0, 0x4, 0xff,
    0xff, 0xf1,

    /* U+0073 "s" */
    0x0, 0x0, 0x6a, 0xef, 0xfe, 0xa5, 0x0, 0x0,
    0x0, 0x2d, 0xff, 0xff, 0xff, 0xff, 0xd2, 0x0,
    0x2, 0xff, 0xff, 0xff, 0xff, 0xff, 0xfe, 0x10,
    0xc, 0xff, 0xff, 0xff, 0xff, 0xff, 0xff, 0xa0,
    0x3f, 0xff, 0xff, 0xfe, 0xdf, 0xff, 0xff, 0xf1,
    0x8f, 0xff, 0xff, 0x40, 0x3, 0xef, 0xff, 0xf5,
    0xbf, 0xff, 0xfa, 0x0, 0x0, 0x8f, 0xff, 0xf9,
    0xcf, 0xff, 0xf7, 0x0, 0x0, 0x5f, 0xff, 0xfa,
    0xdf, 0xff, 0xf8, 0x0, 0x0, 0x4f, 0xff, 0xfb,
    0xcf, 0xff, 0xfa, 0x0, 0x0, 0x3b, 0xbb, 0xb8,
    0x9f, 0xff, 0xff, 0x10, 0x0, 0x0, 0x0, 0x0,
    0x5f, 0xff, 0xff, 0x90, 0x0, 0x0, 0x0, 0x0,
    0xe, 0xff, 0xff, 0xf5, 0x0, 0x0, 0x0, 0x0,
    0x6, 0xff, 0xff, 0xff, 0x50, 0x0, 0x0, 0x0,
    0x0, 0xcf, 0xff, 0xff, 0xf6, 0x0, 0x0, 0x0,
    0x0, 0x1e, 0xff, 0xff, 0xff, 0x70, 0x0, 0x0,
    0x0, 0x2, 0xef, 0xff, 0xff, 0xf8, 0x0, 0x0,
    0x0, 0x0, 0x2e, 0xff, 0xff, 0xff, 0x80, 0x0,
    0x0, 0x0, 0x1, 0xdf, 0xff, 0xff, 0xf6, 0x0,
    0x0, 0x0, 0x0, 0x1c, 0xff, 0xff, 0xff, 0x20,
    0x0, 0x0, 0x0, 0x0, 0xcf, 0xff, 0xff, 0xa0,
    0x0, 0x0, 0x0, 0x0, 0x1e, 0xff, 0xff, 0xf1,
    0x0, 0x0, 0x0, 0x0, 0x5, 0xff, 0xff, 0xf6,
    0x33, 0x33, 0x30, 0x0, 0x0, 0xef, 0xff, 0xf9,
    0xff, 0xff, 0xf0, 0x0, 0x0, 0xaf, 0xff, 0xfb,
    0xef, 0xff, 0xf0, 0x0, 0x0, 0x8f, 0xff, 0xfc,
    0xef, 0xff, 0xf1, 0x0, 0x0, 0x8f, 0xff, 0xfb,
    0xcf, 0xff, 0xf4, 0x0, 0x0, 0xbf, 0xff, 0xfa,
    0x9f, 0xff, 0xfd, 0x10, 0x5, 0xff, 0xff, 0xf7,
    0x5f, 0xff, 0xff, 0xfd, 0xef, 0xff, 0xff, 0xf2,
    0xd, 0xff, 0xff, 0xff, 0xff, 0xff, 0xff, 0xa0,
    0x3, 0xff, 0xff, 0xff, 0xff, 0xff, 0xfe, 0x10,
    0x0, 0x4e, 0xff, 0xff, 0xff, 0xff, 0xd2, 0x0,
    0x0, 0x0, 0x7b, 0xef, 0xfd, 0xa5, 0x0, 0x0,

    /* U+0074 "t" */
    0x6f, 0xff, 0xff, 0xff, 0xff, 0xff, 0xff, 0xff,
    0xe6, 0xff, 0xff, 0xff, 0xff, 0xff, 0xff, 0xff,
    0xfe, 0x6f, 0xff, 0xff, 0xff, 0xff, 0xff, 0xff,
    0xff, 0xe6, 0xff, 0xff, 0xff, 0xff, 0xff, 0xff,
    0xff, 0xfe, 0x5c, 0xcc, 0xcc, 0xff, 0xff, 0xfd,
    0xcc, 0xcc, 0xb0, 0x0, 0x0, 0xe, 0xff, 0xff,
    0x60, 0x0, 0x0, 0x0, 0x0, 0x0, 0xef, 0xff,
    0xf6, 0x0, 0x0, 0x0, 0x0, 0x0, 0xe, 0xff,
    0xff, 0x60, 0x0, 0x0, 0x0, 0x0, 0x0, 0xef,
    0xff, 0xf6, 0x0, 0x0, 0x0, 0x0, 0x0, 0xe,
    0xff, 0xff, 0x60, 0x0, 0x0, 0x0, 0x0, 0x0,
    0xef, 0xff, 0xf6, 0x0, 0x0, 0x0, 0x0, 0x0,
    0xe, 0xff, 0xff, 0x60, 0x0, 0x0, 0x0, 0x0,
    0x0, 0xef, 0xff, 0xf6, 0x0, 0x0, 0x0, 0x0,
    0x0, 0xe, 0xff, 0xff, 0x60, 0x0, 0x0, 0x0,
    0x0, 0x0, 0xef, 0xff, 0xf6, 0x0, 0x0, 0x0,
    0x0, 0x0, 0xe, 0xff, 0xff, 0x60, 0x0, 0x0,
    0x0, 0x0, 0x0, 0xef, 0xff, 0xf6, 0x0, 0x0,
    0x0, 0x0, 0x0, 0xe, 0xff, 0xff, 0x60, 0x0,
    0x0, 0x0, 0x0, 0x0, 0xef, 0xff, 0xf6, 0x0,
    0x0, 0x0, 0x0, 0x0, 0xe, 0xff, 0xff, 0x60,
    0x0, 0x0, 0x0, 0x0, 0x0, 0xef, 0xff, 0xf6,
    0x0, 0x0, 0x0, 0x0, 0x0, 0xe, 0xff, 0xff,
    0x60, 0x0, 0x0, 0x0, 0x0, 0x0, 0xef, 0xff,
    0xf6, 0x0, 0x0, 0x0, 0x0, 0x0, 0xe, 0xff,
    0xff, 0x60, 0x0, 0x0, 0x0, 0x0, 0x0, 0xef,
    0xff, 0xf6, 0x0, 0x0, 0x0, 0x0, 0x0, 0xe,
    0xff, 0xff, 0x60, 0x0, 0x0, 0x0, 0x0, 0x0,
    0xef, 0xff, 0xf6, 0x0, 0x0, 0x0, 0x0, 0x0,
    0xe, 0xff, 0xff, 0x60, 0x0, 0x0, 0x0, 0x0,
    0x0, 0xef, 0xff, 0xf6, 0x0, 0x0, 0x0, 0x0,
    0x0, 0xe, 0xff, 0xff, 0x60, 0x0, 0x0, 0x0,
    0x0, 0x0, 0xef, 0xff, 0xf6, 0x0, 0x0, 0x0,
    0x0, 0x0, 0xe, 0xff, 0xff, 0x60, 0x0, 0x0,
    0x0, 0x0, 0x0, 0xef, 0xff, 0xf6, 0x0, 0x0,
    0x0, 0x0, 0x0, 0xe, 0xff, 0xff, 0x60, 0x0,
    0x0,

    /* U+0075 "u" */
    0x3f, 0xff, 0xff, 0x10, 0x0, 0x9, 0xff, 0xff,
    0x83, 0xff, 0xff, 0xf1, 0x0, 0x0, 0x9f, 0xff,
    0xf8, 0x3f, 0xff, 0xff, 0x10, 0x0, 0x9, 0xff,
    0xff, 0x83, 0xff, 0xff, 0xf1, 0x0, 0x0, 0x9f,
    0xff, 0xf8, 0x3f, 0xff, 0xff, 0x10, 0x0, 0x9,
    0xff, 0xff, 0x83, 0xff, 0xff, 0xf1, 0x0, 0x0,
    0x9f, 0xff, 0xf8, 0x3f, 0xff, 0xff, 0x10, 0x0,
    0x9, 0xff, 0xff, 0x83, 0xff, 0xff, 0xf1, 0x0,
    0x0, 0x9f, 0xff, 0xf8, 0x3f, 0xff, 0xff, 0x10,
    0x0, 0x9, 0xff, 0xff, 0x83, 0xff, 0xff, 0xf1,
    0x0, 0x0, 0x9f, 0xff, 0xf8, 0x3f, 0xff, 0xff,
    0x10, 0x0, 0x9, 0xff, 0xff, 0x83, 0xff, 0xff,
    0xf1, 0x0, 0x0, 0x9f, 0xff, 0xf8, 0x3f, 0xff,
    0xff, 0x10, 0x0, 0x9, 0xff, 0xff, 0x83, 0xff,
    0xff, 0xf1, 0x0, 0x0, 0x9f, 0xff, 0xf8, 0x3f,
    0xff, 0xff, 0x10, 0x0, 0x9, 0xff, 0xff, 0x83,
    0xff, 0xff, 0xf1, 0x0, 0x0, 0x9f, 0xff, 0xf8,
    0x3f, 0xff, 0xff, 0x10, 0x0, 0x9, 0xff, 0xff,
    0x83, 0xff, 0xff, 0xf1, 0x0, 0x0, 0x9f, 0xff,
    0xf8, 0x3f, 0xff, 0xff, 0x10, 0x0, 0x9, 0xff,
    0xff, 0x83, 0xff, 0xff, 0xf1, 0x0, 0x0, 0x9f,
    0xff, 0xf8, 0x3f, 0xff, 0xff, 0x10, 0x0, 0x9,
    0xff, 0xff, 0x83, 0xff, 0xff, 0xf1, 0x0, 0x0,
    0x9f, 0xff, 0xf8, 0x3f, 0xff, 0xff, 0x10, 0x0,
    0x9, 0xff, 0xff, 0x83, 0xff, 0xff, 0xf1, 0x0,
    0x0, 0x9f, 0xff, 0xf8, 0x3f, 0xff, 0xff, 0x10,
    0x0, 0x9, 0xff, 0xff, 0x83, 0xff, 0xff, 0xf1,
    0x0, 0x0, 0x9f, 0xff, 0xf8, 0x2f, 0xff, 0xff,
    0x20, 0x0, 0xa, 0xff, 0xff, 0x71, 0xff, 0xff,
    0xf4, 0x0, 0x0, 0xcf, 0xff, 0xf5, 0xd, 0xff,
    0xff, 0xd1, 0x0, 0x7f, 0xff, 0xff, 0x20, 0x9f,
    0xff, 0xff, 0xfd, 0xef, 0xff, 0xff, 0xd0, 0x2,
    0xff, 0xff, 0xff, 0xff, 0xff, 0xff, 0xf6, 0x0,
    0x6, 0xff, 0xff, 0xff, 0xff, 0xff, 0xfb, 0x0,
    0x0, 0x6, 0xff, 0xff, 0xff, 0xff, 0xfa, 0x0,
    0x0, 0x0, 0x1, 0x8c, 0xef, 0xfd, 0x93, 0x0,
    0x0,

    /* U+0076 "v" */
    0x5f, 0xff, 0xff, 0x0, 0x0, 0x0, 0x2f, 0xff,
    0xfb, 0x3f, 0xff, 0xff, 0x10, 0x0, 0x0, 0x4f,
    0xff, 0xf8, 0xf, 0xff, 0xff, 0x30, 0x0, 0x0,
    0x6f, 0xff, 0xf6, 0xe, 0xff, 0xff, 0x50, 0x0,
    0x0, 0x8f, 0xff, 0xf3, 0xc, 0xff, 0xff, 0x70,
    0x0, 0x0, 0xaf, 0xff, 0xf1, 0x9, 0xff, 0xff,
    0xa0, 0x0, 0x0, 0xdf, 0xff, 0xf0, 0x7, 0xff,
    0xff, 0xc0, 0x0, 0x0, 0xff, 0xff, 0xc0, 0x4,
    0xff, 0xff, 0xe0, 0x0, 0x1, 0xff, 0xff, 0xa0,
    0x2, 0xff, 0xff, 0xf0, 0x0, 0x3, 0xff, 0xff,
    0x70, 0x0, 0xff, 0xff, 0xf2, 0x0, 0x5, 0xff,
    0xff, 0x50, 0x0, 0xdf, 0xff, 0xf4, 0x0, 0x7,
    0xff, 0xff, 0x30, 0x0, 0xbf, 0xff, 0xf6, 0x0,
    0x9, 0xff, 0xff, 0x0, 0x0, 0x8f, 0xff, 0xf8,
    0x0, 0xb, 0xff, 0xfe, 0x0, 0x0, 0x6f, 0xff,
    0xfa, 0x0, 0xd, 0xff, 0xfb, 0x0, 0x0, 0x4f,
    0xff, 0xfc, 0x0, 0xf, 0xff, 0xf9, 0x0, 0x0,
    0x1f, 0xff, 0xfe, 0x0, 0x2f, 0xff, 0xf7, 0x0,
    0x0, 0xf, 0xff, 0xff, 0x10, 0x4f, 0xff, 0xf4,
    0x0, 0x0, 0xc, 0xff, 0xff, 0x30, 0x6f, 0xff,
    0xf2, 0x0, 0x0, 0xa, 0xff, 0xff, 0x50, 0x8f,
    0xff, 0xf0, 0x0, 0x0, 0x8, 0xff, 0xff, 0x70,
    0xaf, 0xff, 0xd0, 0x0, 0x0, 0x5, 0xff, 0xff,
    0x90, 0xcf, 0xff, 0xb0, 0x0, 0x0, 0x3, 0xff,
    0xff, 0xb0, 0xef, 0xff, 0x80, 0x0, 0x0, 0x0,
    0xff, 0xff, 0xd0, 0xff, 0xff, 0x60, 0x0, 0x0,
    0x0, 0xef, 0xff, 0xf2, 0xff, 0xff, 0x30, 0x0,
    0x0, 0x0, 0xcf, 0xff, 0xf6, 0xff, 0xff, 0x10,
    0x0, 0x0, 0x0, 0x9f, 0xff, 0xfa, 0xff, 0xff,
    0x0, 0x0, 0x0, 0x0, 0x7f, 0xff, 0xff, 0xff,
    0xfc, 0x0, 0x0, 0x0, 0x0, 0x5f, 0xff, 0xff,
    0xff, 0xfa, 0x0, 0x0, 0x0, 0x0, 0x2f, 0xff,
    0xff, 0xff, 0xf7, 0x0, 0x0, 0x0, 0x0, 0xf,
    0xff, 0xff, 0xff, 0xf5, 0x0, 0x0, 0x0, 0x0,
    0xd, 0xff, 0xff, 0xff, 0xf3, 0x0, 0x0, 0x0,
    0x0, 0xb, 0xff, 0xff, 0xff, 0xf0, 0x0, 0x0,
    0x0, 0x0, 0x9, 0xff, 0xff, 0xff, 0xe0, 0x0,
    0x0, 0x0, 0x0, 0x6, 0xff, 0xff, 0xff, 0xb0,
    0x0, 0x0,

    /* U+0077 "w" */
    0x3f, 0xff, 0xfd, 0x0, 0x0, 0x4f, 0xff, 0xff,
    0x80, 0x0, 0x9, 0xff, 0xff, 0x2, 0xff, 0xff,
    0xf0, 0x0, 0x6, 0xff, 0xff, 0xfa, 0x0, 0x0,
    0xaf, 0xff, 0xd0, 0xf, 0xff, 0xff, 0x0, 0x0,
    0x7f, 0xff, 0xff, 0xc0, 0x0, 0xc, 0xff, 0xfc,
    0x0, 0xef, 0xff, 0xf1, 0x0, 0x9, 0xff, 0xff,
    0xfd, 0x0, 0x0, 0xdf, 0xff, 0xa0, 0xd, 0xff,
    0xff, 0x30, 0x0, 0xaf, 0xff, 0xff, 0xf0, 0x0,
    0xf, 0xff, 0xf9, 0x0, 0xbf, 0xff, 0xf4, 0x0,
    0xc, 0xff, 0xff, 0xff, 0x0, 0x0, 0xff, 0xff,
    0x70, 0xa, 0xff, 0xff, 0x60, 0x0, 0xdf, 0xff,
    0xff, 0xf2, 0x0, 0x2f, 0xff, 0xf5, 0x0, 0x8f,
    0xff, 0xf7, 0x0, 0xf, 0xff, 0xff, 0xff, 0x30,
    0x3, 0xff, 0xff, 0x40, 0x6, 0xff, 0xff, 0x90,
    0x1, 0xff, 0xff, 0xff, 0xf5, 0x0, 0x4f, 0xff,
    0xf2, 0x0, 0x5f, 0xff, 0xfa, 0x0, 0x2f, 0xff,
    0xff, 0xff, 0x60, 0x6, 0xff, 0xff, 0x10, 0x3,
    0xff, 0xff, 0xc0, 0x4, 0xff, 0xff, 0xff, 0xf8,
    0x0, 0x7f, 0xff, 0xf0, 0x0, 0x2f, 0xff, 0xfd,
    0x0, 0x5f, 0xff, 0xdf, 0xff, 0x90, 0x9, 0xff,
    0xfd, 0x0, 0x0, 0xff, 0xff, 0xe0, 0x7, 0xff,
    0xf9, 0xff, 0xfb, 0x0, 0xaf, 0xff, 0xc0, 0x0,
    0xe, 0xff, 0xff, 0x0, 0x8f, 0xff, 0x6f, 0xff,
    0xc0, 0xc, 0xff, 0xfa, 0x0, 0x0, 0xdf, 0xff,
    0xf1, 0xa, 0xff, 0xf3, 0xff, 0xfe, 0x0, 0xdf,
    0xff, 0x80, 0x0, 0xb, 0xff, 0xff, 0x30, 0xbf,
    0xff, 0x1e, 0xff, 0xf0, 0xf, 0xff, 0xf7, 0x0,
    0x0, 0xaf, 0xff, 0xf4, 0xd, 0xff, 0xf0, 0xcf,
    0xff, 0x10, 0xff, 0xff, 0x50, 0x0, 0x8, 0xff,
    0xff, 0x60, 0xef, 0xfd, 0xb, 0xff, 0xf3, 0x1f,
    0xff, 0xf4, 0x0, 0x0, 0x6f, 0xff, 0xf7, 0xf,
    0xff, 0xc0, 0x9f, 0xff, 0x43, 0xff, 0xff, 0x20,
    0x0, 0x5, 0xff, 0xff, 0x81, 0xff, 0xfa, 0x7,
    0xff, 0xf6, 0x4f, 0xff, 0xf0, 0x0, 0x0, 0x3f,
    0xff, 0xfa, 0x3f, 0xff, 0x80, 0x6f, 0xff, 0x76,
    0xff, 0xff, 0x0, 0x0, 0x2, 0xff, 0xff, 0xb4,
    0xff, 0xf7, 0x4, 0xff, 0xf9, 0x7f, 0xff, 0xd0,
    0x0, 0x0, 0xf, 0xff, 0xfd, 0x6f, 0xff, 0x50,
    0x2f, 0xff, 0xa9, 0xff, 0xfc, 0x0, 0x0, 0x0,
    0xef, 0xff, 0xe8, 0xff, 0xf3, 0x1, 0xff, 0xfc,
    0xaf, 0xff, 0xa0, 0x0, 0x0, 0xd, 0xff, 0xff,
    0x9f, 0xff, 0x20, 0xf, 0xff, 0xdb, 0xff, 0xf8,
    0x0, 0x0, 0x0, 0xbf, 0xff, 0xfc, 0xff, 0xf0,
    0x0, 0xdf, 0xff, 0xdf, 0xff, 0x70, 0x0, 0x0,
    0xa, 0xff, 0xff, 0xff, 0xfe, 0x0, 0xc, 0xff,
    0xff, 0xff, 0xf5, 0x0, 0x0, 0x0, 0x8f, 0xff,
    0xff, 0xff, 0xd0, 0x0, 0xaf, 0xff, 0xff, 0xff,
    0x40, 0x0, 0x0, 0x6, 0xff, 0xff, 0xff, 0xfb,
    0x0, 0x8, 0xff, 0xff, 0xff, 0xf2, 0x0, 0x0,
    0x0, 0x5f, 0xff, 0xff, 0xff, 0x90, 0x0, 0x7f,
    0xff, 0xff, 0xff, 0x0, 0x0, 0x0, 0x3, 0xff,
    0xff, 0xff, 0xf8, 0x0, 0x5, 0xff, 0xff, 0xff,
    0xf0, 0x0, 0x0, 0x0, 0x2f, 0xff, 0xff, 0xff,
    0x60, 0x0, 0x3f, 0xff, 0xff, 0xfd, 0x0, 0x0,
    0x0, 0x0, 0xff, 0xff, 0xff, 0xf4, 0x0, 0x2,
    0xff, 0xff, 0xff, 0xc0, 0x0, 0x0, 0x0, 0xe,
    0xff, 0xff, 0xff, 0x30, 0x0, 0xf, 0xff, 0xff,
    0xfa, 0x0, 0x0,

    /* U+0078 "x" */
    0xf, 0xff, 0xff, 0x80, 0x0, 0x0, 0x7, 0xff,
    0xff, 0x70, 0xaf, 0xff, 0xfd, 0x0, 0x0, 0x0,
    0xdf, 0xff, 0xf2, 0x5, 0xff, 0xff, 0xf3, 0x0,
    0x0, 0x2f, 0xff, 0xfc, 0x0, 0xe, 0xff, 0xff,
    0x80, 0x0, 0x7, 0xff, 0xff, 0x70, 0x0, 0x9f,
    0xff, 0xfd, 0x0, 0x0, 0xdf, 0xff, 0xf1, 0x0,
    0x4, 0xff, 0xff, 0xf2, 0x0, 0x2f, 0xff, 0xfb,
    0x0, 0x0, 0xe, 0xff, 0xff, 0x70, 0x7, 0xff,
    0xff, 0x60, 0x0, 0x0, 0x9f, 0xff, 0xfc, 0x0,
    0xcf, 0xff, 0xf1, 0x0, 0x0, 0x3, 0xff, 0xff,
    0xf2, 0x2f, 0xff, 0xfb, 0x0, 0x0, 0x0, 0xd,
    0xff, 0xff, 0x77, 0xff, 0xff, 0x50, 0x0, 0x0,
    0x0, 0x8f, 0xff, 0xfc, 0xcf, 0xff, 0xf0, 0x0,
    0x0, 0x0, 0x2, 0xff, 0xff, 0xff, 0xff, 0xfa,
    0x0, 0x0, 0x0, 0x0, 0xd, 0xff, 0xff, 0xff,
    0xff, 0x40, 0x0, 0x0, 0x0, 0x0, 0x7f, 0xff,
    0xff, 0xff, 0xe0, 0x0, 0x0, 0x0, 0x0, 0x1,
    0xff, 0xff, 0xff, 0xf9, 0x0, 0x0, 0x0, 0x0,
    0x0, 0xc, 0xff, 0xff, 0xff, 0x30, 0x0, 0x0,
    0x0, 0x0, 0x0, 0x7f, 0xff, 0xff, 0xf0, 0x0,
    0x0, 0x0, 0x0, 0x0, 0xb, 0xff, 0xff, 0xff,
    0x20, 0x0, 0x0, 0x0, 0x0, 0x1, 0xff, 0xff,
    0xff, 0xf8, 0x0, 0x0, 0x0, 0x0, 0x0, 0x6f,
    0xff, 0xff, 0xff, 0xd0, 0x0, 0x0, 0x0, 0x0,
    0xb, 0xff, 0xff, 0xff, 0xff, 0x30, 0x0, 0x0,
    0x0, 0x1, 0xff, 0xff, 0xff, 0xff, 0xf9, 0x0,
    0x0, 0x0, 0x0, 0x7f, 0xff, 0xfa, 0xff, 0xff,
    0xe0, 0x0, 0x0, 0x0, 0xc, 0xff, 0xff, 0x1f,
    0xff, 0xff, 0x40, 0x0, 0x0, 0x2, 0xff, 0xff,
    0xa0, 0xbf, 0xff, 0xf9, 0x0, 0x0, 0x0, 0x7f,
    0xff, 0xf5, 0x5, 0xff, 0xff, 0xf0, 0x0, 0x0,
    0xd, 0xff, 0xff, 0x0, 0x1f, 0xff, 0xff, 0x50,
    0x0, 0x3, 0xff, 0xff, 0xa0, 0x0, 0xbf, 0xff,
    0xfa, 0x0, 0x0, 0x8f, 0xff, 0xf5, 0x0, 0x6,
    0xff, 0xff, 0xf0, 0x0, 0xe, 0xff, 0xff, 0x0,
    0x0, 0x1f, 0xff, 0xff, 0x60, 0x3, 0xff, 0xff,
    0xa0, 0x0, 0x0, 0xbf, 0xff, 0xfb, 0x0, 0x9f,
    0xff, 0xf5, 0x0, 0x0, 0x6, 0xff, 0xff, 0xf1,
    0xe, 0xff, 0xff, 0x0, 0x0, 0x0, 0x1f, 0xff,
    0xff, 0x64, 0xff, 0xff, 0xa0, 0x0, 0x0, 0x0,
    0xcf, 0xff, 0xfc,

    /* U+0079 "y" */
    0x6f, 0xff, 0xff, 0x30, 0x0, 0x0, 0xc, 0xff,
    0xff, 0x51, 0xff, 0xff, 0xf7, 0x0, 0x0, 0x1,
    0xff, 0xff, 0xf0, 0xb, 0xff, 0xff, 0xc0, 0x0,
    0x0, 0x6f, 0xff, 0xfa, 0x0, 0x6f, 0xff, 0xff,
    0x10, 0x0, 0xa, 0xff, 0xff, 0x50, 0x1, 0xff,
    0xff, 0xf5, 0x0, 0x0, 0xef, 0xff, 0xf0, 0x0,
    0xc, 0xff, 0xff, 0xa0, 0x0, 0x3f, 0xff, 0xfa,
    0x0, 0x0, 0x7f, 0xff, 0xfe, 0x0, 0x8, 0xff,
    0xff, 0x50, 0x0, 0x1, 0xff, 0xff, 0xf3, 0x0,
    0xdf, 0xff, 0xf0, 0x0, 0x0, 0xc, 0xff, 0xff,
    0x70, 0x1f, 0xff, 0xfb, 0x0, 0x0, 0x0, 0x7f,
    0xff, 0xfc, 0x6, 0xff, 0xff, 0x60, 0x0, 0x0,
    0x2, 0xff, 0xff, 0xf1, 0xaf, 0xff, 0xf1, 0x0,
    0x0, 0x0, 0xc, 0xff, 0xff, 0x6f, 0xff, 0xfb,
    0x0, 0x0, 0x0, 0x0, 0x7f, 0xff, 0xfe, 0xff,
    0xff, 0x60, 0x0, 0x0, 0x0, 0x2, 0xff, 0xff,
    0xff, 0xff, 0xf1, 0x0, 0x0, 0x0, 0x0, 0xd,
    0xff, 0xff, 0xff, 0xfb, 0x0, 0x0, 0x0, 0x0,
    0x0, 0x8f, 0xff, 0xff, 0xff, 0x60, 0x0, 0x0,
    0x0, 0x0, 0x2, 0xff, 0xff, 0xff, 0xf1, 0x0,
    0x0, 0x0, 0x0, 0x0, 0xd, 0xff, 0xff, 0xfc,
    0x0, 0x0, 0x0, 0x0, 0x0, 0x0, 0x8f, 0xff,
    0xff, 0x60, 0x0, 0x0, 0x0, 0x0, 0x0, 0x3,
    0xff, 0xff, 0xf2, 0x0, 0x0, 0x0, 0x0, 0x0,
    0x0, 0x3f, 0xff, 0xff, 0x10, 0x0, 0x0, 0x0,
    0x0, 0x0, 0x3, 0xff, 0xff, 0xf1, 0x0, 0x0,
    0x0, 0x0, 0x0, 0x0, 0x3f, 0xff, 0xff, 0x10,
    0x0, 0x0, 0x0, 0x0, 0x0, 0x3, 0xff, 0xff,
    0xf1, 0x0, 0x0, 0x0, 0x0, 0x0, 0x0, 0x3f,
    0xff, 0xff, 0x10, 0x0, 0x0, 0x0, 0x0, 0x0,
    0x3, 0xff, 0xff, 0xf1, 0x0, 0x0, 0x0, 0x0,
    0x0, 0x0, 0x3f, 0xff, 0xff, 0x10, 0x0, 0x0,
    0x0, 0x0, 0x0, 0x3, 0xff, 0xff, 0xf1, 0x0,
    0x0, 0x0, 0x0, 0x0, 0x0, 0x3f, 0xff, 0xff,
    0x10, 0x0, 0x0, 0x0, 0x0, 0x0, 0x3, 0xff,
    0xff, 0xf1, 0x0, 0x0, 0x0, 0x0, 0x0, 0x0,
    0x3f, 0xff, 0xff, 0x10, 0x0, 0x0, 0x0, 0x0,
    0x0, 0x3, 0xff, 0xff, 0xf1, 0x0, 0x0, 0x0,
    0x0, 0x0, 0x0, 0x3f, 0xff, 0xff, 0x10, 0x0,
    0x0, 0x0, 0x0, 0x0, 0x3, 0xff, 0xff, 0xf1,
    0x0, 0x0, 0x0,

    /* U+007A "z" */
    0x9, 0xff, 0xff, 0xff, 0xff, 0xff, 0xff, 0xff,
    0x60, 0x9f, 0xff, 0xff, 0xff, 0xff, 0xff, 0xff,
    0xf6, 0x9, 0xff, 0xff, 0xff, 0xff, 0xff, 0xff,
    0xff, 0x60, 0x9f, 0xff, 0xff, 0xff, 0xff, 0xff,
    0xff, 0xf6, 0x7, 0xcc, 0xcc, 0xcc, 0xcc, 0xdf,
    0xff, 0xff, 0x50, 0x0, 0x0, 0x0, 0x0, 0x9,
    0xff, 0xff, 0xf1, 0x0, 0x0, 0x0, 0x0, 0x0,
    0xff, 0xff, 0xfa, 0x0, 0x0, 0x0, 0x0, 0x0,
    0x6f, 0xff, 0xff, 0x40, 0x0, 0x0, 0x0, 0x0,
    0xc, 0xff, 0xff, 0xd0, 0x0, 0x0, 0x0, 0x0,
    0x2, 0xff, 0xff, 0xf7, 0x0, 0x0, 0x0, 0x0,
    0x0, 0x9f, 0xff, 0xff, 0x10, 0x0, 0x0, 0x0,
    0x0, 0xf, 0xff, 0xff, 0xa0, 0x0, 0x0, 0x0,
    0x0, 0x6, 0xff, 0xff, 0xf4, 0x0, 0x0, 0x0,
    0x0, 0x0, 0xcf, 0xff, 0xfd, 0x0, 0x0, 0x0,
    0x0, 0x0, 0x2f, 0xff, 0xff, 0x70, 0x0, 0x0,
    0x0, 0x0, 0x9, 0xff, 0xff, 0xf1, 0x0, 0x0,
    0x0, 0x0, 0x0, 0xff, 0xff, 0xfa, 0x0, 0x0,
    0x0, 0x0, 0x0, 0x6f, 0xff, 0xff, 0x40, 0x0,
    0x0, 0x0, 0x0, 0xc, 0xff, 0xff, 0xd0, 0x0,
    0x0, 0x0, 0x0, 0x2, 0xff, 0xff, 0xf7, 0x0,
    0x0, 0x0, 0x0, 0x0, 0x9f, 0xff, 0xff, 0x10,
    0x0, 0x0, 0x0, 0x0, 0xe, 0xff, 0xff, 0xa0,
    0x0, 0x0, 0x0, 0x0, 0x6, 0xff, 0xff, 0xf4,
    0x0, 0x0, 0x0, 0x0, 0x0, 0xcf, 0xff, 0xfd,
    0x0, 0x0, 0x0, 0x0, 0x0, 0x2f, 0xff, 0xff,
    0x70, 0x0, 0x0, 0x0, 0x0, 0x9, 0xff, 0xff,
    0xf1, 0x0, 0x0, 0x0, 0x0, 0x0, 0xef, 0xff,
    0xfa, 0x0, 0x0, 0x0, 0x0, 0x0, 0x5f, 0xff,
    0xff, 0x40, 0x0, 0x0, 0x0, 0x0, 0xc, 0xff,
    0xff, 0xd0, 0x0, 0x0, 0x0, 0x0, 0x1, 0xff,
    0xff, 0xfe, 0xcc, 0xcc, 0xcc, 0xcc, 0xc4, 0x1f,
    0xff, 0xff, 0xff, 0xff, 0xff, 0xff, 0xff, 0x61,
    0xff, 0xff, 0xff, 0xff, 0xff, 0xff, 0xff, 0xf6,
    0x1f, 0xff, 0xff, 0xff, 0xff, 0xff, 0xff, 0xff,
    0x61, 0xff, 0xff, 0xff, 0xff, 0xff, 0xff, 0xff,
    0xf6,

    /* U+00B0 "°" */
    0x0, 0x2, 0xae, 0xfe, 0xb4, 0x0, 0x0, 0x6,
    0xff, 0xff, 0xff, 0xf9, 0x0, 0x5, 0xff, 0xff,
    0xff, 0xff, 0xf8, 0x0, 0xef, 0xff, 0xd9, 0xcf,
    0xff, 0xf2, 0x4f, 0xff, 0xa0, 0x0, 0x7f, 0xff,
    0x77, 0xff, 0xf3, 0x0, 0x0, 0xff, 0xfa, 0x7f,
    0xff, 0x30, 0x0, 0xf, 0xff, 0xa4, 0xff, 0xfa,
    0x0, 0x7, 0xff, 0xf7, 0xe, 0xff, 0xfd, 0x9c,
    0xff, 0xff, 0x20, 0x5f, 0xff, 0xff, 0xff, 0xff,
    0x80, 0x0, 0x6f, 0xff, 0xff, 0xff, 0x90, 0x0,
    0x0, 0x2a, 0xef, 0xeb, 0x40, 0x0
};


/*---------------------
 *  GLYPH DESCRIPTION
 *--------------------*/

static const lv_font_fmt_txt_glyph_dsc_t font_bebas_48_glyph_dsc[] = {
    {.bitmap_index = 0, .adv_w = 0, .box_w = 0, .box_h = 0, .ofs_x = 0, .ofs_y = 0} /* id = 0 reserved */,
    {.bitmap_index = 0, .adv_w = 123, .box_w = 0, .box_h = 0, .ofs_x = 0, .ofs_y = 0},
    {.bitmap_index = 0, .adv_w = 452, .box_w = 26, .box_h = 34, .ofs_x = 1, .ofs_y = 0},
    {.bitmap_index = 442, .adv_w = 307, .box_w = 17, .box_h = 17, .ofs_x = 1, .ofs_y = 8},
    {.bitmap_index = 587, .adv_w = 144, .box_w = 7, .box_h = 12, .ofs_x = 1, .ofs_y = -6},
    {.bitmap_index = 629, .adv_w = 207, .box_w = 11, .box_h = 5, .ofs_x = 1, .ofs_y = 14},
    {.bitmap_index = 657, .adv_w = 144, .box_w = 7, .box_h = 6, .ofs_x = 1, .ofs_y = 0},
    {.bitmap_index = 678, .adv_w = 299, .box_w = 19, .box_h = 34, .ofs_x = 0, .ofs_y = 0},
    {.bitmap_index = 1001, .adv_w = 307, .box_w = 17, .box_h = 34, .ofs_x = 1, .ofs_y = 0},
    {.bitmap_index = 1290, .adv_w = 307, .box_w = 12, .box_h = 34, .ofs_x = 3, .ofs_y = 0},
    {.bitmap_index = 1494, .adv_w = 307, .box_w = 17, .box_h = 34, .ofs_x = 1, .ofs_y = 0},
    {.bitmap_index = 1783, .adv_w = 307, .box_w = 17, .box_h = 34, .ofs_x = 1, .ofs_y = 0},
    {.bitmap_index = 2072, .adv_w = 307, .box_w = 19, .box_h = 34, .ofs_x = 0, .ofs_y = 0},
    {.bitmap_index = 2395, .adv_w = 307, .box_w = 17, .box_h = 34, .ofs_x = 1, .ofs_y = 0},
    {.bitmap_index = 2684, .adv_w = 307, .box_w = 17, .box_h = 34, .ofs_x = 1, .ofs_y = 0},
    {.bitmap_index = 2973, .adv_w = 307, .box_w = 17, .box_h = 34, .ofs_x = 1, .ofs_y = 0},
    {.bitmap_index = 3262, .adv_w = 307, .box_w = 17, .box_h = 34, .ofs_x = 1, .ofs_y = 0},
    {.bitmap_index = 3551, .adv_w = 307, .box_w = 17, .box_h = 34, .ofs_x = 1, .ofs_y = 0},
    {.bitmap_index = 3840, .adv_w = 144, .box_w = 7, .box_h = 24, .ofs_x = 1, .ofs_y = 0},
    {.bitmap_index = 3924, .adv_w = 144, .box_w = 7, .box_h = 30, .ofs_x = 1, .ofs_y = -6},
    {.bitmap_index = 4029, .adv_w = 308, .box_w = 19, .box_h = 34, .ofs_x = 0, .ofs_y = 0},
    {.bitmap_index = 4352, .adv_w = 310, .box_w = 18, .box_h = 34, .ofs_x = 1, .ofs_y = 0},
    {.bitmap_index = 4658, .adv_w = 294, .box_w = 17, .box_h = 34, .ofs_x = 1, .ofs_y = 0},
    {.bitmap_index = 4947, .adv_w = 312, .box_w = 17, .box_h = 34, .ofs_x = 1, .ofs_y = 0},
    {.bitmap_index = 5236, .adv_w = 279, .box_w = 16, .box_h = 34, .ofs_x = 1, .ofs_y = 0},
    {.bitmap_index = 5508, .adv_w = 264, .box_w = 15, .box_h = 34, .ofs_x = 1, .ofs_y = 0},
    {.bitmap_index = 5763, .adv_w = 300, .box_w = 17, .box_h = 34, .ofs_x = 1, .ofs_y = 0},
    {.bitmap_index = 6052, .adv_w = 323, .box_w = 18, .box_h = 34, .ofs_x = 1, .ofs_y = 0},
    {.bitmap_index = 6358, .adv_w = 147, .box_w = 7, .box_h = 34, .ofs_x = 1, .ofs_y = 0},
    {.bitmap_index = 6477, .adv_w = 204, .box_w = 11, .box_h = 34, .ofs_x = 0, .ofs_y = 0},
    {.bitmap_index = 6664, .adv_w = 318, .box_w = 19, .box_h = 34, .ofs_x = 1, .ofs_y = 0},
    {.bitmap_index = 6987, .adv_w = 264, .box_w = 15, .box_h = 34, .ofs_x = 1, .ofs_y = 0},
    {.bitmap_index = 7242, .adv_w = 413, .box_w = 23, .box_h = 34, .ofs_x = 1, .ofs_y = 0},
    {.bitmap_index = 7633, .adv_w = 328, .box_w = 18, .box_h = 34, .ofs_x = 1, .ofs_y = 0},
    {.bitmap_index = 7939, .adv_w = 307, .box_w = 17, .box_h = 34, .ofs_x = 1, .ofs_y = 0},
    {.bitmap_index = 8228, .adv_w = 296, .box_w = 17, .box_h = 34, .ofs_x = 1, .ofs_y = 0},
    {.bitmap_index = 8517, .adv_w = 307, .box_w = 18, .box_h = 37, .ofs_x = 1, .ofs_y = -3},
    {.bitmap_index = 8850, .adv_w = 310, .box_w = 18, .box_h = 34, .ofs_x = 1, .ofs_y = 0},
    {.bitmap_index = 9156, .adv_w = 286, .box_w = 16, .box_h = 34, .ofs_x = 1, .ofs_y = 0},
    {.bitmap_index = 9428, .adv_w = 280, .box_w = 17, .box_h = 34, .ofs_x = 0, .ofs_y = 0},
    {.bitmap_index = 9717, .adv_w = 309, .box_w = 17, .box_h = 34, .ofs_x = 1, .ofs_y = 0},
    {.bitmap_index = 10006, .adv_w = 293, .box_w = 18, .box_h = 34, .ofs_x = 0, .ofs_y = 0},
    {.bitmap_index = 10312, .adv_w = 428, .box_w = 27, .box_h = 34, .ofs_x = 0, .ofs_y = 0},
    {.bitmap_index = 10771, .adv_w = 312, .box_w = 19, .box_h = 34, .ofs_x = 0, .ofs_y = 0},
    {.bitmap_index = 11094, .adv_w = 303, .box_w = 19, .box_h = 34, .ofs_x = 0, .ofs_y = 0},
    {.bitmap_index = 11417, .adv_w = 278, .box_w = 17, .box_h = 34, .ofs_x = 0, .ofs_y = 0},
    {.bitmap_index = 11706, .adv_w = 308, .box_w = 19, .box_h = 34, .ofs_x = 0, .ofs_y = 0},
    {.bitmap_index = 12029, .adv_w = 310, .box_w = 18, .box_h = 34, .ofs_x = 1, .ofs_y = 0},
    {.bitmap_index = 12335, .adv_w = 294, .box_w = 17, .box_h = 34, .ofs_x = 1, .ofs_y = 0},
    {.bitmap_index = 12624, .adv_w = 312, .box_w = 17, .box_h = 34, .ofs_x = 1, .ofs_y = 0},
    {.bitmap_index = 12913, .adv_w = 279, .box_w = 16, .box_h = 34, .ofs_x = 1, .ofs_y = 0},
    {.bitmap_index = 13185, .adv_w = 264, .box_w = 15, .box_h = 34, .ofs_x = 1, .ofs_y = 0},
    {.bitmap_index = 13440, .adv_w = 300, .box_w = 17, .box_h = 34, .ofs_x = 1, .ofs_y = 0},
    {.bitmap_index = 13729, .adv_w = 323, .box_w = 18, .box_h = 34, .ofs_x = 1, .ofs_y = 0},
    {.bitmap_index = 14035, .adv_w = 147, .box_w = 7, .box_h = 34, .ofs_x = 1, .ofs_y = 0},
    {.bitmap_index = 14154, .adv_w = 204, .box_w = 11, .box_h = 34, .ofs_x = 0, .ofs_y = 0},
    {.bitmap_index = 14341, .adv_w = 318, .box_w = 19, .box_h = 34, .ofs_x = 1, .ofs_y = 0},
    {.bitmap_index = 14664, .adv_w = 264, .box_w = 15, .box_h = 34, .ofs_x = 1, .ofs_y = 0},
    {.bitmap_index = 14919, .adv_w = 413, .box_w = 23, .box_h = 34, .ofs_x = 1, .ofs_y = 0},
    {.bitmap_index = 15310, .adv_w = 328, .box_w = 18, .box_h = 34, .ofs_x = 1, .ofs_y = 0},
    {.bitmap_index = 15616, .adv_w = 307, .box_w = 17, .box_h = 34, .ofs_x = 1, .ofs_y = 0},
    {.bitmap_index = 15905, .adv_w = 296, .box_w = 17, .box_h = 34, .ofs_x = 1, .ofs_y = 0},
    {.bitmap_index = 16194, .adv_w = 307, .box_w = 18, .box_h = 37, .ofs_x = 1, .ofs_y = -3},
    {.bitmap_index = 16527, .adv_w = 310, .box_w = 18, .box_h = 34, .ofs_x = 1, .ofs_y = 0},
    {.bitmap_index = 16833, .adv_w = 286, .box_w = 16, .box_h = 34, .ofs_x = 1, .ofs_y = 0},
    {.bitmap_index = 17105, .adv_w = 280, .box_w = 17, .box_h = 34, .ofs_x = 0, .ofs_y = 0},
    {.bitmap_index = 17394, .adv_w = 309, .box_w = 17, .box_h = 34, .ofs_x = 1, .ofs_y = 0},
    {.bitmap_index = 17683, .adv_w = 293, .box_w = 18, .box_h = 34, .ofs_x = 0, .ofs_y = 0},
    {.bitmap_index = 17989, .adv_w = 428, .box_w = 27, .box_h = 34, .ofs_x = 0, .ofs_y = 0},
    {.bitmap_index = 18448, .adv_w = 312, .box_w = 19, .box_h = 34, .ofs_x = 0, .ofs_y = 0},
    {.bitmap_index = 18771, .adv_w = 303, .box_w = 19, .box_h = 34, .ofs_x = 0, .ofs_y = 0},
    {.bitmap_index = 19094, .adv_w = 278, .box_w = 17, .box_h = 34, .ofs_x = 0, .ofs_y = 0},
    {.bitmap_index = 19383, .adv_w = 307, .box_w = 13, .box_h = 12, .ofs_x = 3, .ofs_y = 22}
};

/*---------------------
 *  CHARACTER MAPPING
 *--------------------*/

static const uint16_t font_bebas_48_unicode_list_0[] = {
    0x0, 0x5
};

/*Collect the unicode lists and glyph_id offsets*/
static const lv_font_fmt_txt_cmap_t font_bebas_48_cmaps[] =
{
    {
        .range_start = 32, .range_length = 6, .glyph_id_start = 1,
        .unicode_list = font_bebas_48_unicode_list_0, .glyph_id_ofs_list = NULL, .list_length = 2, .type = LV_FONT_FMT_TXT_CMAP_SPARSE_TINY
    },
    {
        .range_start = 43, .range_length = 17, .glyph_id_start = 3,
        .unicode_list = NULL, .glyph_id_ofs_list = NULL, .list_length = 0, .type = LV_FONT_FMT_TXT_CMAP_FORMAT0_TINY
    },
    {
        .range_start = 65, .range_length = 26, .glyph_id_start = 20,
        .unicode_list = NULL, .glyph_id_ofs_list = NULL, .list_length = 0, .type = LV_FONT_FMT_TXT_CMAP_FORMAT0_TINY
    },
    {
        .range_start = 97, .range_length = 26, .glyph_id_start = 46,
        .unicode_list = NULL, .glyph_id_ofs_list = NULL, .list_length = 0, .type = LV_FONT_FMT_TXT_CMAP_FORMAT0_TINY
    },
    {
        .range_start = 176, .range_length = 1, .glyph_id_start = 72,
        .unicode_list = NULL, .glyph_id_ofs_list = NULL, .list_length = 0, .type = LV_FONT_FMT_TXT_CMAP_FORMAT0_TINY
    }
};

/*-----------------
 *    KERNING
 *----------------*/


/*Map glyph_ids to kern left classes*/
static const uint8_t font_bebas_48_kern_left_class_mapping[] =
{
    0, 0, 0, 0, 0, 1, 0, 2,
    0, 0, 0, 0, 0, 0, 0, 0,
    0, 0, 0, 0, 3, 4, 5, 6,
    7, 8, 9, 0, 0, 10, 11, 12,
    0, 0, 6, 13, 6, 14, 15, 16,
    17, 18, 19, 20, 21, 22, 3, 4,
    5, 6, 7, 8, 9, 0, 0, 0,
    11, 12, 0, 0, 6, 13, 6, 14,
    15, 16, 17, 18, 19, 20, 21, 22,
    0
};

/*Map glyph_ids to kern right classes*/
static const uint8_t font_bebas_48_kern_right_class_mapping[] =
{
    0, 0, 0, 0, 1, 2, 1, 3,
    0, 0, 0, 0, 0, 0, 0, 0,
    0, 0, 4, 4, 5, 0, 6, 0,
    0, 0, 6, 0, 0, 7, 0, 0,
    0, 0, 6, 0, 6, 0, 8, 9,
    10, 11, 12, 13, 14, 15, 5, 0,
    6, 0, 0, 0, 6, 0, 0, 0,
    0, 0, 0, 0, 6, 0, 6, 0,
    8, 9, 10, 11, 12, 13, 14, 15,
    0
};

/*Kern values between classes*/
static const int8_t font_bebas_48_kern_class_values[] =
{
    0, 0, 0, 0, -15, 0, -48, 0,
    -56, 0, -15, -6, -27, -38, -12, 0,
    0, -108, 0, -19, 0, -35, 0, 8,
    0, 8, 8, 0, 4, 0, 8, -15,
    8, 8, 4, -2, 0, -2, -35, -2,
    -22, -11, 2, -35, 3, 0, 0, 0,
    0, 0, 0, 0, 0, 0, 0, -3,
    -1, -5, -12, 0, 0, 0, 0, 0,
    0, 2, 0, 2, 0, 0, 0, 0,
    -5, -7, 0, -5, 0, 0, 0, -2,
    0, -3, 0, -3, 0, -2, 0, -12,
    -14, 0, 4, 0, 0, 0, 0, 0,
    0, 2, 0, 0, 0, 0, 2, 0,
    2, -56, -4, -23, 0, -25, 0, -39,
    0, 8, 0, 4, 4, 0, 0, 0,
    0, 0, 0, 0, 0, 0, 0, 0,
    0, 0, 0, 0, -10, -12, 0, -2,
    0, -8, 0, -2, 0, 0, 0, 0,
    0, 0, 0, 0, 0, 0, 4, -27,
    0, 4, 0, -12, 0, -5, 0, -1,
    0, 0, 0, 0, 0, 8, -56, 8,
    8, 3, -3, 8, 0, -60, 0, -35,
    -13, 0, -68, 0, -71, 0, -50, 0,
    -27, 0, -44, 3, 2, 0, 0, 0,
    -9, -4, -2, 4, 0, 8, 4, 0,
    0, 0, 0, -2, 0, -3, -2, 0,
    -12, 0, 0, -3, 0, 0, -2, 0,
    0, 0, 0, 0, 0, 0, -5, -5,
    0, -56, -56, -35, -27, -35, -3, -39,
    0, 8, 0, 3, 3, 0, 3, 0,
    -2, 0, -8, 0, -2, 0, 0, 0,
    0, 0, 0, 0, -1, 0, 0, -41,
    -15, -19, -12, -22, -2, -37, 0, 3,
    0, 4, 4, 0, 0, 0, -19, -6,
    0, -4, -11, 0, -16, 0, 3, 0,
    4, 4, 0, 0, 0, 4, -27, 8,
    4, 2, -12, 0, -5, 0, -1, 0,
    0, 0, 0, 0, -71, -38, -42, -31,
    -35, -14, -45, -12, 3, 0, 0, 0,
    0, 0, 0, 8, -12, 0, 8, 0,
    0, 0, 0, 0, 0, 0, 0, 0,
    0, 4
};


/*Collect the kern class' data in one place*/
static const lv_font_fmt_txt_kern_classes_t font_bebas_48_kern_classes =
{
    .class_pair_values   = font_bebas_48_kern_class_values,
    .left_class_mapping  = font_bebas_48_kern_left_class_mapping,
    .right_class_mapping = font_bebas_48_kern_right_class_mapping,
    .left_class_cnt      = 22,
    .right_class_cnt     = 15,
};

/*--------------------
 *  ALL CUSTOM DATA
 *--------------------*/

#if LVGL_VERSION_MAJOR == 8
/*Store all the custom data of the font*/
static  lv_font_fmt_txt_glyph_cache_t cache;
#endif

#if LVGL_VERSION_MAJOR >= 8
static const lv_font_fmt_txt_dsc_t font_bebas_48_font_dsc = {
#else
static lv_font_fmt_txt_dsc_t font_bebas_48_font_dsc = {
#endif
    .glyph_bitmap = font_bebas_48_glyph_bitmap,
    .glyph_dsc = font_bebas_48_glyph_dsc,
    .cmaps = font_bebas_48_cmaps,
    .kern_dsc = &font_bebas_48_kern_classes,
    .kern_scale = 16,
    .cmap_num = 5,
    .bpp = 4,
    .kern_classes = 1,
    .bitmap_format = 0,
#if LVGL_VERSION_MAJOR == 8
    .cache = &cache
#endif
};



/*-----------------
 *  PUBLIC FONT
 *----------------*/

/*Initialize a public general font descriptor*/
#if LVGL_VERSION_MAJOR >= 8
const lv_font_t font_bebas_48 = {
#else
lv_font_t font_bebas_48 = {
#endif
    .get_glyph_dsc = lv_font_get_glyph_dsc_fmt_txt,    /*Function pointer to get glyph's data*/
    .get_glyph_bitmap = lv_font_get_bitmap_fmt_txt,    /*Function pointer to get glyph's bitmap*/
    .line_height = 40,          /*The maximum line height required by the font*/
    .base_line = 6,             /*Baseline measured from the bottom of the line*/
#if !(LVGL_VERSION_MAJOR == 6 && LVGL_VERSION_MINOR == 0)
    .subpx = LV_FONT_SUBPX_NONE,
#endif
#if LV_VERSION_CHECK(7, 4, 0) || LVGL_VERSION_MAJOR >= 8
    .underline_position = -2,
    .underline_thickness = 4,
#endif
    .dsc = &font_bebas_48_font_dsc,          /*The custom font data. Will be accessed by `get_glyph_bitmap/dsc` */
#if LV_VERSION_CHECK(8, 2, 0) || LVGL_VERSION_MAJOR >= 9
    .fallback = NULL,
#endif
    .user_data = NULL,
};



#endif /*#if FONT_BEBAS_48*/

